lemma	pos	semantic_tags
a	noun	Z5
a	prep	Z5
A.	noun	N4
A.	num	N4
a.	noun	N4
a.	num	N4
Aba	pnoun	Z2
Ababuj	pnoun	Z2
abadejo	noun	F1 L2
Abades	pnoun	Z2
Abadiño	pnoun	Z2
Abadía	pnoun	Z2
abadía	noun	S9 H1
Abadín	pnoun	Z2
Abajas	pnoun	Z2
abajo	adv	M6 Z5 N3.1
Abaltzisketa	pnoun	Z2
abandonado	adj	M1 T2- A9- E1%
Abanilla	pnoun	Z2
Abanto	pnoun	Z2
Abartzuza	pnoun	Z2
Abarán	pnoun	Z2
abastecer	verb	A9-
abastos	noun	O2/F1
Abaurregaina	pnoun	Z2
Abaurrepea	pnoun	Z2
abedul	noun	L3
Abegondo	pnoun	Z2
abeja	noun	L2mfn K1 S1.1.3+ S1.2.5+
Abejar	pnoun	Z2
abejorro	noun	L2mfn K1 S1.1.3+ S1.2.5+ X3.2+
Abejuela	pnoun	Z2
Abengibre	pnoun	Z2
Abenójar	pnoun	Z2
Aberin	pnoun	Z2
Abertura	pnoun	Z2
Abezames	pnoun	Z2
Abiego	pnoun	Z2
abiertamente	adv	A10+
abierto	adj	A10+
Abiyán	pnoun	Z2
Abizanda	pnoun	Z2
Abla	pnoun	Z2
ablandado	adj	O4.5
ablandador	noun	O2
ablandar	verb	A2.1
ablandarse	verb	A2.1
Ablanque	pnoun	Z2
Ablitas	pnoun	Z2
abogado	noun	G2.1 I3.2 S2mf
abordado	adj	Q1.2 Q2.2 A1.1.1
aborigen	adj	M7
abrazo	noun	S3.2 S8+ A1.8+ A9+ X2.1 S7.1+/A1.7+
Abrera	pnoun	Z2
abril	noun	T1.3
abrir	verb	A10+
Abrucena	pnoun	Z2
absolutamente	adv	A13.2
absoluto	adj	A5.1+++ A1.7-
absorber	verb	A9+ X2.3+
absorción	noun	A9+ X2.3+
abstenerse	verb	A1.3 A1.8- A9 S9
abstinencia	noun	A1.3 A1.8- A9 S9
abstracción	noun	A1.6 P1 X2 A9+
abstracto	adj	A1.6 C1 X2 Q4.1 A9+
absurdo	adj	S1.2.6-
abuelo	noun	S4fm
abundancia	noun	N5+ A9+
abundante	adj	N3.2
aburrimiento	noun	X5.2-
abusar	verb	E3- Q2.2 G2.2- A1.5.1 A5.1-
Abusejo	pnoun	Z2
abuso	noun	E3- Q2.2 G2.2- A1.5.1 A5.1-
Abuya	pnoun	Z2
Abáigar	pnoun	Z2
Abánades	pnoun	Z2
Abárzuza	pnoun	Z2
acabado	noun	X3.1
acabar	verb	A1.1.1 T2
acacia	noun	L3 B3
academia	noun	P1 H1 S5+c P1 X2.3
académicamente	adv	P1 S2 A1.6 Z5
académico	adj	P1 A1.6 P1 S2mf S5
acariciar	verb	X3.3/E2+ S3.2+
accesible	adj	S1.2.1+ A9+ A12+ M6
acceso	noun	M1 A9+ M7
accidental	adj	A1.4 A7+
accidentalmente	adv	A1.4 A7+
acciones	noun	I1 Q1 S1
acción	noun	A1.1.1 I2.1.2 Q1 S1.2 G3 K4
Acebedo	pnoun	Z2
Acebo	pnoun	Z2
Acedera	pnoun	Z2
Acehúche	pnoun	Z2
aceitar	verb	O1.2 A1.1.1 O1.2 F1
aceite	noun	O1.2 F1
aceitosa	adj	O4.1/F1
aceitoso	adj	X3.1 O4.5
Aceituna	pnoun	Z2
aceituna	noun	F1 L3
aceleración	noun	N3.8+/A2.1
acelerado	adj	N3.8+/A2.1
acelerar	verb	N3.8+/A2.1
aceptar	verb	A9+ X2.5+ S7.4+ S9@
acera	noun	M3 H3
acerca	conj	Z5 M6
Acered	pnoun	Z2
acero	noun	O1.1 O2 S1.2.5+ O4.3
Aceuchal	pnoun	Z2
acético	adj	O1.2/F1
achicoria	noun	F2 L3 F1
aciano	noun	L3 F1 B3
acidez	noun	X3.1 B2
acidificación	noun	X3.1
acidulante	noun	O1
aclarar	verb	A2.1
aclareo	verb	F4 A10+
acoger	verb	A9+ X2.5+ S2
acogida	noun	A9+ X2.5+ S2
acomodaticia	adj	A2.1+/I2
acompañado	adj	S3.1 K2 T1.1.2
acompañamiento	noun	S3.1 F1 A4.1
acompañar	verb	S3.1 A4.1
acondicionado	noun	A1.1.1
aconsejar	verb	Q2.2/S8+ Q2.1/X2.2+ A9- A1.1.1
acordado	adj	A6.1+ Q2.2
acordar	verb	A6.1+ Q2.2
acostumbrado	adj	A6.2+
acostumbrar	verb	A1.1.1
Acra	pnoun	Z2
acre	noun	N3.6 O4.1
acreditar	verb	A5.1+
acreedor	noun	I1.1/S2mf I1.1/S5+c
actitud	noun	A5 S1.1 X2.1 E1 P1
activamente	adv	A1.1.1 X5.2 Z5 P1
activar	verb	A1.1.1
actividad	noun	S1.1 I2.1 A1.1.1 K5.1
actividades	noun	S1.1 I1
activo	adj	A1.1.1 X5.2+ S3.2
activo	noun	I1.1 A1.5.2+
acto	noun	S1.1 T1.1 K4
actor	noun	K4 S2.2m A1.1.1 S2mf
actriz	noun	K4 S2.1f
actuación	noun	K2 K4 A1.1.1
actual	adj	T1.1.2
actualidad	noun	T1.1.2 A3+
actualización	noun	T1.1.2 A3+
actualizada	adj	T1.1.2
actualizado	adj	T1.1.2 A3+
actualizar	verb	T1.1.2
actualmente	adv	T1.1.2
actual|actualmente	adv	T1
actuar	verb	A1.1.1 T1.1.2 A8 K4
acuerdo	noun	Q1.2 G2.1 S7.1 X2.5 I2.1.2 G1
acumulación	noun	N5+ A9+
acumulado	verb	N5+ A9+
acumular	verb	N5+ A9+
acuoso	adj	O4.5 O4.1
acusado	adj	Q2.2 G2.1
acusar	verb	Q2.2 G2.1
acuñada	adj	A1.1.1/X7+
Adahuesca	pnoun	Z2
Adalia	pnoun	Z2
Adamuz	pnoun	Z2
Adana	pnoun	Z2
Adanero	pnoun	Z2
adaptación	noun	A2.1+ P1
adaptado	adj	A2.1
adaptar	verb	A2.1
adaptarse	verb	A1.1.1
adecuación	noun	A1.2
adecuado	adj	A1.2
Adeje	pnoun	Z2
Adelaida	pnoun	Z2
adelantado	adj	M3 N3.8++
adelantar	verb	M3 N3.8++
adelante	adv	Z5 N3.3
adelanto	noun	M3 N3.8++
adelgazante	adj	B3
adelgazar	verb	B2
Ademuz	pnoun	Z2
además	adv	Z5 N5
adenina	noun	O1
adentro	adv	M6 G2.1 S1.1.3+ Z5
adepto	noun	S1.1.3
aderezo	noun	F1
adeudo	noun	I1.2
adherente	adj	O4.5 A12-
adhesión	noun	A1.7+ S7.1-
adicional	adj	N5++
adicionalmente	adv	N5++
adición	noun	N5++ N2
adiestrar	verb	X7 X5 P1
Adiós	pnoun	Z2
adiós	noun	S1.1.1 Z4
adjetivo	noun	Q3 Z5
adjudicación	noun	A9- I1.3+/A9-
adjudicada	adj	A9- I1.3+/A9-
administración	noun	S7.1+c A9- P1 S5 S7 G1 I1
administrado	verb	S7.1+c A9- P1 S5 S7 G1 I1
administrador	noun	S7.1+c A9- P1 S5 S7 G1 I1
administrativo	adj	S7.1+ G1
admirable	adj	S7.2+ A5.1+
admiración	noun	S7.2+ E2+ A5.1+
admirador	noun	S7.2+ S2mf E2+ S2mf
admirar	verb	S7.2+ E2+ A5.1+
admitido	adj	Q2.2 B3 A1.8+ S7.4+/M1
admitir	verb	Q2.2 B3 A1.8+ S7.4+ M1
adobar	verb	A2.1
Adobes	pnoun	Z2
adoctrinar	verb	X5 X2.3 X4.2 P1
adolecer	verb	E4.1 B2- A5.1-/A2.1
adolescencia	noun	S1 T3- P1
adolescente	adj	S1 T3- S2.1 S2.2 P1 S5
adopción	noun	A9+ S4
adoptado	adj	A9+ S4
adoptar	verb	A9+ S4
Ador	pnoun	Z2
ador	adj	A2.1
adornar	verb	A2.1
adorno	noun	A2.1
adquirido	adj	I2.2
adquirir	verb	I2.2
adquisición	noun	A9+
Adra	pnoun	Z2
Adradas	pnoun	Z2
Adrados	pnoun	Z2
adulto	adj	T3+/S2m
Aduna	pnoun	Z2
adventista	adj	S2.1 S2.2 S5 S9
adversario	noun	S7.3+ S2mf S1.2.1- S2mf
adviento	noun	S9 T1.3
Adén	pnoun	Z2
aeronave	noun	L2 M3 M5
aeropuerto	noun	M5 M7
afectar	verb	A2.1+
Afganistán	pnoun	Z2
afilado	adj	A1.1.1 A5.1+/A2.1
afiliado	adj	S5+/S2mf G1.2/S2mf
afinado	adj	T3
afirmar	verb	Q2.2
afirmó	verb	Q1
aflojar	verb	A1.7-
aflorar	verb	T2
afortunado	adj	A1.4+
africano	adj	Z2  S2mf
afrutada	adj	X3.5/X3.1
afrutado	adj	X3.5 X3.1
afrutamiento	noun	X3.5/X3.1 F1
afuera	adv	M6 S1.1.3- S5- Z5
Agadir	pnoun	Z2
Agaete	pnoun	Z2
agalla	noun	B1 E5+
Agallas	pnoun	Z2
agallas	noun	B1 E5+
agenda	noun	Q1.2/X7+
agente	noun	I2.1 S2mf G1.1 X2.2+ S2mf
agilidad	noun	O4.5 A2.1+ B1
agilizar	verb	O4.5 A2.1+
agitar	verb	M2 M1 E4.1- A2.1+
aglomeración	noun	N5++ S5+c/N5++
aglutinante	adj	O1
agnosticismo	noun	S9- X2.2+
agnóstico	adj	S9- X2.2+ S2mf
Agoitz	pnoun	Z2
Agolada	pnoun	Z2
Agoncillo	pnoun	Z2
Agost	pnoun	Z2
agostar	verb	F4 O4.6
agosto	noun	T1.3
Agra	pnoun	Z2
agradable	adj	O4.2+ X3+ O4.5
agradablemente	adv	X3+
agradar	verb	E4.2+ E2+ X7+
Agramunt	pnoun	Z2
agrario	adj	F4
agravar	verb	A5.1- A2.1
agregado	adj	A2.1
agregar	verb	A2.1
Agres	pnoun	Z2
agresivamente	adv	E3 P1 A2 Z5
agresividad	noun	E3- P1 A2
agresivo	adj	E3- P1 A2
agricultor	noun	F4 S2mf
agricultura	noun	F4
agrio	adj	X3.1
agrupación	noun	A4
agrupado	adj	A4
agrupar	verb	A4
Agrón	pnoun	Z2
agua	noun	F2 O1.2
Aguadulce	pnoun	Z2
Aguarón	pnoun	Z2
Aguasal	pnoun	Z2
Aguascalientes	pnoun	Z2
Aguatón	pnoun	Z2
Aguaviva	pnoun	Z2
Agudo	pnoun	Z2
Aguilafuente	pnoun	Z2
Aguilón	pnoun	Z2
aguja	noun	O2
agujerear	verb	A2.1
agujero	noun	O4.4
Agullana	pnoun	Z2
Agullent	pnoun	Z2
Agulo	pnoun	Z2
Agurain	pnoun	Z2
Agón	pnoun	Z2
Agüero	pnoun	Z2
Agüimes	pnoun	Z2
ah	intj	Z4
Ahigal	pnoun	Z2
Ahillones	pnoun	Z2
Ahmedabad	pnoun	Z2
ahondado	adj	N3.3+/A2.1 N5+/A2.1 O4.3
ahora	adv	T1.1.2 Z4 Z5
ahorrar	verb	I1.1
ahorro	noun	I1.1
ahumada	adj	A2.1
ahumadero	noun	O1.3/F1/M7
ahumado	adj	X3.1 X3.5 O4.1
ahumar	verb	A2.1
ahumar	noun	A2.1
Ahvaz	pnoun	Z2
ahí	adv	M7 M6 T1.2 Z5
Aia	pnoun	Z2
Aiara	pnoun	Z2
Aibar	pnoun	Z2
Aiegi	pnoun	Z2
Aiguafreda	pnoun	Z2
Aiguamúrcia	pnoun	Z2
Aiguaviva	pnoun	Z2
Aigües	pnoun	Z2
Ainzón	pnoun	Z2
aire	noun	O1.3
airear	verb	O1.3 Q4.3 A1.1.1 Q1.1
AIREF	abbr	Z3c
Aisa	pnoun	Z2
aisladamente	adv	A6.1 A1.8 S5 A10 N3.3 Z5
aislado	adj	A6.1- A1.8- S5- A10+ N3.3+
aislamiento	noun	A1.8- S5- A10+
Aitona	pnoun	Z2
Aizarnazabal	pnoun	Z2
Ajalvir	pnoun	Z2
Ajangiz	pnoun	Z2
ajardinada	adj	F4/A1.1.1
ajedrea	noun	L3 F1 B3
ajo	noun	F1 L3
Ajofrín	pnoun	Z2
ajustar	verb	A2.1
ajuste	noun	A2.1
al	prep+art	Z5
Alacant	pnoun	Z2
Alacón	pnoun	Z2
Aladrén	pnoun	Z2
Alaejos	pnoun	Z2
Alagón	pnoun	Z2
Alaior	pnoun	Z2
Alajeró	pnoun	Z2
alambre	noun	O2
Alameda	pnoun	Z2
Alamedilla	pnoun	Z2
Alamillo	pnoun	Z2
Alaminos	pnoun	Z2
Alange	pnoun	Z2
Alanís	pnoun	Z2
Alaquàs	pnoun	Z2
Alaraz	pnoun	Z2
Alarba	pnoun	Z2
Alarcón	pnoun	Z2
alargar	verb	N3.3 T1.3 T1.3+/A2.1
Alarilla	pnoun	Z2
alarma	noun	E5- E6- Q1.1 A15- O2 T1
alarmante	adj	E5- E6-
alarmar	verb	E5- E6-
Alaró	pnoun	Z2
Alatoz	pnoun	Z2
Alba	pnoun	Z2
Albacete	pnoun	Z2
albahaca	noun	L3 F1
Albaida	pnoun	Z2
Albal	pnoun	Z3 O1.1
Albaladejo	pnoun	Z2
Albalatillo	pnoun	Z2
Albalá	pnoun	Z2
Albania	pnoun	Z2
Albanyà	pnoun	Z2
Albares	pnoun	Z2
albaricoque	noun	F1 L3
Albarracín	pnoun	Z2
Albatana	pnoun	Z2
Albatera	pnoun	Z2
Albatàrrec	pnoun	Z2
Albelda	pnoun	Z2
Albendea	pnoun	Z2
Albendiego	pnoun	Z2
Albentosa	pnoun	Z2
albergar	verb	A9+ X2.5+
Alberic	pnoun	Z2
Alberite	pnoun	Z2
alberto	pnoun	Z1
Albesa	pnoun	Z2
Albeta	pnoun	Z2
Albillos	pnoun	Z2
Albinyana	pnoun	Z2
Albiztur	pnoun	Z2
Albocàsser	pnoun	Z2
Alboloduy	pnoun	Z2
Albolote	pnoun	Z2
Albondón	pnoun	Z2
Albons	pnoun	Z2
Alborache	pnoun	Z2
Alboraia	pnoun	Z2
Alboraya	pnoun	Z2
Alborea	pnoun	Z2
Alborge	pnoun	Z2
Albornos	pnoun	Z2
Albox	pnoun	Z2
Albudeite	pnoun	Z2
Albuixech	pnoun	Z2
Alburquerque	pnoun	Z2
Albuñol	pnoun	Z2
Albuñuelas	pnoun	Z2
Albuñán	pnoun	Z2
Albánchez	pnoun	Z2
albóndiga	verb	F1
Alcabón	pnoun	Z2
alcachofa	noun	L3 F1
Alcadozo	pnoun	Z2
Alcaine	pnoun	Z2
Alcalalí	pnoun	Z2
alcalde	noun	G1.2S1.1.3
alcalinizante	adj	O1 B3
alcaloide	noun	O1
Alcampell	pnoun	Z2
Alcanadre	pnoun	Z2
Alcanar	pnoun	Z2
alcance	noun	N3.3 A11.1+ M7 K5.1 M7 B2 M7 G3 N2 W3 A1.7- X9.1+
Alcantarilla	pnoun	Z2
Alcantud	pnoun	Z2
alcanzar	verb	M1 N3.3 X9.2+
Alcanó	pnoun	Z2
Alcaracejos	pnoun	Z2
alcaravea	noun	L3 F1
Alcaraz	pnoun	Z2
Alcarràs	pnoun	Z2
Alcaucín	pnoun	Z2
Alcaudete	pnoun	Z2
Alcazarén	pnoun	Z2
Alcañices	pnoun	Z2
Alcañiz	pnoun	Z2
Alcañizo	pnoun	Z2
Alcoba	pnoun	Z2
Alcobendas	pnoun	Z2
Alcocer	pnoun	Z2
alcohol	noun	O1.2
alcohólico	adj	O1.2 F2+++/S2m
alcohólico	noun	O1.2 F2+++/S2m
Alcohujate	pnoun	Z2
Alcoi	pnoun	Z2
Alcolea	pnoun	Z2
Alcoleja	pnoun	Z2
Alcoletge	pnoun	Z2
Alcollarín	pnoun	Z2
Alconaba	pnoun	Z2
Alconada	pnoun	Z2
Alconchel	pnoun	Z2
Alconera	pnoun	Z2
Alcorcón	pnoun	Z2
Alcorisa	pnoun	Z2
Alcoroches	pnoun	Z2
Alcover	pnoun	Z2
Alcoy	pnoun	Z2
Alcubierre	pnoun	Z2
Alcubillas	pnoun	Z2
Alcublas	pnoun	Z2
Alcuéscar	pnoun	Z2
Alcàsser	pnoun	Z2
Alcántara	pnoun	Z2
Alcóntar	pnoun	Z2
Alcúdia	pnoun	Z2
Aldaia	pnoun	Z2
Aldeacentenera	pnoun	Z2
Aldeacipreste	pnoun	Z2
Aldealafuente	pnoun	Z2
Aldealcorvo	pnoun	Z2
Aldealengua	pnoun	Z2
Aldealices	pnoun	Z2
Aldealpozo	pnoun	Z2
Aldealseñor	pnoun	Z2
Aldeaquemada	pnoun	Z2
Aldearrodrigo	pnoun	Z2
Aldearrubia	pnoun	Z2
Aldeaseca	pnoun	Z2
Aldeasoña	pnoun	Z2
Aldeatejada	pnoun	Z2
Aldehorno	pnoun	Z2
Aldeire	pnoun	Z2
Aldeonte	pnoun	Z2
Aldover	pnoun	Z2
aleccionar	verb	X5 X4.2 P1
aledaño	adj	M6
Aledo	pnoun	Z2
Alegia	pnoun	Z2
alegranza	noun	X3.1/O4.5
alegre	adj	X3.1 O4.5
alegrÍa	verb	E4
Alegría-Dulantzi	pnoun	Z2
Alejandría	pnoun	Z2
Alella	pnoun	Z2
Alemania	noun	M7 Z2
Alemania	pnoun	Z2
alemania	pnoun	Z1
alemán	adj	Z2
alemán	noun	Z2 G1 X6 Q3
alentar	verb	S8+
Alentisque	pnoun	Z2
Alepo	pnoun	Z2
alergia	noun	B2
alergénico	adj	B3
Alerre	pnoun	Z2
alerta	noun	X2.2+ A15- X2.6+ A15- X5.1+ X2.2+
Alesanco	pnoun	Z2
Alesón	pnoun	Z2
Alfacar	pnoun	Z2
Alfafar	pnoun	Z2
Alfafara	pnoun	Z2
Alfajarín	pnoun	Z2
alfalfa	noun	F1 L3 B3
Alfambra	pnoun	Z2
Alfamén	pnoun	Z2
Alfarnate	pnoun	Z2
Alfarnatejo	pnoun	Z2
Alfaro	pnoun	Z2
Alfarp	pnoun	Z2
Alfarrasí	pnoun	Z2
Alfarràs	pnoun	Z2
Alfauir	pnoun	Z2
Alfondeguilla	pnoun	Z2
alfonso	pnoun	Z1m
Alforja	pnoun	Z2
Alforque	pnoun	Z2
Alfoz	pnoun	Z2
Alfántega	pnoun	Z2
Alfés	pnoun	Z2
alga	noun	L3
Algadefe	pnoun	Z2
Algaida	pnoun	Z2
Algar	pnoun	Z2
Algarinejo	pnoun	Z2
Algarra	pnoun	Z2
Algarrobo	pnoun	Z2
algarrobo	noun	F1 L3 B3
Algatocín	pnoun	Z2
Algeciras	pnoun	Z2
Algemesí	pnoun	Z2
Algerri	pnoun	Z2
Algete	pnoun	Z2
Alginet	pnoun	Z2
algo	pron	Z5 Z8
Algodonales	pnoun	Z2
Algodre	pnoun	Z2
algodón	noun	O1.1 X2.3+
Algora	pnoun	Z2
Algorfa	pnoun	Z2
Alguaire	pnoun	Z2
Alguazas	pnoun	Z2
Algueña	pnoun	Z2
alguien	adj	Z5 S2m
alguna	adj	Z5 S2f
alguna	pron	N5 S2.1-f Z8 Z5
algunas	adj	Z5 S2f
alguno	noun	N1m A13.1 S2.2m Z5
alguno	pron	N5 S2.2-m Z8 Z5
algunos	pron	Z5 S2m Z8
Algámitas	pnoun	Z2
algún	adj	Z5 S2m
Alhabia	pnoun	Z2
Alhambra	pnoun	Z2
Alhendín	pnoun	Z2
Alhóndiga	pnoun	Z2
aliado	noun	S1.1.3+ S8+ S5+ S3.1 S2mf S8+ S2mf
Aliaga	pnoun	Z2
Aliaguilla	pnoun	Z2
alianza	noun	S5+c
Alicante	noun	M7 Z2
Alicante	pnoun	Z2
Alicún	pnoun	Z2
aliento	verb	B1
alifático	adj	O1
alifático	noun	O1
Aligarh	pnoun	Z2
alimentación	noun	F1
alimentar	verb	F1
alimentaria	adj	F1
alimentario	adj	F1
alimento	noun	F1
Alins	pnoun	Z2
Alique	pnoun	Z2
Aliseda	pnoun	Z2
Aliud	pnoun	Z2
aliviar	verb	A1.1.1 B3
Alivo	pnoun	Z2
aliñar	verb	A2.1
aliño	noun	F1
Alió	pnoun	Z2
Aljaraque	pnoun	Z2
Aljucén	pnoun	Z2
Alkiza	pnoun	Z2
Allahabad	pnoun	Z2
Allande	pnoun	Z2
Allariz	pnoun	Z2
Allepuz	pnoun	Z2
Aller	pnoun	Z2
Allin	pnoun	Z2
allipebre	noun	F1
Allo	pnoun	Z2
Alloza	pnoun	Z2
Allueva	pnoun	Z2
allá	adv	Z5 N3
allí	adv	Z5 N3
Allín	pnoun	Z2
alma	noun	S9 X1
Almacelles	pnoun	Z2
almacenaje	noun	A9+
almacenamiento	noun	A1.1.1
almacenar	verb	A1.1.1
Almadenejos	pnoun	Z2
Almadrones	pnoun	Z2
Almadén	pnoun	Z2
Almagro	pnoun	Z2
Almajano	pnoun	Z2
Almaluez	pnoun	Z2
Almansa	pnoun	Z2
Almanza	pnoun	Z2
Almar	pnoun	Z3
Almaraz	pnoun	Z2
Almargen	pnoun	Z2
Almarza	pnoun	Z2
Almassora	pnoun	Z2
Almatret	pnoun	Z2
Almaty	pnoun	Z2
Almazora	pnoun	Z2
Almazul	pnoun	Z2
Almazán	pnoun	Z2
Almedina	pnoun	Z2
Almedinilla	pnoun	Z2
Almedíjar	pnoun	Z2
Almegíjar	pnoun	Z2
Almenar	pnoun	Z2
Almenara	pnoun	Z2
Almendra	pnoun	Z2
almendra	noun	F1 L3
Almendral	pnoun	Z2
Almendralejo	pnoun	Z2
Almendros	pnoun	Z2
Almensilla	pnoun	Z2
Almería	pnoun	Z2
almidón	noun	O1
Almiserà	pnoun	Z2
Almochuel	pnoun	Z2
Almoguera	pnoun	Z2
Almogía	pnoun	Z2
almohada	noun	H5 E2+ E3+ B2+ O2
Almohaja	pnoun	Z2
Almoharín	pnoun	Z2
Almoines	pnoun	Z2
Almonte	pnoun	Z2
Almoradí	pnoun	Z2
Almorox	pnoun	Z2
Almoster	pnoun	Z2
Almudaina	pnoun	Z2
Almudévar	pnoun	Z2
almuecín	noun	S2.1 S9
almuerzo	noun	F1
Almuniente	pnoun	Z2
Almuradiel	pnoun	Z2
Almussafes	pnoun	Z2
almuédano	noun	S2.1 S9
Almuñécar	pnoun	Z2
Almàssera	pnoun	Z2
Almáchar	pnoun	Z2
Almócita	pnoun	Z2
Alobras	pnoun	Z2
Alocén	pnoun	Z2
aloe	verb	L3
aloja	verb	A9+ X2.5+
Alonsotegi	pnoun	Z2
Alosno	pnoun	Z2
Alovera	pnoun	Z2
Alozaina	pnoun	Z2
Alp	pnoun	Z2
Alpandeire	pnoun	Z2
Alpanseque	pnoun	Z2
Alpartir	pnoun	Z2
Alpedrete	pnoun	Z2
Alpens	pnoun	Z2
Alpera	pnoun	Z2
Alpes	noun	Z2 M7 O4.6-
Alpeñés	pnoun	Z2
Alpicat	pnoun	Z2
alpino	noun	W3/Z2
Alpuente	pnoun	Z2
Alquife	pnoun	Z2
alquiler	noun	I2.2
Alquézar	pnoun	Z2
alrededor	adv	Z5 M1 M6
Alsacia	noun	Z2 F2 M7
Alsasua	pnoun	Z2
Alsodux	pnoun	Z2
Alt Àneu	pnoun	Z2
alta	adj	S2.2 N3.7+
Altable	pnoun	Z2
Altafulla	pnoun	Z2
altamente	adv	A13.3 N3.7+
altar	noun	O2 H5 S9
Altarejos	pnoun	Z2
altavoz	noun	Q2.1 O3
Altea	pnoun	Z2
alteración	noun	A2.1+ A6.3+ B5
alternar	verb	A2.1
alternativa	noun	A6.1-
alterno	verb	A2.1
altitud	noun	N3.3
alto	adj	N3.7
Altorricón	pnoun	Z2
Altsasu	pnoun	Z2
Altura	pnoun	Z2
altura	noun	N3.7
Altzaga	pnoun	Z2
Altzo	pnoun	Z2
alumbrar	verb	X2.3 X9
alumninio	noun	O1.1
alumno	noun	P1 S2.1 P1 S2.2 P1 S5
Alustante	pnoun	Z2
aluvial	adj	W3
alza	noun	N5+/A2.1 I2.1
Alzira	pnoun	Z2
Alájar	pnoun	Z2
alérgeno	noun	B3
Alía	pnoun	Z2
amable	adj	X3.1 O4.5
amaderado	adj	X3.5 X3.1
amaestramiento	noun	P1 X2.3 X5 X4.1
amaestrar	verb	X5 X4.1 X2.3 P1
amante	noun	S3.2 S2mf E2+ S2mf
amapola	noun	L3 B3
amar	verb	E2+ A2
amargar	verb	X3.5/X3.1
amargo	adj	X3.5 X3.1
amargor	noun	X3.1
amargura	noun	X3.1
amarillento	noun	O4.3
amarillo	adj	O4.3
amarre	noun	Z2 Z1mf Z3c
amarronado	adj	O4.3
amasado	adj	A2.1
amasadora	noun	O3 O2
amasar	verb	A2.1
Amavida	pnoun	Z2
amazona	adj	Z2 S2.1
Amazonas	noun	S2.1f M7 Z2
ambar	adj	O1.1
ambarino	adj	O4.3
Ambel	pnoun	Z2
Amber	pnoun	Z1
Amberes	pnoun	Z2
ambición	noun	X7+
ambiente	noun	H2 S3 E1
ambiguamente	adv	Q3 A7 Z5
ambiguo	adj	Q3 A7-
Ambite	pnoun	Z2
ambos	adj	N5 Z5 S1
ambos	noun	A4
ambulante	adj	M1 S2mf
ambón	noun	O2 H5 S9
amenaza	noun	E3- Q2.2 A15- X2.6+ O4.2- A7+
amenazado	adj	E3- Q2.2 A15- X2.6+ O4.2- A7+
amenazar	verb	E3- Q2.2 A15- X2.6+ O4.2- A7+
Amer	pnoun	Z2
americano	adj	Z2 S2mf
Ames	pnoun	Z2
Ameyugo	pnoun	Z2
Amezketa	pnoun	Z2
Amieva	pnoun	Z2
amigo	noun	S1.2.1+ S3.1 S2mf S2.1 S3 S5 S7 A2
amigos	noun	S1.2.1+ S3.1 S2mf S2.1 S3 S5 S7 A2
amistad	noun	S1.2.1+ S3.1 S3 S5 S7 A2
amistosamente	adv	S1.2.1+ K5.1 S1.2.1 S7.3  K5.2 Z5
amistoso	adj	S1.2.1+ K5.1 S1.2.1+ S7.3- K5.2
Amoeiro	pnoun	Z2
amor	noun	E2+ S3.2 E2+ S2mf A2 A5 E1
amoratado	adj	O4.3
Amorebieta-Etxano	pnoun	Z2
Amoroto	pnoun	Z2
amparado	adj	S8+/A15+ A10-
ampliación	noun	N3.2+/A2.1 A4.2-/A2.1
ampliamente	adv	N5+ A4.2-
ampliar	verb	N5+/A2.1
amplio	adj	X3.5 X3.1 O4.5
Amposta	pnoun	Z2
Ampudia	pnoun	Z2
Ampuero	pnoun	Z2
Amritsar	pnoun	Z2
Amsterdam	noun	Z2 M7
amuleto	noun	O2 S9
Amurrio	pnoun	Z2
Amusco	pnoun	Z2
Amusquillo	pnoun	Z2
Amán	pnoun	Z2
América	noun	Z2 M7
américo	adj	Z2 M7
amónico	adj	O1
Anadón	pnoun	Z2
anagrama	noun	Q3 C1/Q1.1 Q1.2
analizar	verb	X2.4 Y1 A5 I1
analítico	adj	B2 X2.4
analítico	adj	X2.4
anaranjado	adj	O4.3
anaranjar	verb	O4.3
anato	noun	O4.3 O1
Anaya	pnoun	Z2
ancestral	adj	A9+/S4 S4/T1.1.1 N4
ancho	adj	K5.1 N3.7+ N5+ A4.2- A6.3+ X9.2- K5.1 S2mf
Anchuelo	pnoun	Z2
Anchuras	pnoun	Z2
Ancín	pnoun	Z2
Andalucía	noun	M7 Z2 O4.6+
Andalucía	pnoun	M7 Z2 O4.6+
andaluz	adj	Z2 S2.1 S2.2
Andavías	pnoun	Z2
Andilla	pnoun	Z2
andino	adj	Z2
Andoain	pnoun	Z2
Andorra	pnoun	Z2
Andosilla	pnoun	Z2
Andratx	pnoun	Z2
andrés	pnoun	Z1
Andújar	pnoun	Z2
Anento	pnoun	Z2
angelical	adj	S9 L2 E2+ S5+
Anglesola	pnoun	Z2
Anglès	pnoun	Z2
Angola	pnoun	Z2
Anguciana	pnoun	Z2
Anguiano	pnoun	Z2
anguilar	verb	L2/F1
Anguita	pnoun	Z2
Anguix	pnoun	Z2
angustioso	adj	E6- E4.1- B2-
Angón	pnoun	Z2
Angüés	pnoun	Z2
anhelado	adj	E2+
anhídrido	adj	O1
Anievas	pnoun	Z2
animal	noun	L2 L2mfn S5+c O2c
animales	noun	L2 S5+c O2c
animar	verb	S8+
anisado	adj	X3.1
aniversario	noun	T1.2
Aniñón	pnoun	Z2
Ankara	noun	Z2 M7
Ankara	pnoun	Z2
Anna	pnoun	Z2
Anoeta	pnoun	Z2
anotar	verb	Q1.2 K5 Q1.2/A4.2+ Q1.2/X4.2 Y2
Anshan	pnoun	Z2
ansiedad	noun	E6-
Ansoáin	pnoun	Z2
Ansó	pnoun	Z2
Antalya	pnoun	Z2
Antananarivo	pnoun	Z2
Antas	pnoun	Z2
antaño	adv	T1.1.1
ante	prep	Z5 N3
antecedente	noun	N4 A1.1.1 Q3 N2
Antella	pnoun	Z2
antena	noun	B1 L2
antepasado	noun	S4 T1.1.1 N4
Antequera	pnoun	Z2
anterior	adj	O4
anteriormente	adv	T1.1.1
antes	adv	N4 Z5 N3 T1.1
antiadherente	adj	O4.5
antialergénico	adj	B3
antibacteriano	adj	B3
anticancerígeno	adj	B3
anticatarral	adj	B3
anticipado	adj	T4+
anticoagulante	adj	B3
anticongestiva	adj	B3
antiespasmódico	adj	B3
Antigua	pnoun	Z2
antiguamente	adv	T3+
antiguo	adj	T3+
Antigüedad	pnoun	Z2
antiinflamatorio	adj	B3
Antillas	noun	Z2 M7
Antillón	pnoun	Z2
antimicrobial	adj	B3
antioxidante	adj	B3
antioxidante	noun	O1
antiséptico	adj	B3
antitusivo	adj	B3
antiviral	adj	B3
antocianidina	noun	O1
antocianósido	adj	O1
Antonio	noun	S2 Z1
antorcha	noun	O2 S9 X2.1
Antsoain	pnoun	Z2
Antzin	pnoun	Z2
Antzuola	pnoun	Z2
anual	adj	N6
anualmente	adv	N6
Anue	pnoun	Z2
anunciar	verb	Q2.2
anuncio	noun	I2.2/Q2.1 X2.2+ A10+
Anyang	pnoun	Z2
análisis	noun	X2.4 Y1 A5 I1
anécdota	noun	Q2.1
anís	noun	F2 L3
anónimo	adj	A10- Q4.1
añado	adj	N5+/A2.1 N2 A1.8+
año	noun	T1.3 P1c
Aoiz	pnoun	Z2
Aove	pnoun	F1 S4/L2
apalancamiento	noun	A1.1.1-
aparecer	verb	T2
aparente	adj	A8 A11.2+
aparentemente	adv	A8 A11.2+
apartado	noun	N5 Q1.2
apartar	verb	N5 Q1.2
aparte	adv	N5 Q1.2
apasionado	adj	X5.2+ S3.2
apelar	verb	A2.1
apenas	adv	Z5 N3
apetecible	adj	X3.1 E2 O4.2
apetito	noun	F1 B1 X7+
apetitoso	adj	O4.2 X3.1+++
apigenina	noun	O1
apilar	verb	A2.1
apio	noun	F1 L3
aplanado	adj	O4.4
aplanar	verb	A2.1
aplicable	adj	A1.5.1/Y2 A1.1.1
aplicación	noun	A1.5.1 Y2 A1.1.1
aplicado	adj	A1.5.2+ Q2.2 A1.5.1 A1.2+ A1.8+ S7.1+
aplicar	verb	A1.5.1 A1.2+
aportación	noun	A9+
aportar	verb	A9+
aporte	noun	A9- A2.2 S1.1.3+
apostasía	noun	S9 A5.1
apoyar	verb	S3 A2 E3
apoyo	noun	S3 A2 E3
apreciado	adj	S7.2 A5.1
apreciar	verb	E2+ X2.5+ S1.1.1 I1.1++
aprender	verb	X2.3+ P1
aprendiz	noun	S2 P1 S5
aprendizaje	noun	P1 X2.3
apretar	verb	A1.1.1
aprobación	noun	A5 P1 E2+ G1.1 X9.2+ S7.4+
aprobado	adj	A5 P1 E2+ G1.1 X9.2+ S7.4+
aprobar	verb	A5 P1 E2+ G1.1 X9.2+ S7.4+
apropiado	adj	A1.2+ A9+
aprovechamiento	noun	S8+ A1.5.1 S7.1+
aprovechar	verb	S8+ A1.5.1 S7.1+
aprox.	abbr	A13.4
aproximación	noun	X2.1 A7-
aproximadamente	adv	A13.4 X2.1 A7-
aproximados	verb	A13.4
aproximar	verb	A13.4
apto	adj	X9.1+ A1.2+
apuesto	adj	O4.2+
apuntar	verb	Q1.2 A10+
apóstata	noun	S9 A5.1
apóstol	adj	S2.1 S9 S5
aquel	adj	Z5 S2.1
aquel	pron	Z5 A4.1m A6.1m
aquella	adj	Z5 S2.2
aquella	pron	Z8 A4.1-f A6.1-f S2.1f
aquellas	adj	Z5 S2.2
aquellas	pron	Z8 A4.1-f A6.1-f S2.1f
aquellos	adj	Z5 S2.1
aquellos	pron	Z8 A4.1-mf A6.1-mf S2mf
aquí	adv	Z5 M6 N3 T1.1.2 T1.2
ara	noun	H5 S9 O1
Arabia Saudí	noun	Z2 M7 I1 O4.6+ S7 A1.3+
Aracena	pnoun	Z2
Arafo	pnoun	Z2
aragonés	adj	Z2 S2.1 S2.2
Aragón	noun	M7 Z2
Arahal	pnoun	Z2
Arahuetes	pnoun	Z2
Araitz	pnoun	Z2
Arakaldo	pnoun	Z2
Arakil	pnoun	Z2
Arama	pnoun	Z2
Aramaio	pnoun	Z2
Aranarache	pnoun	Z2
Aranaratxe	pnoun	Z2
Arancón	pnoun	Z2
Arandilla	pnoun	Z2
Aranga	pnoun	Z2
Aranguren	pnoun	Z2
Aranjuez	pnoun	Z2
Arano	pnoun	Z2
Arantza	pnoun	Z2
Arantzazu	pnoun	Z2
Aranzueque	pnoun	Z2
Arapiles	pnoun	Z2
Aras	pnoun	Z2
Arañuel	pnoun	Z2
Arbancón	pnoun	Z2
Arbeca	pnoun	Z2
Arbeteta	pnoun	Z2
arbitrario	adj	A1.4
Arbizu	pnoun	Z2
Arbo	pnoun	Z2
Arboleas	pnoun	Z2
Arbolí	pnoun	Z2
arbusto	noun	L3
Arbúcies	pnoun	Z2
Arcas	pnoun	Z2
Arce	pnoun	Z2
Arcediano	pnoun	Z2
Arcenillas	pnoun	Z2
Archena	pnoun	Z2
Archidona	pnoun	Z2
archivo	noun	O2/Q1.2 O2 Y2 S5+/N4
Arcicóllar	pnoun	Z2
arcilloso	adj	O1.1
Arconada	pnoun	Z2
Arcones	pnoun	Z2
Arcos	pnoun	Z2
Ardales	pnoun	Z2
Ardisa	pnoun	Z2
Ardón	pnoun	Z2
Areatza	pnoun	Z2
Arellano	pnoun	Z2
arena	noun	A1.1.1 O1.1 W3
Arenas	pnoun	Z2
Arenillas	pnoun	Z2
Ares	pnoun	Z2
Areso	pnoun	Z2
Aretxabaleta	pnoun	Z2
Arevalillo	pnoun	Z2
Arganza	pnoun	Z2
Argavieso	pnoun	Z2
Argañín	pnoun	Z2
Argecilla	pnoun	Z2
Argel	noun	Z2 M7
Argel	pnoun	Z2
Argelaguer	pnoun	Z2
Argelia	pnoun	Z2
Argelita	pnoun	Z2
Argente	pnoun	Z2
Argentina	noun	Z2 Z3c M7 O4.3
Argentina	pnoun	Z2
argentino	adj	Z2 S2mf
Argentona	pnoun	Z2
Argentum	pnoun	Z3
Argençola	pnoun	Z2
Argoños	pnoun	Z2
Arguedas	pnoun	Z2
Arguis	pnoun	Z2
Arguisuelas	pnoun	Z2
Argujillo	pnoun	Z2
Argés	pnoun	Z2
Aria	pnoun	Z2
Ariany	pnoun	Z2
Aribe	pnoun	Z2
Arico	pnoun	Z2
Arija	pnoun	Z2
Ariza	pnoun	Z2
Ariño	pnoun	Z2
Arjona	pnoun	Z2
Arjonilla	pnoun	Z2
Arlanzón	pnoun	Z2
armado	adj	G3 B1
Armagedon	noun	A1.1.2 S9
Armallones	pnoun	Z2
armas	noun	G1 S7
Armañanzas	pnoun	Z2
Armenia	pnoun	Z2
Armenteros	pnoun	Z2
Armilla	pnoun	Z2
Armiñón	pnoun	Z2
armonioso	adj	S1.2.1+ K2
armonía	noun	S1.2.1+ K2
armonía	noun	S1.2.1+ K2 A6.1+
Armuña	pnoun	Z2
armónico	adj	K2
Arnedillo	pnoun	Z2
Arnedo	pnoun	Z2
Arnes	pnoun	Z2
Arnuero	pnoun	Z2
aro	noun	O2 O2/K5.1 B5 O4.4
Aroche	pnoun	Z2
aroma	noun	X3.5 O1
aromatizante	noun	O1 X3.5
aromatizar	verb	B4
aromático	adj	X3.5
aromático	adj	X3.5
Arona	pnoun	Z2
Arquillinos	pnoun	Z2
Arquillos	pnoun	Z2
arquitecto	noun	H1 I3.2 S2mf X7+ S2mf T2+ S2mf
arquitectura	noun	H1 O4.1
Arrabalde	pnoun	Z2
Arraia-Maeztu	pnoun	Z2
arraigado	adj	A2.2 S4
arraigo	noun	A2.2 S4
Arrancacepas	pnoun	Z2
Arrankudiaga	pnoun	Z2
Arrasate	pnoun	Z2
Arratzu	pnoun	Z2
Arratzua-Ubarrundia	pnoun	Z2
Arrecife	pnoun	Z2
Arredondo	pnoun	Z2
arreglo	noun	Q2.2 S7.1+ O4.1
arrepentido	adj	S9 A2.1+
arrepentimiento	noun	S9 A2.1+
Arres	pnoun	Z2
Arriate	pnoun	Z2
arriba	adv	M6 Z5 N3.1
Arrieta	pnoun	Z2
Arrigorriaga	pnoun	Z2
Arroyomolinos	pnoun	Z2
arroz	noun	L3 F1
Arruazu	pnoun	Z2
Arróniz	pnoun	Z2
Arrúbal	pnoun	Z2
Arsèguel	pnoun	Z2
Artajona	pnoun	Z2
Artana	pnoun	Z2
Artazu	pnoun	Z2
arte	noun	C1 E1 P1
Artea	pnoun	Z2
Arteixo	pnoun	Z2
Artenara	pnoun	Z2
artesanal	adj	C1
artesano	adj	C1
articular	adj	Q2.2 Q2.1
articular	verb	Q2.2 Q2.1
Artieda	pnoun	Z2
artificial	adj	A5.4-
artritis	noun	B2
artrosis	noun	B2
Artzentales	pnoun	Z2
Artzi	pnoun	Z2
Artziniega	pnoun	Z2
Artà	pnoun	Z2
Artés	pnoun	Z2
artículo	noun	O2 Q4 Q4.2 Q3 G2.1 I2.1.1
artístico	adj	C1
Arucas	pnoun	Z2
Arzúa	pnoun	Z2
Arzúa-ulloa	pnoun	Z2
arándano	noun	L3 F1
Arándiga	pnoun	Z2
Arén	pnoun	Z2
Arévalo	pnoun	Z2
asado	adj	A2.1
asalariado	adj	I1.1 I1.1/I3.1
asaltar	verb	E3- G3
asamblea	noun	G1.2
Asansol	pnoun	Z2
asar	verb	A2.1
ASBA	abbr	Z3c
ascendente	adj	A6.2+ A8
ascender	verb	M1 M6/N3.7+ X9.2+/A2.1
ascenso	noun	M1 A2.1 N5+/A2.1 N3.2+/A2.1 S7.1+/A2.1 I1.3+/A2.1
ascensor	noun	H2 B3
asco	noun	E2- O4.2-
Ascó	pnoun	Z2
aseguradora	noun	A1.1.1/A15-
aseguramiento	noun	A1.1.1/A15-
asegurar	verb	A1.1.1 A15-
asesoramiento	noun	Q2.2/S8+ Q2.1/X2.2+
asesorar	verb	Q2.2/S8+ Q2.1/X2.2+
Asia	pnoun	Z2
asiduidad	noun	N6+
asignación	noun	A9- S7.1+
asignar	verb	A9- S7.1+
asignatura	noun	X2.3 P1
asimilar	verb	X2.3+ A6.1+ A2.1 A9+
asimismo	adv	Z5 A4
asistencia	noun	S8+ S8+/S2mf I2.2/S2mf
asistente	noun	S8+ S8+ S2mf I2.2 S2mf
asistir	verb	S1.1.3+
asiático	adj	Z2
Asjabad	pnoun	Z2
asociación	noun	S5+c A6.1+ X2.1 P1 G1 S3
asociado	adj	S5+c A6.1+/X2.1 P1 G1 S3
asombroso	adj	O4.2 A5.1
Aspa	pnoun	Z2
Aspariegos	pnoun	Z2
Asparrena	pnoun	Z2
Aspe	pnoun	Z2
aspecto	noun	A4.1
aspectos	noun	A4 A8 Q4.1
aspirante	noun	T2 P1 S5
aspérula	noun	F1 L3 B3
Assam	pnoun	Z3/F2
Asteasu	pnoun	Z2
Astigarraga	pnoun	Z2
Astorga	pnoun	Z2
astringencia	noun	O4.1
astringente	adj	B3 O4.1
astro	noun	A11.1+ Q1.2 K4 A11.1+ W1 O4.4 A5.1+++ A11.1+ S2mf A5.1 Z3c
astrágalo	noun	L3 B3
Astudillo	pnoun	Z2
asturiano	adj	Z2 S2.1 S2.2
Asturianos	pnoun	Z2
Asturias	noun	M7 Z2
asumir	verb	S7.1+/A2.1 X2.1 A5.4-/A8
Asunción	pnoun	Z2
asunción	noun	A9+ X2.5+ S1.2.1+ S7.4+
asunto	noun	X4.1 Q1.1
así	adv	Z5 A8 N3
Asín	pnoun	Z2
atacar	verb	E3- G3 B2- A1.1.2 Q2.2
Atajate	pnoun	Z2
Atalaya	pnoun	Z2
Atanzón	pnoun	Z2
Atapuerca	pnoun	Z2
ataque	noun	E3-
Ataquines	pnoun	Z2
atar	verb	M2
Atarfe	pnoun	Z2
Atarrabia	pnoun	Z2
Ataun	pnoun	Z2
ataúd	noun	A10.1- A5.1- B2- L1- O2
Atea	pnoun	Z2
Ateca	pnoun	Z2
atejado	adj	O4.3
Atenas	noun	Z2 M7
Atenas	pnoun	Z2
atención	noun	X5.1+ S8+
atención	noun	X5.1+ S8+
atender	verb	X5 X5.1 P1
atendido	adj	X5/X5.1 P1
ateneo	noun	H2 S5 X2.3 P1
ateniense	adj	S2.1 S2.2
atentar	verb	X5.1+ S8+
ateo	adj	S2.1 S2.2 S9- X2.1 A5.1
aterciopelado	adj	X3.1 O4.5 O4.2
Atetz	pnoun	Z2
Atez	pnoun	Z2
ateísmo	noun	S5 X2.1 A5.1
Atienza	pnoun	Z2
Atlanta	pnoun	Z2
Atlántico	noun	Z2 O1.2
atracción	noun	O4.2+ S3.2 O3
atractivo	adj	O4.2+
atractylis	noun	L3
atraer	verb	O4.2+ S3.2 O3
atrapado	adj	A1.7+ A9+
atravesar	verb	M2 M1
atrever	verb	E5+
atribuir	verb	A2.2 Q2.2
atril	noun	H5 S9 O1
atroz	adj	A5.1---
atrás	adv	Z5 N3
Atxondo	pnoun	Z2
atún	noun	F1 L2
Auckland	pnoun	Z2
audencia|audiencia	noun	G2.1 G2.1 H1 S1.1.3+
audiencia	noun	K1/S2mfc S2mfc S1.1.3+
audiovisual	adj	Q4.3 Q1.3
auditor	noun	I2.1.3 S2mf
auditoría	noun	I2.1.1
aula	noun	P1 H2
Aulesti	pnoun	Z2
aumentado	adj	N5+/A2.1
aumentar	verb	N5+ A2.1
aumento	noun	N5+ A2.1 A13 A5
aun	conj	Z5 A14
aunque	conj	Z5 A13
Aurangabad	pnoun	Z2
Auritz	pnoun	Z2
Ausejo	pnoun	Z2
ausencia	noun	S1.1.3- A3- P1
ausente	adj	S1.1.3- A3- P1
Austin	pnoun	Z2
Australia	noun	Z2 M7
Australia	pnoun	Z2
Austria	pnoun	Z2
autenticidad	noun	A5.4+
autobús	noun	M1 K5.2 M3 M3fn
autodidacta	adj	S2 P1
autoevaluación	noun	A5/S5-
Autol	pnoun	Z2
automáticamente	adv	O2 S5- X2.1- X7-
automático	adj	A1.1.1 S5- X2.1- X7- O2 S5- M3fn G3
automóvil	noun	M3
autonomía	noun	G1.1/S7.1+ X6+/S5-
autor	noun	S2.1m Q4.1 C1
autoridad	noun	G1.1c S7.1+ S7.4+
autoridades	noun	S2 G1 S7.1+ S7.4+ X2.2+
autoritariamente	adv	S7.1+ S7.4+ X2.2+
autoritario	adj	S7.1+ P1 S7.4+ X2.2+
autorización	noun	S7.4+ P1
autorizado	adj	S7.4+ P1
autorizar	verb	A1.1.1
auténtico	adj	A5.4+
autóctona	adj	M7 A6.2+
autóctono	noun	M7 A6.2+
autónomo	adj	S5-
auunar	verb	A2.2 A1.8+ A1.1.1
auxiliar	verb	S1.1 X2.3 P1
Auñón	pnoun	Z2
avainillado	adj	X3.5 X3.1
aval	noun	I1.1 S8+
avalado	adj	I1.1 S8+
avalar	verb	I1.1 S8+
avance	noun	A5.1+/A2.1 T2++ A2.1+ M1%
avanzado	adj	M1 A5.1+ A2.1+ I1.1 T4+ S8+ X2.1 T3- A5.1+ Y1 A12- T4- T3+ P1
avanzar	verb	M1 A5.1+/A2.1+ I1.1 T4+ S8+ X2.1 T3- A5.1+ Y1 A12- T4- T3+ P1
avda	verb	M3/H3
ave	noun	L2mfn S2.1f M5 M3
Aveinte	pnoun	Z2
avellana	noun	F1 L3
Avellaneda	pnoun	Z2
avena	noun	F1 L3
avenida	noun	M3 H3 X4.2
aventura	noun	X8+ X5.2+ A15-
aves	noun	L2mfn S2.1f M5 M3
Avilés	pnoun	Z2
Avinyó	pnoun	Z2
aviso	noun	X2.2+ A15- A1.3+
Avià	pnoun	Z2
Avión	pnoun	Z2
avión	noun	L2 M3 M5
avío	noun	B5 F1 A1.5.1
Ayala	pnoun	Z2
Ayamonte	pnoun	Z2
Ayegui	pnoun	Z2
ayer	adv	Z5 T1.1
Ayerbe	pnoun	Z2
Ayllón	pnoun	Z2
Ayna	pnoun	Z2
Ayora	pnoun	Z2
ayuda	noun	I1 A3 S1.2.4 P1 G1 S8+ P1
ayudar	verb	S8+
Ayuela	pnoun	Z2
ayuno	noun	S9
ayuntamiento	noun	G1.1c G1.1 H1 S7.1+ S5+c
Ayódar	pnoun	Z2
Azagra	pnoun	Z2
azahar	noun	F1 L3 B3
Azaila	pnoun	Z2
Azanuy-Alins	pnoun	Z2
azar	noun	A1.4
Azara	pnoun	Z2
Azerbaiyán	pnoun	Z2
Azkoien	pnoun	Z2
Azkoitia	pnoun	Z2
Azlor	pnoun	Z2
Aznalcázar	pnoun	Z2
Aznalcóllar	pnoun	Z2
aznar	pnoun	Z1
Azofra	pnoun	Z2
Azores	noun	Z2 M7 O1.2
Azpeitia	pnoun	Z2
Azuaga	pnoun	Z2
Azuara	pnoun	Z2
azucar	noun	F1
azucarado	adj	X3.1
Azuelo	pnoun	Z2
azul	adj	O4.3
azulado	adj	O4.3
azular	adj	A2.1 O4.3
Azután	pnoun	Z2
Azuébar	pnoun	Z2
azúcar	noun	F1
azúcares	noun	O1
azúcarón	noun	F1
azúl	adj	O4.3
Aín	pnoun	Z2
Aínsa-Sobrarbe	pnoun	Z2
añadido	verb	N5+/A2.1 N2 A1.8+
añadir	verb	A2.1 A1.8+
Añana	pnoun	Z2
Añe	pnoun	Z2
añejo	adj	T3+++ O4.1
añil	adj	O4.3
año	noun	T1 T1.3 N1 P1c
añojo	noun	F1 T3
Añora	pnoun	Z2
Añorbe	pnoun	Z2
años	noun	T1 N1 T1.3 P1c
aún	adv	Z5 T1.1
ácido	adj	X3.1/X3.5
b	noun	Z5
B.	noun	N4
B.	num	N4
b.	noun	N4
b.	num	N4
b12	noun	O1 B3
b6	noun	O1 B3
Babilafuente	pnoun	Z2
babilla	noun	B1 E5+ F1
bacalao	noun	F1 L2 F4
Bacares	pnoun	Z2
Bach	pnoun	Z3c
bachiller	adj	S2.1 P1 S5
bachillerato	noun	T1.3 P1
bacon	noun	F1
bacteriano	adj	L2
bacteriológico	adj	L2
Badajoz	pnoun	Z2
Badalona	pnoun	Z2
Badarán	pnoun	Z2
Badolatosa	pnoun	Z2
Badules	pnoun	Z2
Baena	pnoun	Z2
Baeza	pnoun	Z2
Bagdad	noun	Z2 M7
Bagdad	pnoun	Z2
Bagà	pnoun	Z2
Bagüés	pnoun	Z2
Bahabón	pnoun	Z2
Bahamas	pnoun	Z2
Bahrein	pnoun	Z2
Bahréin	pnoun	Z2
bahía	noun	L2 Q2.1 W3 M4 H2 M5 O4.4 L3
Baides	pnoun	Z2
bailar	verb	K1
bailarín	noun	K1 S2mf
Bailo	pnoun	Z2
Bailén	pnoun	Z2
Baiona	pnoun	Z2
baja	adj	N3.2 S2mf
bajar	verb	N3.7-
bajo	adj	N3.7-
bajo	prep	Z5
bajón	noun	X9.2- M1 N5-/A2.1 K5
Bakaiku	pnoun	Z2
Bakio	pnoun	Z2
Bakú	pnoun	Z2
Balaguer	pnoun	Z2
balance	noun	O4.1/B1 A6.1+ S7.3 I1.1
Balanegra	pnoun	Z2
balanza	noun	N3.2 N4 A4.1 K2 L2 O2 I1.1/I3.1 O1.1
Balazote	pnoun	Z2
Balboa	pnoun	Z2
Balcanes	noun	Z2 M7
Balconchán	pnoun	Z2
balcón	noun	H2
Baldellou	pnoun	Z2
Baleares	noun	Z2 M7
Baleira	pnoun	Z2
Balenyà	pnoun	Z2
Baliarrain	pnoun	Z2
Ballobar	pnoun	Z2
Balmaseda	pnoun	Z2
Balones	pnoun	Z2
Balsareny	pnoun	Z2
balsámico	adj	B3/O1.1 B4/O1.1
balsámico	adj	B3
Baltanás	pnoun	Z2
Baltar	pnoun	Z2
Bamako	pnoun	Z2
Banastás	pnoun	Z2
banca	noun	I2 M7
bancario	adj	I1.1 X2.6+ M1 H1
bancha	verb	F2
banco	noun	I2 M7
banda	noun	K2c A4.1 S5+c O2 B5 O2
Bande	pnoun	Z2
Bandeja	noun	O2
bandera	noun	Q1.1 N5- A2.1 B2- A2.1 H1 O2 H1
Bandung	pnoun	Z2
Bangalore	pnoun	Z2
Bangkok	pnoun	Z2
Bangladesh	pnoun	Z2
Bangladés	pnoun	Z2
Bangui	pnoun	Z2
Banyalbufar	pnoun	Z2
Banyoles	pnoun	Z2
Baoding	pnoun	Z2
Baoji	pnoun	Z2
Baotou	pnoun	Z2
baptisterio	noun	S9 H1
Barakaldo	pnoun	Z2
Baralla	pnoun	Z2
Baraona	pnoun	Z2
barato	adj	I1.3-
Barañain	pnoun	Z2
Barañáin	pnoun	Z2
barba	noun	B1 O4.2
Barbadillo	pnoun	Z2
Barbados	pnoun	Z2
Barbadás	pnoun	Z2
Barbalos	pnoun	Z2
barbaridad	noun	G2.2-
Barbarin	pnoun	Z2
Barbastro	pnoun	Z2
Barbate	pnoun	Z2
Barbens	pnoun	Z2
Barbolla	pnoun	Z2
Barbués	pnoun	Z2
Barbuñales	pnoun	Z2
Barca	pnoun	Z2
Barcarrota	pnoun	Z2
Barcelona	noun	M7 Z2 O4.2+
Barcelona	pnoun	Z2
barcelonés	adj	Z2 S2.1 S2.2
Barceo	pnoun	Z2
Barcience	pnoun	Z2
Barcones	pnoun	Z2
Bardallur	pnoun	Z2
bardana	noun	L3 F1 B3
Bareilly	pnoun	Z2
Bareyo	pnoun	Z2
Bargas	pnoun	Z2
Bargota	pnoun	Z2
Barillas	pnoun	Z2
Barjas	pnoun	Z2
Barlovento	pnoun	Z2
Barquisimeto	pnoun	Z2
Barracas	pnoun	Z2
Barrachina	pnoun	Z2
Barrado	pnoun	Z2
Barranquilla	pnoun	Z2
Barrax	pnoun	Z2
Barreiros	pnoun	Z2
barrica	noun	O2
Barrika	pnoun	Z2
barril	noun	O2
barrio	noun	H1
Barriopedro	pnoun	Z2
Barro	pnoun	Z2
Barromán	pnoun	Z2
Barruecopardo	pnoun	Z2
Barrundia	pnoun	Z2
bartolillo	noun	F1
Barx	pnoun	Z2
Barxeta	pnoun	Z2
Barásoain	pnoun	Z2
Baréin	pnoun	Z2
Basaburua	pnoun	Z2
basado	adj	A2.2 A1.5 A3
basar	verb	A2.2 A1.5 A3
Basardilla	pnoun	Z2
Basauri	pnoun	Z2
Bascuñana	pnoun	Z2
base	noun	H2 M7 Y1 O2 K5.1
Basilea	noun	Z2 M7
Basilea	pnoun	Z2 M7
Basora	pnoun	Z2
Bassella	pnoun	Z2
bastante	adv	N5 A13
bastar	verb	O4.5 S1.2.4- O4.1 X3.3 E3- O4.2- K5.2@
Bastida	pnoun	Z2
batalla	noun	X8+ G3 E3- O2
Batam	pnoun	Z2
Batea	pnoun	Z2
Baterno	pnoun	Z2
batida	adj	A2.1
batido	adj	A2.1
batir	verb	A2.1
Batres	pnoun	Z2
Baumé	pnoun	N3.5
Bausen	pnoun	Z2
baya	noun	F1 L3
Bayarque	pnoun	Z2
Bayárcal	pnoun	Z2
Baza	pnoun	Z2
Baztan	pnoun	Z2
bazuqueo	noun	A1.1.1
Baélls	pnoun	Z2
bañado	adj	B4
bañar	verb	B4
Bañares	pnoun	Z2
Bañobárez	pnoun	Z2
Bañuelos	pnoun	Z2
Bañón	pnoun	Z2
BCBS	abbr	Z3c
BCE	abbr	I4 Z3c
Bea	pnoun	Z2
Beade	pnoun	Z2
Beamud	pnoun	Z2
Beariz	pnoun	Z2
Beas	pnoun	Z2
Beasain	pnoun	Z2
beber	verb	A1.1.1 F2
bebida	noun	A1.1.1/F2
bebé	noun	T3-- Q2.1 T3-- T3-- S2mf E2+mfn
beca	noun	P1 B5 O2
becario	adj	S2.1 S2.2 P1 S5
Becedas	pnoun	Z2
Becedillas	pnoun	Z2
Beceite	pnoun	Z2
Becerreá	pnoun	Z2
bedel	noun	S2.1 P1 S5
Bedia	pnoun	Z2
Begonte	pnoun	Z2
Begues	pnoun	Z2
Begur	pnoun	Z2
Begíjar	pnoun	Z2
beicon	noun	F1
Beintza-Labaien	pnoun	Z2
Beire	pnoun	Z2
Beires	pnoun	Z2
Beirut	noun	Z2 M7
Beirut	pnoun	Z2
Beizama	pnoun	Z2
Bejin	noun	M7 Z2
Bejís	pnoun	Z2
Belalcázar	pnoun	Z2
Belarús	pnoun	Z2
Belascoáin	pnoun	Z2
Belau	pnoun	Z2
Belauntza	pnoun	Z2
Belbimbre	pnoun	Z2
Belchite	pnoun	Z2
Beleña	pnoun	Z2
Belga	adj	Z2 S2.1 S2.2
Belgrado	noun	Z2 M7
Belgrado	pnoun	Z2
Belianes	pnoun	Z2
Belice	pnoun	Z2
Belinchón	pnoun	Z2
Bellaguarda	pnoun	Z2
belleza	noun	O4.2+ B4
Bello	pnoun	Z2
bellota	noun	F2 L3
Bellprat	pnoun	Z2
Bellpuig	pnoun	Z2
Bellreguard	pnoun	Z2
Bellvei	pnoun	Z2
Bellvís	pnoun	Z2
Bellús	pnoun	Z2
Belmez	pnoun	Z2
Belmonte	pnoun	Z2
Belmontejo	pnoun	Z2
Belorado	pnoun	Z2
Belém	pnoun	Z2
Bembibre	pnoun	Z2
Benabarre	pnoun	Z2
Benacazón	pnoun	Z2
Benadalid	pnoun	Z2
Benafarces	pnoun	Z2
Benafer	pnoun	Z2
Benafigos	pnoun	Z2
Benaguasil	pnoun	Z2
Benagéber	pnoun	Z2
Benahadux	pnoun	Z2
Benahavís	pnoun	Z2
Benalauría	pnoun	Z2
Benalmádena	pnoun	Z2
Benalúa	pnoun	Z2
Benamargosa	pnoun	Z2
Benamaurel	pnoun	Z2
Benamejí	pnoun	Z2
Benamocarra	pnoun	Z2
Benaocaz	pnoun	Z2
Benaoján	pnoun	Z2
Benarrabá	pnoun	Z2
Benarés	pnoun	Z2
Benasau	pnoun	Z2
Benasque	pnoun	Z2
Benassal	pnoun	Z2
Benatae	pnoun	Z2
Benavente	pnoun	Z2
Benavides	pnoun	Z2
Benavites	pnoun	Z2
bendito	adj	Z4 E4.2+ S9
Benedictino	noun	S9 S2mf
beneficiar	verb	S8+
beneficio	noun	I2
beneficiosas	adj	S8+
beneficioso	adj	S8+
Benegiles	pnoun	Z2
Beneixama	pnoun	Z2
Beneixida	pnoun	Z2
Benejúzar	pnoun	Z2
Benetússer	pnoun	Z2
Benferri	pnoun	Z2
Bengbu	pnoun	Z2
Beniarbeig	pnoun	Z2
Beniardá	pnoun	Z2
Beniarjó	pnoun	Z2
Beniarrés	pnoun	Z2
Beniatjar	pnoun	Z2
Benicarló	pnoun	Z2
Benicasim	pnoun	Z2
Benicolet	pnoun	Z2
Benicàssim	pnoun	Z2
Benidoleig	pnoun	Z2
Benidorm	pnoun	Z2
Beniel	pnoun	Z2
Benifaió	pnoun	Z2
Benifallet	pnoun	Z2
Benifallim	pnoun	Z2
Benifato	pnoun	Z2
Beniflá	pnoun	Z2
Benigembla	pnoun	Z2
Benigànim	pnoun	Z2
Benijófar	pnoun	Z2
Benilloba	pnoun	Z2
Benillup	pnoun	Z2
Benimantell	pnoun	Z2
Benimarfull	pnoun	Z2
Benimassot	pnoun	Z2
Benimeli	pnoun	Z2
Benimodo	pnoun	Z2
Benimuslem	pnoun	Z2
Benin	pnoun	Z2
Beniparrell	pnoun	Z2
Benirredrà	pnoun	Z2
Benissa	pnoun	Z2
Benissanet	pnoun	Z2
Benissanó	pnoun	Z2
Benissoda	pnoun	Z2
Benissuera	pnoun	Z2
Benitagla	pnoun	Z2
Benizalón	pnoun	Z2
Benlloch	pnoun	Z2
Benquerencia	pnoun	Z2
Bentarique	pnoun	Z2
Benuza	pnoun	Z2
Benxi	pnoun	Z2
Benín	pnoun	Z2
Bera	pnoun	Z2
Berango	pnoun	Z2
Berantevilla	pnoun	Z2
Beranuy	pnoun	Z2
Berastegi	pnoun	Z2
Beratón	pnoun	Z2
Berbegal	pnoun	Z2
Berberana	pnoun	Z2
berberecho	noun	F1 L2
Berbinzana	pnoun	Z2
Berceo	pnoun	Z2
Bercero	pnoun	Z2
Berceruelo	pnoun	Z2
Bercial	pnoun	Z2
Bercimuel	pnoun	Z2
Berdejo	pnoun	Z2
berenjena	noun	L3 F1
Berga	pnoun	Z2
bergamota	noun	F1 L3 B3
Bergara	pnoun	Z2
Bergasa	pnoun	Z2
Berge	pnoun	Z2
Bergondo	pnoun	Z2
Beriáin	pnoun	Z2
Berja	pnoun	Z2
Berlanga	pnoun	Z2
berlinés	adj	Z2 S2.1 S2.2
Berlín	noun	Z2 Z1mf Z3c
Berlín	pnoun	Z2
bermejo	adj	O4.3
Bermellar	pnoun	Z2
bermellón	adj	O4.3
Bermeo	pnoun	Z2
Berna	noun	Z2 M7
Bernardos	pnoun	Z2
Bernedo	pnoun	Z2
Berninches	pnoun	Z2
Bernuy-Zapardiel	pnoun	Z2
Berriatua	pnoun	Z2
Berriobeiti	pnoun	Z2
Berrioplano	pnoun	Z2
Berriozar	pnoun	Z2
Berriz	pnoun	Z2
berro	noun	L3 F1
Berrobi	pnoun	Z2
Berrocal	pnoun	Z2
Berrocalejo	pnoun	Z2
Berrueces	pnoun	Z2
Berrueco	pnoun	Z2
Berthomieu	pnoun	Z3
Bertizarana	pnoun	Z2
Berzocana	pnoun	Z2
Berzosilla	pnoun	Z2
Besalú	pnoun	Z2
besar	verb	S3.2 E2+ E3+
Bescanó	pnoun	Z2
beso	noun	S3.2 E2+ E3+
betacaroteno	noun	O1
Betancuria	pnoun	Z2
Betanzos	pnoun	Z2
Betelu	pnoun	Z2
Beteta	pnoun	Z2
Betxí	pnoun	Z2
Beuda	pnoun	Z2
Bezares	pnoun	Z2
Bezas	pnoun	Z2
Bhilai	pnoun	Z2
Bhopal	pnoun	Z2
BHT	noun	O1
Bhubaneswar	pnoun	Z2
Bhután	pnoun	Z2
Biar	pnoun	Z2
Biblia	noun	Q4.1 S9
biblioteca	noun	Q4.1 H1c P1
bicarbonato	noun	O1
bicicleta	noun	M3 M3fn O2
Bicorp	pnoun	Z2
Bidania-Goiatz	pnoun	Z2
Bidankoze	pnoun	Z2
Bidaurreta	pnoun	Z2
Biel	pnoun	Z2
Bielorrusia	pnoun	Z2
Bielsa	pnoun	Z2
bien	adv	A13.2 A5.1+++
bien	noun	G2.2+ A9+ O2 I2.1.3
bienestar	verb	B2+ X9.2+
Bienservida	pnoun	Z2
Bienvenida	pnoun	Z2
Bierge	pnoun	Z2
Bierzo	pnoun	Z2
Biescas	pnoun	Z2
Bigastro	pnoun	Z2
Bijuesca	pnoun	Z2
Bilar	pnoun	Z2
bilateral	adj	S5+
bilateralmente	adv	S5+
Bilbao	noun	Z2 M7
Bilbao	pnoun	Z2
bilbaíno	adj	Z2 S2.1 S2.2
billete	noun	I1
billón	noun	N1 I1
Bimenes	pnoun	Z2
Binaced	pnoun	Z2
Binissalem	pnoun	Z2
Binéfar	pnoun	Z2
biodisponibilidad	noun	L1
biografía	noun	Q4.1
Biogredo	pnoun	Z3
biológico	adj	L1 W5
Biosca	pnoun	Z2
Biota	pnoun	Z2
biotina	noun	O1
Birmania	pnoun	Z2
Birmingham	pnoun	Z2
Bisaurri	pnoun	Z2
Biscarrués	pnoun	Z2
Bisimbre	pnoun	Z2
Biskek	pnoun	Z2
Biure	pnoun	Z2
Biurrun-Olcoz	pnoun	Z2
bizcocho	noun	F1
Bizkaia	pnoun	Z2
Blacos	pnoun	Z2
Blanca	pnoun	Z2
blanca	adj	O4.3 S2.2 K5.2 G2.2+ O4.3 S2mf F2 F1 B1
blanca	noun	S2.2 Z1 O4.3 W2 I1
Blancafort	pnoun	Z2
Blancas	pnoun	Z2
blanco	adj	O4.3
blanco	noun	S2.1 G3
blandito	adj	O4.5 X3.3- O4.1 S1.2.5- A12+
blando	adj	O4.5 X3.3
Blanes	pnoun	Z2
blanquilla	adj	O4.3
Blascomillán	pnoun	Z2
Blascosancho	pnoun	Z2
Blesa	pnoun	Z2
Bliecos	pnoun	Z2
blog	noun	Y2/Q1.2
bloque	noun	O4.4 O2
Boada	pnoun	Z2
Boal	pnoun	Z2
Bobadilla	pnoun	Z2
Boborás	pnoun	Z2
boca	noun	B1 X3.1
bocadillo	noun	F1
Bocairent	pnoun	Z2
Boceguillas	pnoun	Z2
Bocigas	pnoun	Z2
bodega	noun	H2
Boecillo	pnoun	Z2
Boer	pnoun	Z2
Bogajo	pnoun	Z2
Bogarra	pnoun	Z2
Bogotá	pnoun	Z2
Bohoyo	pnoun	Z2
Boimorto	pnoun	Z2
Boiro	pnoun	Z2
bol	noun	O2
bola	noun	O2/O4.4 K5.1 B1 K1
Bolbaite	pnoun	Z2
boldo	noun	F1 L3 F2 B3
boletus	noun	F1 L3
boletín	noun	Q4.3 Q4.2
Boliva	pnoun	Z2
Bolivia	noun	Z2 Z3c
Bolivia	pnoun	Z2
bollo	noun	F1
Bolonia	noun	Z2 M7 G1 A5 P1 E2- G2.1
bolsa	noun	Q2
bolsillo	noun	A9+ K5.2 B5 O2 I1.1 M7 N3.2-
Boltaña	pnoun	Z2
Bolulla	pnoun	Z2
Bolvir	pnoun	Z2
bolígrafo	noun	P1 O2
Bombay	noun	Z2 M7
Bombay	pnoun	Z2
bombón	noun	F1
Bonansa	pnoun	Z2
Bonares	pnoun	Z2
Bonastre	pnoun	Z2
Bonete	pnoun	Z2
Boniches	pnoun	Z2
bonito	adj	O4.2+
bonito	noun	F1 L2
bono	noun	Q1.2
Boqueixón	pnoun	Z2
boquilla	noun	O2
Boquiñeni	pnoun	Z2
Borau	pnoun	Z2
Bordalba	pnoun	Z2
borde	noun	O2
bordear	verb	M7 G1.1 M6
bordelesa	adj	Z2
Bordils	pnoun	Z2
Bordón	pnoun	Z2
Borja	pnoun	Z2
Borjabad	pnoun	Z2
Bormujos	pnoun	Z2
borneol	noun	O1
Bornos	pnoun	Z2
Borobia	pnoun	Z2
Borox	pnoun	Z2
borrar	verb	A9-
Borrassà	pnoun	Z2
Borredà	pnoun	Z2
Borrenes	pnoun	Z2
Borriana	pnoun	Z2
Borriol	pnoun	Z2
Bosnia-herzegovina	pnoun	Z2
Bosniano	adj	Z2 S2.1 S2.2
bosque	noun	W3 L3 Z3
Bosquimano	noun	M7 S2.2m
Bossòst	pnoun	Z2
Boston	pnoun	Z2
Bot	pnoun	Z2
Botarell	pnoun	Z2
bote	noun	O2
botella	noun	O2
Botija	pnoun	Z2
Botorrita	pnoun	Z2
Botsuana	pnoun	Z2
Botswana	pnoun	Z2
botón	noun	B5 O2
Bourdeos	noun	Z2 F2
bout	fw	Z3
Bovera	pnoun	Z2
bovino	noun	L2
Bozoó	pnoun	Z2
Boñar	pnoun	Z2
BPI	noun	Z3c
Brabos	pnoun	Z2
bramante	noun	O2
Brandy	pnoun	F2
Braojos	pnoun	Z2
Brasil	noun	Z2 M7
Brasil	pnoun	Z2
brasil	pnoun	Z2
brasileño	adj	Z2 Z2 S2mf
Brasilia	pnoun	Z2
Brazacorta	pnoun	Z2
Brazatortas	pnoun	Z2
brazo	noun	B1 S5+c
Brazuelo	pnoun	Z2
Brazzaville	pnoun	Z2
Brañosera	pnoun	Z2
brecha	noun	A1.9 O2 B1
Breda	pnoun	Z2
Brenes	pnoun	Z2
Bretocino	pnoun	Z2
Bretó	pnoun	Z2
Bretón	adj	Z2 Z2 Q3 S2mf
brevemente	adv	T1.3-
brezo	noun	F1 L3
Brieva	pnoun	Z2
Brihuega	pnoun	Z2
brillante	adj	O4.2+
Brincones	pnoun	Z2
brindar	verb	A9- Q2.2
Briones	pnoun	Z2
brisa	noun	W4
Brisbane	pnoun	Z2
británico	adj	Z2
Briviesca	pnoun	Z2
Briñas	pnoun	Z2
Brión	pnoun	Z2
brocheta	noun	O2 F1
broma	noun	E4.1+ S1.2.6-
bronce	noun	O1.1 O4.3
Bronchales	pnoun	Z2
bronquitis	noun	B2
brotación	noun	N3.2+/A2.1 L3
brotar	verb	N3.2+ A2.1
brote	noun	L3 F1
Broto	pnoun	Z2
Brozas	pnoun	Z2
Brunete	pnoun	Z2
Brunyola	pnoun	Z2
Brunéi	pnoun	Z2
brusco	adj	S1.2.1- N3.8+ S1.2.4-
Bruselas	noun	F1 G1 Z2 M7
Bruselas	pnoun	Z2
bruta	noun	N5.1+ O4.2- N5
bruto	adj	N5.1+ O4.2- N5
Bràfim	pnoun	Z2
brécol	noun	L3 F1
Buberos	pnoun	Z2
Bubierca	pnoun	Z2
Bubión	pnoun	Z2
Bucaramanga	pnoun	Z2
Bucarest	pnoun	Z2
Buciegas	pnoun	Z2
Buda	noun	S2.1 S9 Z1m
Budapest	pnoun	Z2
Budia	pnoun	Z2
budin	noun	F1
budista	adj	S2.1 S2.2 S5 S9 X2.1
buen	adj	A2 A3 A5 E1 E2+
buena	adj	A2 A3 A5 E1 S2.2 E2+
Buenamadre	pnoun	Z2
Buenaventura	pnoun	Z2
Buenavista	pnoun	Z2
Buendía	pnoun	Z2
bueno	adj	A5.1+
buenos	adj	Z5 A2 A5 E1 S2 E2+
Buenos Aires	noun	Z2 M7 M7
buenísimo	adj	A5.1+++
Bueu	pnoun	Z2
buey	noun	L2 F1 F4
Bueña	pnoun	Z2
Bufali	pnoun	Z2
Bugarra	pnoun	Z2
Bugedo	pnoun	Z2
Buitrago	pnoun	Z2
Bujalance	pnoun	Z2
Bujalaro	pnoun	Z2
Bujaraloz	pnoun	Z2
bula	noun	G1.1 S9
Bularros	pnoun	Z2
Bulbuente	pnoun	Z2
Bulgaria	noun	Z2 M7
Bulgaria	pnoun	Z2
Bullas	pnoun	Z2
Buniel	pnoun	Z2
Bunyola	pnoun	Z2
Burbáguena	pnoun	Z2
Burela	pnoun	Z2
Bureta	pnoun	Z2
burgalesa	adj	Z2 S2.1/S2.2
burgalés	adj	Z2 S2.1 S2.2
Burgelu	pnoun	Z2
Burgi	pnoun	Z2
Burgohondo	pnoun	Z2
Burgos	noun	Z2 M7
Burgos	pnoun	Z2
Burguete	pnoun	Z2
Burgui	pnoun	Z2
Burguillos	pnoun	Z2
Burjassot	pnoun	Z2
burla	noun	Q2.2 S1.2.4- S7.2-
Burlada	pnoun	Z2
burlar	verb	Q2.2 S1.2.4- S7.2-
Burlata	pnoun	Z2
Burriana	pnoun	Z2
burro	noun	L2
Bursa	pnoun	Z2
Burujón	pnoun	Z2
Burundi	pnoun	Z2
Burón	pnoun	Z2
busca	verb	S1.1.2 X2
buscar	verb	A1.1.1
Busot	pnoun	Z2
Busquístar	pnoun	Z2
Bustares	pnoun	Z2
Bustarviejo	pnoun	Z2
Busturia	pnoun	Z2
Busán	pnoun	Z2
Bután	pnoun	Z2
Buñol	pnoun	Z2
Buñuel	pnoun	Z2
Bàscara	pnoun	Z2
Bádenas	pnoun	Z2
Báguena	pnoun	Z2
Báltico	noun	Z2 M7 O1.2
Bárboles	pnoun	Z2
Bárcabo	pnoun	Z2
básicamente	adv	Z4 A13.2
básico	adj	A6.2+ A11.1+ A12+
Bèlgida	pnoun	Z2
Bédar	pnoun	Z2
Béjar	pnoun	Z2
Bélgica	noun	Z2 S2mf M7 Z2
Bélgica	pnoun	Z2
bélico	adj	G3 E4.2-
Bérchules	pnoun	Z2
Bétera	pnoun	Z2
bíblico	adj	S9 Q4.1
Bóveda	pnoun	Z2
Búfalo	pnoun	Z2
Búger	pnoun	Z2
búsqueda	noun	X2.4
c	noun	Z5 Y2
C.	noun	N4
C.	num	N4
c.	noun	N4
c.	num	N4
c.p.	abbr	G2.1 A10-/Q1.1 G2.2 A4.1 Y2@ B3% B1%
Cabacés	pnoun	Z2
Caballar	pnoun	Z2
caballo	noun	L2
Cabanabona	pnoun	Z2
Cabanas	pnoun	Z2
Cabanelles	pnoun	Z2
Cabanes	pnoun	Z2
Cabanillas	pnoun	Z2
cabe	prep	Z5
cabecera	noun	Q1.2
cabello	noun	B1
caber	verb	A1.2+ N3.2 A5.1+ N3.2 X2.5+ S7.4
cabeza	noun	B1 G1 G3
Cabezabellosa	pnoun	Z2
Cabezamesada	pnoun	Z2
Cabezarados	pnoun	Z2
Cabezuela	pnoun	Z2
Cabizuela	pnoun	Z2
cable	noun	O2 Q1.3
cabo	noun	G1 G3 W3
Cabolafuente	pnoun	Z2
Cabra	pnoun	Z2
cabra	noun	L2 F1 F4
Cabrales	pnoun	Z2
Cabranes	pnoun	Z2
Cabredo	pnoun	Z2
Cabrerizos	pnoun	Z2
Cabrero	pnoun	Z2
Cabrillanes	pnoun	Z2
Cabrillas	pnoun	Z2
Cabrils	pnoun	Z2
Cabuérniga	pnoun	Z2
Cabó	pnoun	Z2
Cacabelos	pnoun	Z2
cacahuet	noun	F1/L3
cacahuete	noun	F1 L3
cacahute	noun	F1/L3
cacao	noun	F1
cacerola	noun	O2
Cachorrilla	pnoun	Z2
Cacín	pnoun	Z2
cada	adj	N5
Cadalso	pnoun	Z2
Cadaqués	pnoun	Z2
cadena	noun	A1.7+ N4 S5+ I2.1c O2 B5 S7.1
cadera	noun	B1 O4.2+
Cadreita	pnoun	Z2
Cadrete	pnoun	Z2
caducidad	noun	T2-
CAECYL	abbr	Z3
caer	verb	M1 N5- A2.1 S7.1- L1- A1.8+ G2.2- X9.2- K5.2
CAF	npoun	Z3c
cafeilquínico	adj	O1
cafeína	noun	O1
café	noun	F2
Cairo	noun	Z2 M7
Cairo	pnoun	Z2
caja	noun	O1
cajina	noun	O1/N3.4-
cajón	noun	H5 I1.1 S2mf C1 S2mf O1
cajún	adj	S2
cajún	noun	S2
Cala	pnoun	Z2
calabaza	noun	L3/F1
Calabria	noun	Z2 M7 E3 E5 G2
Calaceite	pnoun	Z2
Calaf	pnoun	Z2
Calafell	pnoun	Z2
Calahorra	pnoun	Z2
calamar	noun	F1 L2
Calamocha	pnoun	Z2
Calamonte	pnoun	Z2
Calanda	pnoun	Z2
Calasparra	pnoun	Z2
Calatayud	pnoun	Z2
Calatañazor	pnoun	Z2
Calatorao	pnoun	Z2
Calañas	pnoun	Z2
Calcena	pnoun	Z2
calcio	noun	O1
calculado	adj	N2 X7+
calcular	verb	N2 X7+
Calcuta	noun	Z2 M7
Calcuta	pnoun	Z2
Caldearenas	pnoun	Z2
Calders	pnoun	Z2
caldo	noun	F2
Calella	pnoun	Z2
calendario	noun	O2 T1.3 T1.1 Q1.2 P1
calentamiento	noun	A1.1.1/O4.6+ K5.1
calentar	verb	A1.1.1 O4.6+
Caleruega	pnoun	Z2
Caleruela	pnoun	Z2
Calgary	pnoun	Z2
Cali	pnoun	Z2
calibre	noun	N3.1
Calicasas	pnoun	Z2
calidad	noun	A5.1
caliente	adj	O4.6+
calificación	noun	X2.4 A5.1 P1 A13
California	noun	Z2 M7
calizo	verb	O1.1
calizos	adj	O1.1
Calldetenes	pnoun	Z2
calle	noun	M7
Calles	pnoun	Z2
Callús	pnoun	Z2
calmante	adj	B3 E3
calmar	verb	A1.1.1 B3 E3
Calmarza	pnoun	Z2
Calomarde	pnoun	Z2
Calonge	pnoun	Z2
calor	noun	X3
calostro	noun	B1/L2
Calp	pnoun	Z2
Caltojar	pnoun	Z2
caluroso	adj	X3
Calvià	pnoun	Z2
Calzadilla	pnoun	Z2
calzado	noun	B5 A1.1.1
caléndula	noun	L3 F1 B3
calórico	adj	O4.6 N3.5
cama	noun	H5 O1 E2+ E3+
Camaleño	pnoun	Z2
camaleño	adj	Z2
Camarasa	pnoun	Z2
Camarena	pnoun	Z2
Camarenilla	pnoun	Z2
Camargo	pnoun	Z2
Camarillas	pnoun	Z2
Camariñas	pnoun	Z2
Camarles	pnoun	Z2
Camas	pnoun	Z2
Camañas	pnoun	Z2
Cambados	pnoun	Z2
cambiado	adj	A2.1+
cambiar	verb	A2.1+
Cambil	pnoun	Z2
cambio	noun	A2.1
Camboya	noun	M7 Z2
Camboya	pnoun	Z2
camboyano	adj	Z2 S2.1 S2.2
Cambre	pnoun	Z2
Cambrils	pnoun	Z2
camello	noun	L2
Camerún	pnoun	Z2
caminar	verb	M1 L2 X9.2+ A12+
camino	noun	M7 W3 S9 X9.2+ A12+
Caminomorisco	pnoun	Z2
Caminreal	pnoun	Z2
camisa	noun	B5
campana	noun	O2 X3.2 O4.4
Campanario	pnoun	Z2
Campanet	pnoun	Z2
campaña	noun	T1.3 I2.2/Q2.2 G1.2/Q2.2 G3
Campaspero	pnoun	Z2
Campazas	pnoun	Z2
campaña	noun	X7+ Q2.2 I2.2 Q2.2 G1.2 Q2.2 G3
Campdevànol	pnoun	Z2
Campelles	pnoun	Z2
campesina	noun	F4/M7
campesino	adj	F4 M7
Campezo	pnoun	Z2
campeón	noun	S7.3
campillo	noun	W3 F4/M7
Campillos	pnoun	Z2
Campillos-Paravientos	pnoun	Z2
Campillos-Sierra	pnoun	Z2
Campinas	pnoun	Z2
Campins	pnoun	Z2
Campisábalos	pnoun	Z2
Campllong	pnoun	Z2
Campo	pnoun	Z2
campo	noun	M7 W3 L2 G3
Campofrío	pnoun	Z2
Campolara	pnoun	Z2
Camponaraya	pnoun	Z2
Camporredondo	pnoun	Z2
Camporrobles	pnoun	Z2
Camporrélls	pnoun	Z2
Campos	pnoun	Z2
Campotéjar	pnoun	Z2
Camprodon	pnoun	Z2
Camprovín	pnoun	Z2
Camuñas	pnoun	Z2
Camós	pnoun	Z2
Canadiense	adj	Z2 M7 S2.1 S2.2
Canadá	noun	Z2 M7
Canadá	pnoun	Z2
canal	noun	W3/M4
Canales	pnoun	Z2
Canals	pnoun	Z2
Cananor	pnoun	Z2
Canarias	pnoun	Z2 M7 S2.1/S2.2
Canario	noun	Z2 M7 S2.1 S2.2
canario	adj	Z2 M7 S2.1/S2.2
canción	noun	K2
Candamo	pnoun	Z2
Candasnos	pnoun	Z2
Candelaria	pnoun	Z2
Candelario	pnoun	Z2
Candeleda	pnoun	Z2
candidato	noun	A1.2+ S2mf A1.2+ O2 G1.2 S2mf I3.1 S2mf
Candilichera	pnoun	Z2
Candín	pnoun	Z2
Canejan	pnoun	Z2
canela	noun	F1 L3 B3
canelar	verb	F1/L3/B3
Canena	pnoun	Z2
Canencia	pnoun	Z2
canfeno	noun	O1
Canfranc	pnoun	Z2
Cangas	pnoun	Z2
Cangnan	pnoun	Z2
Caniles	pnoun	Z2
canje	noun	A9/S1.1.2+ Q2.1/E3 I2.2/H1 Q1.3/H1
Canjáyar	pnoun	Z2
canonjía	noun	S9 G1
Canovelles	pnoun	Z2
Canredondo	pnoun	Z2
cansancio	noun	B2
Cantabrana	pnoun	Z2
Cantabria	noun	M7 Z2
cantabria	pnoun	Z3
Cantagallo	pnoun	Z2
Cantalapiedra	pnoun	Z2
Cantalejo	pnoun	Z2
Cantallops	pnoun	Z2
Cantalojas	pnoun	Z2
Cantalpino	pnoun	Z2
cantante	noun	K2 S2mf
cantar	verb	K2
Cantaracillo	pnoun	Z2
Cantavieja	pnoun	Z2
cantidad	noun	I1 O1 A5 N3
Cantillana	pnoun	Z2
Cantimpalos	pnoun	Z2
Cantiveros	pnoun	Z2
canto	noun	O2
Cantoria	pnoun	Z2
Cantón	pnoun	Z2
cantón	noun	Z2
Canyelles	pnoun	Z2
canónigo	noun	S2.1 S9 G1
caoba	adj	O4.3
caoba	noun	L3
caos	noun	A1.7- A1.9 G2.1- Y1
capa	noun	O2
capacidad	noun	N3.2 N3.4 N5.1+ X9.1+ I3.1
Capafonts	pnoun	Z2
Caparroso	pnoun	Z2
Capdepera	pnoun	Z2
Capdesaso	pnoun	Z2
Capella	pnoun	Z2
Capellades	pnoun	Z2
Capileira	pnoun	Z2
Capilla	pnoun	Z2
capilla	noun	S9 H1 P1
Capillas	pnoun	Z2
capital	adj	A11.1+ A5.1 M7 G1.1
capital	noun	M7 G1.1 I1.2.1 I1.1
Capmany	pnoun	Z2
Capolat	pnoun	Z2
capricho	noun	X7
caprino	adj	L2
captado	adj	A9+
capturar	verb	A9+
capullo	noun	L3
Capçanes	pnoun	Z2
capítulo	noun	Q4.1 Q4.3 K4
cara	adj	I1 B1 H2
cara	noun	I1 B1 H2
Carabantes	pnoun	Z2
Carabaña	pnoun	Z2
Caracas	pnoun	Z2
Caracena	pnoun	Z2
caracteristica	adj	A6.2+ A4.2+
caracterización	noun	A4.1 Q2.2
caracterizado	adj	A4.1 Q2.2
caracterizar	verb	A6.2+ A4.2+
caracterizar	verb	A4.1 Q2.2
característica	noun	A6.2+ A4.2+
característica	noun	O4.1
características	adj	A6.2+ A4.2+ O4.1 N2
característico	adj	A6.2+
caramelizar	verb	O4.6+ A1.1.1 A2.1
caramelo	noun	F1
Carataunas	pnoun	Z2
Caravia	pnoun	Z2
Carazo	pnoun	Z2
Carbajo	pnoun	Z2
Carballedo	pnoun	Z2
Carballo	pnoun	Z2
Carbellino	pnoun	Z2
carbohidrato	noun	O1 O1/F1/F2
carbonar	adj	A1.1.1 O1.1
Carboneras	pnoun	Z2
Carboneros	pnoun	Z2
carbono	noun	A1.1.1 O1.1
Carcaboso	pnoun	Z2
Carcabuey	pnoun	Z2
Carcaixent	pnoun	Z2
Carcastillo	pnoun	Z2
Carcelén	pnoun	Z2
cardamomo	noun	L3 F1 B3
Cardedeu	pnoun	Z2
cardenal	adj	O4.3
cardenal	noun	S9 S2.1 B2
cardenalicio	adj	O4.3
Cardenete	pnoun	Z2
Cardeña	pnoun	Z2
Cardeñadijo	pnoun	Z2
Cardeñajimeno	pnoun	Z2
Cardeñosa	pnoun	Z2
cardiopatía	noun	B2
cardiotónico	adj	B3
Cardona	pnoun	Z2
Carenas	pnoun	Z2
carga	noun	M2 A9+ Q4 I1.3 O3 G3%
cargo	noun	G1 I2 S2 G3
caridad	noun	S8+ S5+c S8+ S1.2.2- S9 A5.1+
caritativo	adj	S9 S1.1.2 A5.1+
Cariñena	pnoun	Z2
Cariño	pnoun	Z2
cariño	noun	Z2
cariñoso	adj	E2+
Carlet	pnoun	Z2
carlos	pnoun	S2 Z1
carlota	noun	F1
Carme	pnoun	Z2
carmen	pnoun	Z1
Carmena	pnoun	Z2
Carmona	pnoun	Z2
Carmonita	pnoun	Z2
carmín	adj	O4.3
carmín	noun	O1
carne	noun	F1
carnoso	adj	F1 O4.5 X3.1
Carnota	pnoun	Z2
caro	adj	I1.3+
caroteno	noun	O1
carpaccio	noun	F1
Carpio	pnoun	Z2
Carracedelo	pnoun	Z2
Carral	pnoun	Z2
Carranque	pnoun	Z2
carranzanos	noun	L2
Carrascalejo	pnoun	Z2
Carrascosa	pnoun	Z2
Carratraca	pnoun	Z2
carrera	noun	P1 M1
carretera	noun	M3
Carreño	pnoun	Z2
Carrias	pnoun	Z2
Carriches	pnoun	Z2
carrillera	noun	F1 F1
Carrizo	pnoun	Z2
Carrizosa	pnoun	Z2
Carrocera	pnoun	Z2
Carrícola	pnoun	Z2
carta	noun	Q1 Q2
cartabón	noun	O2 C1 N3.3
Cartagena	pnoun	Z2
Cartajima	pnoun	Z2
Cartaya	pnoun	Z2
cartel	noun	Q1.2 P1 O2
Cartelle	pnoun	Z2
cartera	noun	O2 P1
Cartes	pnoun	Z2
cartón	noun	O2 N3
Carucedo	pnoun	Z2
carvacrol	noun	O1
carácter	noun	O4.1
casa	noun	H1 P1 S5+c G1.1c H4
Casabermeja	pnoun	Z2
Casablanca	pnoun	Z2
casado	adj	S4 A2.2
Casafranca	pnoun	Z2
Casalarreina	pnoun	Z2
casar	verb	S4 A2.2
Casarabonela	pnoun	Z2
Casarejos	pnoun	Z2
Casares	pnoun	Z2
Casariche	pnoun	Z2
Casarrubuelos	pnoun	Z2
Casas-Ibáñez	pnoun	Z2
Casasbuenas	pnoun	Z2
Casasimarro	pnoun	Z2
Casasola	pnoun	Z2
Casatejada	pnoun	Z2
Casavieja	pnoun	Z2
Cascante	pnoun	Z2
cascar	verb	F1
casco	noun	B5
Caseres	pnoun	Z2
casero	adj	C1
casi	adv	Z5 A13
Casillas	pnoun	Z2
Casinos	pnoun	Z2
casita	noun	H1 F1
Casla	pnoun	Z2
Caso	pnoun	Z2
caso	noun	Q1.2
casos	noun	G2.1 Q3
Caspe	pnoun	Z2
Caspueñas	pnoun	Z2
Casserres	pnoun	Z2
cassia	noun	L3 F1 B3
cassis	noun	F2
Castalla	pnoun	Z2
castaña	noun	F1 L3
Castañeda	pnoun	Z2
Castejón	pnoun	Z2
Castelflorite	pnoun	Z2
castellano	adj	Z2 Q3 Z2 S2.1 S2.2.
castellano	noun	Z2 Q3 Z2 S2.1 S2.2.
castellano-leonés	adj	Z2 Z2/S2mfnc
Castellar	pnoun	Z2
Castellbisbal	pnoun	Z2
Castellcir	pnoun	Z2
Castelldans	pnoun	Z2
Castelldefels	pnoun	Z2
Castellfort	pnoun	Z2
Castellgalí	pnoun	Z2
Castellnovo	pnoun	Z2
Castellolí	pnoun	Z2
Castellote	pnoun	Z2
Castellserà	pnoun	Z2
Castellterçol	pnoun	Z2
Castellón	noun	M7 Z2
Castelnou	pnoun	Z2
Castelserás	pnoun	Z2
Castielfabib	pnoun	Z2
castigado	adj	S2.1 S2.2 G2
Castigaleu	pnoun	Z2
castigar	verb	G2.1
Castilblanco	pnoun	Z2
Castildelgado	pnoun	Z2
Castilfalé	pnoun	Z2
Castilforte	pnoun	Z2
Castiliscar	pnoun	Z2
Castilla	noun	M7 Z2
Castilla	pnoun	M7 Z2
Castillazuelo	pnoun	Z2
Castillejo-Sierra	pnoun	Z2
castillo	noun	H1
Castillo-Albaráñez	pnoun	Z2
Castillonroy	pnoun	Z2
Castillonuevo	pnoun	Z2
Castilléjar	pnoun	Z2
Castilnuevo	pnoun	Z2
Castilruiz	pnoun	Z2
Castraz	pnoun	Z2
Castril	pnoun	Z2
Castrillo-Tejeriego	pnoun	Z2
Castrillón	pnoun	Z2
Castro-Urdiales	pnoun	Z2
Castrobol	pnoun	Z2
Castrocalbón	pnoun	Z2
Castrocontrigo	pnoun	Z2
Castrodeza	pnoun	Z2
Castrogonzalo	pnoun	Z2
Castrojeriz	pnoun	Z2
Castrojimeno	pnoun	Z2
Castromembibre	pnoun	Z2
Castromocho	pnoun	Z2
Castromonte	pnoun	Z2
Castronuevo	pnoun	Z2
Castronuño	pnoun	Z2
Castropodame	pnoun	Z2
Castropol	pnoun	Z2
Castroponce	pnoun	Z2
Castroserracín	pnoun	Z2
Castroverde	pnoun	Z2
Castroviejo	pnoun	Z2
Castuera	pnoun	Z2
casual	adv	A1.4
casualmente	adv	A1.4
cata	noun	X3.1
Catadau	pnoun	Z2
catador	adj	X3.1/S2mf X2.4
Cataluña	noun	Z2 M7 I1
cataluña	pnoun	Z2
catalán	adj	Z2 Q3 Z2 S2.1 S2.2.
catalán	noun	Z2 Q3 Z2 S2.1 S2.2.
Catar	pnoun	Z2
catar	verb	X3.1
catarro	noun	B2
Catarroja	pnoun	Z2
catecol	noun	O1
catedral	noun	S9 H1
catedrático	noun	S2.1 S2.2 S5 S7.1 T3 P1
categoría	noun	A4.1
categóricamente	adv	A7+
categórico	adj	A7+
catequina	noun	O1
Catoira	pnoun	Z2
catolicismo	noun	S5 S9 X2.1 S2
catorce	num	N1 T3
Catral	pnoun	Z2
catálogo	noun	A4.1 Q4.1
catástrofe	noun	A5.1--- X9.2- A1.1.2 W4
catéquico	adj	Q2.2/S9
Catí	pnoun	Z2
católico	adj	S2.1 S2.2 S5 S9 X2.1
Caudete	pnoun	Z2
Caudiel	pnoun	Z2
causa	noun	A2.2 X2.1 X4.1 Z5 A2.2
cautela	noun	A1.3+ G2.1 Q2.2 Q2.2
cautelar	adj	A1.3
Cava	pnoun	Z2
Cavia	pnoun	Z2
cavidad	noun	O2
cayena	noun	F1 L3
Cayuela	pnoun	Z2
cazador	noun	K5.1 S2mf L2mfn O2
Cazalegas	pnoun	Z2
Cazalilla	pnoun	Z2
cazar	verb	L2 K5.1 X2.4
cazo	noun	O2
Cazorla	pnoun	Z2
cazuelar	verb	O2 O1.1 F3
Cazurra	pnoun	Z2
caída	noun	M1 N5-/A2.1 S7.1- L1- A1.8+ G2.2- X9.2- K5.2
caído	adj	M1 N5- A2.1 S7.1- L1- A1.8+ G2.2- X9.2- K5.2
caña	noun	L3 O2 F2
Cañada	pnoun	Z2
cañada	noun	Z2
Cañamaque	pnoun	Z2
Cañamares	pnoun	Z2
Cañamero	pnoun	Z2
Cañas	pnoun	Z2
Cañaveral	pnoun	Z2
Cañaveras	pnoun	Z2
Cañaveruelas	pnoun	Z2
Cañete	pnoun	Z2
Cañizal	pnoun	Z2
Cañizar	pnoun	Z2
Cañizares	pnoun	Z2
Cañizo	pnoun	Z2
caótico	adj	S2mf A1.7- A1.9 G2.1- Y1
cálido	adj	O4.6
CD	noun	K2 Q4.1
ce	noun	Z3c
Cea	pnoun	Z2
cebada	noun	F1 L3
cebado	verb	F1/L3
Cebanico	pnoun	Z2
Cebolla	pnoun	Z2
cebolla	noun	F1 L3
cebolleta	noun	L3 F1
cebollino	noun	F1 L3
Cebrecos	pnoun	Z2
Cebreros	pnoun	Z2
Cebú	pnoun	Z2
Ceclavín	pnoun	Z2
CEDDET	pnoun	Z3c
Cedeira	pnoun	Z2
CEDENT	pnoun	A9- S7.1-
Cedillo	pnoun	Z2
Cedrillas	pnoun	Z2
cedro	noun	L3
Cee	pnoun	Z2
CEF	noun	Z3c
Cehegín	pnoun	Z2
Ceilán	pnoun	Z2
Celadas	pnoun	Z2
Celanova	pnoun	Z2
celebración	noun	E4.1+ S9
celebrado	adj	E4.1+ S9
celebrar	verb	E4.1+ S9
celestial	adj	S9 A5.1+
celiaco	noun	B2-
Cella	pnoun	Z2
Cellorigo	pnoun	Z2
celoso	adj	E4.1- S3.2 E4.1- A9
Celrà	pnoun	Z2
celulitis	noun	B2
celíaco	noun	B2-
cementerio	noun	S9 H1
CEMLA	verb	Z3c
cena	noun	F1
cenar	verb	F1
Cenicero	pnoun	Z2
Cenicientos	pnoun	Z2
ceniza	noun	O1.1 L3
Cenizate	pnoun	Z2
Cenlle	pnoun	Z2
centavo	noun	I1
Centelles	pnoun	Z2
centenar	noun	N1
Centenera	pnoun	Z2
centeno	noun	F1 L3
centrado	adj	K1 H1 M6 K5.2 S7.1+ L2
central	adj	A11.1+ M6 K5.2 S7.1+ H1c
central	noun	A11.1+ M6 K5.2 S7.1+ H1c
centralizar	verb	S5+
centrar	verb	K1 H1 M6 K5.2 S7.1+ L2
centro	noun	K1 H1 M6 K5.2 S7.1+ L2
centroamericano	adj	Z2
centros	noun	H1 M6 K5.2 S7.1+
centésimo	adj	N4 N5
centésimo	noun	N4 N5
centésimo	num	N4 N5
centímetro	noun	N3.7
cepa	noun	B1 F4
Cepeda	pnoun	Z2
cera	noun	O1
Cerbón	pnoun	Z2
cerca	adv	Z5 N3
cercano	adj	M1 N3.3- N3.3- S3.1 A6.1+ A13.4 T1.3- Z5
Cerceda	pnoun	Z2
Cercedilla	pnoun	Z2
Cercs	pnoun	Z2
Cerdedo-Cotobade	pnoun	Z2
Cerdeña	noun	Z2 M7
Cerdido	pnoun	Z2
cerdo	noun	F1 L2 F4
Cerdà	pnoun	Z2
cereal	noun	L3/F1
cerebral	adj	B1 X2.1 A13 A5
cerebro	noun	B1 X2 X9.1+ X9.1+ S2mf E3-
ceremonia	noun	S1.1.1 P1
cereza	noun	F1 L3
Cerezo	pnoun	Z2
Cernadilla	pnoun	Z2
cero	noun	O1
ceroso	adj	O4.4 O4.5
cerrado	adj	A10- T2-
Cerralbo	pnoun	Z2
cerrar	verb	M2
cerro	noun	W3
certamen	noun	S7.3+
certeza	noun	A7+
certificación	noun	Q2.2/I3.2
certificadamente	adv	A7+
certificado	adj	A5.1 A5.4+
certificado	noun	A5.4
certificar	verb	A5.1/A5.4+
Cervantes	pnoun	Z2
Cervelló	pnoun	Z2
Cervera	pnoun	Z2
Cerveruela	pnoun	Z2
cerveza	noun	F2
Cervo	pnoun	Z2
cesar	verb	T2- A1.1.1@
cesta	noun	O2
Cetina	pnoun	Z2
Ceuta	pnoun	Z2
Ceutí	pnoun	Z2
Ceylan	pnoun	Z2
ceñido	noun	A1.7+ S7.1-
Chad	pnoun	Z2
chai	verb	Z1
Chalamera	pnoun	Z2
chalota	noun	L3/F1
Chamartín	pnoun	Z2
champiñón	noun	F1 L3
Chandigarh	pnoun	Z2
Changchun	pnoun	Z2
Changsha	pnoun	Z2
Changshu	pnoun	Z2
Changwon	pnoun	Z2
Changzhou	pnoun	Z2
Chantada	pnoun	Z2
chantado	adj	Z2
Chapinería	pnoun	Z2
chaqueta	noun	B5 O2 Q4.1
charcutería	noun	F1
Charlotte	pnoun	Z2
chata	noun	O4.4 O4.1 F2
Chauchina	pnoun	Z2
Chañe	pnoun	Z2
Checa	pnoun	Z2
Checoslovaquia	noun	Z2 M7
Cheles	pnoun	Z2
Cheliábinsk	pnoun	Z2
Chella	pnoun	Z2
Chelva	pnoun	Z2
Chengdu	pnoun	Z2
Chequia	pnoun	Z2
Chequilla	pnoun	Z2
Chera	pnoun	Z2
Chercos	pnoun	Z2
Cheste	pnoun	Z2
Chicago	pnoun	Z2
chico	noun	S2.2m L2m Z4 P1
Chifeng	pnoun	Z2
Chihuahua	pnoun	Z2
Chilches	pnoun	Z2
Chile	pnoun	Z2
chile	pnoun	Z2 M7
chileno	adj	Z2 Z2 S2mf
Chilluévar	pnoun	Z2
Chillón	pnoun	Z2
Chiloeches	pnoun	Z2
chimenea	noun	H5 H2
Chimeneas	pnoun	Z2
Chimillas	pnoun	Z2
China	noun	Z2 M7
China	pnoun	Z2
Chinchón	pnoun	Z2
Chino	adj	Q4.3 H1 Q4.3 Z2 Q3 Z2 S2mf
chino	adj	Z2 Q3 Z2 S2.1 S2.2.
chino	noun	Z2 Q3 Z2 S2.1 S2.2.
Chipiona	pnoun	Z2
Chiprana	pnoun	Z2
Chipre	noun	Z2 M7 O1.2
Chipre	pnoun	Z2
chipriota	adj	Z2 S2.1 S2.2
Chirivel	pnoun	Z2
chispa	noun	O4.6+ O3 A2.2 N5- X5.2+ S2mf
chispeante	adj	X3.1 O4.5
Chittagong	pnoun	Z2
Chiva	pnoun	Z2
chocolate	noun	F1
Chodes	pnoun	Z2
Chodos	pnoun	Z2
Chonburi	pnoun	Z2
Chongqing	pnoun	Z2
chorizo	noun	F1
chorrito	noun	N5/O1.2/N3.2-
chorro	noun	M4
Chucena	pnoun	Z2
Chueca	pnoun	Z2
chuleta	noun	F1 F1
Chulilla	pnoun	Z2
chumbo	noun	O4.1 A12-
Chumillas	pnoun	Z2
chupar	verb	B1 M2 S1.1.3+ S6+
chuparse	verb	A1.1.1 B1
chutney	noun	F1
Chía	pnoun	Z2
Chóvar	pnoun	Z2
Ciadoncha	pnoun	Z2
Cibel	pnoun	Z3c
ciclo	noun	T1
Cidamón	pnoun	Z2
Cidones	pnoun	Z2
ciego	adj	O4.5
cielo	noun	S9 A5.1+
Ciempozuelos	pnoun	Z2
cien	adj	N1
cien	nun	N1
ciencia	noun	S5
ciento	adj	N1 A5
científicamente	adv	Y1 S5 Z5
científico	adj	Y1 S5
científico	noun	Y1 S2mf
cierre	noun	A10- T2- Q3% O2
ciertamente	adv	A7+ Z4
cierto	adj	A5.2 A7- N5-
Cieza	pnoun	Z2
cifra	noun	N1
Cifuentes	pnoun	Z2
Cigales	pnoun	Z2
cigarrillo	noun	F3 A1.9 E6 B2
Cigudosa	pnoun	Z2
Ciguñuela	pnoun	Z2
Cihuela	pnoun	Z2
Cihuri	pnoun	Z2
Cijuela	pnoun	Z2
cilantro	noun	F1 L3 B3
cilindro	noun	O4.4
Cillaperlata	pnoun	Z2
Cilleros	pnoun	Z2
Cillán	pnoun	Z2
cilíndrico	adj	O4.4
Cimballa	pnoun	Z2
cinchar	adj	X8+
Cincinnati	pnoun	Z2
cinco	adj	N1 T1.2 T3
cinco	num	N1 T1.2 T3
Cincovillas	pnoun	Z2
Cinctorres	pnoun	Z2
cincuenta	adj	N1
cincuenta	num	N1
cine	noun	H1 K1 K4
Cintruénigo	pnoun	Z2
cintura	noun	B1 B5
cinturón	noun	B5 O2 W3 E3- K5.1 M1 N3.8+
Cipérez	pnoun	Z2
CIR	abbr	Z3c
Cirat	pnoun	Z2
Cirauqui	pnoun	Z2
circo	noun	K1 E2+ E3+ A5.1+
circuito	noun	O3 S1.1.1 M7 K5.1
circulación	noun	O4.4
circular	adj	O4.4
circunstancia	noun	O4.1 A1.4 A3+ S1.1.1
circunstanciadamente	adv	A13.2
circunstanciado	adj	A13.2
Cirebon	pnoun	Z2
Ciria	pnoun	Z2
Ciriza	pnoun	Z2
ciruela	adj	O4.3
ciruela	noun	F1 L3
Ciruelas	pnoun	Z2
Ciruelos	pnoun	Z2
Cirueña	pnoun	Z2
cirujano	noun	B3 S2mf
Cisla	pnoun	Z2
cisma	noun	S9 A1.8 S2 A15-
cismático	adj	S9 A1.8 S2 A15-
Cisneros	pnoun	Z2
Cistella	pnoun	Z2
cisterna	noun	O2 M4fn M3fn
Cistierna	pnoun	Z2
Cistérniga	pnoun	Z2
citado	adj	Q2.2 Q1.2 G2.1
citar	verb	Q2.2 Q1.2 G2.1
citronela	noun	F1 L3 B3
citronella	noun	L3
ciudad	noun	M7
ciudadano	noun	G1.1 S2mf S5+ S2mf
Ciutadilla	pnoun	Z2
civil	adj	G1.1 S1.2.4+ G2.1 H1 G3- S2mf
civil	noun	G1.1 S1.2.4+ G2.1 H1 G3- S2mf
civilización	noun	S1.1.1 A5.1+++ O4.2+++
civilizado	adj	A5.1+ A2.1 G2.1+ S1.2.4+ P1 A5.1+ O4.2+
civilizar	verb	X2 P1 A5 A2 S2
Cixi	pnoun	Z2
Cizur	pnoun	Z2
clara	noun	F1
claramente	adv	A7+ A11.2+ A12+
claridad	noun	A10+ O4.3
clarificado	adj	O4.1
claro	adj	O4.3
clase	noun	A4.1
clasificación	noun	A4.1
clasificar	verb	A4
claustro	noun	H2 S7.1 P1 S5 S5
clavar	verb	A1.1.1
clave	adj	A1.1.1 A11.1+ O2 X9.2+ Q1.2
clave	noun	A1.1.1 A11.1+ O2 X9.2+ Q1.2
Clavijo	pnoun	Z2
clavo	noun	F1 L3 B3
clerical	adj	S9 S3.1
clero	noun	S9 S5 S3.1
Cleveland	pnoun	Z2
cliente	noun	I2.2/S2mf
clientela	noun	I2.2/S2c
clima	noun	W4
climatología	noun	W4
climatología	noun	W4
clorogénico	adj	O1
club	noun	K5.2 G1 S3.1
clásico	adj	O4.2
cláusula	noun	Q1.2 Q3
clérigo	noun	S9 S2.1
clínica	noun	B3 B3 H1
clínico	adj	B3 S1.2.1-
clón	noun	A6.1+
cm	noun	N3.7
cms	noun	N3.7 N3.3
CNMV	pnoun	Z3c
coadyuvar	verb	S8+
coagulación	noun	B2
Coaña	pnoun	Z2
Cobeja	pnoun	Z2
cobertura	noun	O2 F1
Cobeta	pnoun	Z2
Cobeña	pnoun	Z2
Cobisa	pnoun	Z2
cobre	adj	O4.3
cobre	noun	O1.1
Cobreros	pnoun	Z2
cobrizo	adj	O4.3
cobro	noun	A9+/I1 S1.1.4+
Coca	pnoun	Z2
cocción	noun	F1 A2.1
Cocentaina	pnoun	Z2
cocer	verb	N5.1 A1.1.1 A2.1
Cochabamba	pnoun	Z2
coche	noun	M1
cochinilla	noun	L2 O4.3
Cochín	pnoun	Z2
cocida	adj	N5.1/A1.1.1/A2.1
cocido	adj	N5.1/A1.1.1/A2.1
cocido	noun	F2
cocina	noun	O3 O2 F1 M7
cocinado	noun	A1.1.1/A2.1 F1
cocinar	verb	A1.1.1 A2.1
cocinero	noun	F1 S2mf
coco	noun	F1 L3
codiciado	adj	E2+
Codo	pnoun	Z2
codo	noun	B1 E3-
Codorniz	pnoun	Z2
Codos	pnoun	Z2
coeducación	noun	P1 S3.1
cofradía	noun	S9 S2 S3 S3.1
Cofrentes	pnoun	Z2
coger	verb	A1.1.1 A9
Cogollor	pnoun	Z2
Cogollos	pnoun	Z2
Cogolludo	pnoun	Z2
coherencia	noun	A7+ S1.2.6+ X2.5+
coherente	adj	A7+ S1.2.6+ X2.5+
cohete	noun	G3 Y1 W1fn Q2.2 F1 L2 N5+ A2.1 M5
Coimbatore	pnoun	Z2
coincidencia	noun	A1.4
coincidir	verb	T1.1.2 A6.1+ Q2.2
Coirós	pnoun	Z2
cola	noun	B1
Cola-cao	pnoun	F2 Z3 F1
colaboración	noun	S1.1.3+ S8+
colaborador	noun	S1.1.3+ S2mf G3 S2mf
colaborar	verb	S1.1.3+ S8+
colado	adj	A1.1.1/A2.1
colador	noun	O2
colagoga	verb	B3
colante	adj	O4.5
colar	verb	A1.1.1
colchón	noun	H5 E3+ E4
colección	noun	A9+ I1 B5
colectivo	noun	S5+ A4.2- A4.1c
colega	noun	I3.2 S2mf
colegio	noun	H1
Colera	pnoun	Z2
colerética	adj	O1
Coles	pnoun	Z2
colesterol	noun	O1 B2
colgado	adj	M2 M1 M8 G2.1 S7.1-
coliflor	noun	F1 L3
colina	noun	W3
colinabo	noun	L3 F1
Colindres	pnoun	Z2
Collbató	pnoun	Z2
Colldejou	pnoun	Z2
Collsuspina	pnoun	Z2
colmada	verb	A13.3
Colmenar	pnoun	Z2
Colmenarejo	pnoun	Z2
colmenilla	noun	H1/L2 L2/N5+
colocada	adj	A2.1/A1.1.1
colocado	adj	A2.1/A1.1.1
colocar	verb	A2.1 A1.1.1
colofón	noun	X5.2+ T2-/A1.1.1
Colombia	noun	Z2 M7
Colombia	pnoun	Z2
colombia	pnoun	Z2
colombiano	adj	Z2 Z2 S2mf
Colombo	pnoun	Z2
Colomera	pnoun	Z2
Colomers	pnoun	Z2
Colonia	noun	B4 G1.1 S7 M7 Z2
Colonia	pnoun	Z2
colonial	adj	M7 S7.1 C1
color	noun	O4.3
colorante	noun	F1 O1
colorido	adj	O4.3
Columbia	noun	Z1m Z2 M7
Columbus	pnoun	Z2
Colunga	pnoun	Z2
Colungo	pnoun	Z2
colza	noun	L3 F1
com	noun	Y2
comarca	noun	M7
Comares	pnoun	Z2
combatir	verb	A1.1.1 B3
combinación	noun	A1.8
combinado	adj	A2.2 A1.8+ S5+c F4
combinar	verb	A1.8 A1.1.1
COMCO	pnoun	Z3c
comensal	noun	F1/S2mf
comenzar	verb	M1
comenzó	verb	A3 M1
comer	verb	A1.1.1 F1
comercial	adj	I2.1
comercialización	noun	I2.2
comercializar	verb	I2.2
comerciante	noun	I2.2 S2
comercio	noun	I2
comestible	adj	F1 O4
cometer	verb	A1.1.1 S6+ A1.7+ G2.1
cometido	noun	A1.1.1 S6+ A1.7+/G2.1
comida	noun	F1 F1
comienzo	noun	T2+
Comillas	pnoun	Z2
comino	noun	F1 L3 B3
comisión	noun	I2.1.3 I1 G2.1
comité	noun	S7.1+ S5+c
como	adv	Z5
como	conj	Z5
Comoras	pnoun	Z2
compacto	adj	O4.5 O4
compaginar	verb	A2.2 A1.8+ S5+c F4
comparable	adj	A6
comparación	noun	A6.1 A5.1 Q3
comparar	verb	A6.1 A5.1 Q3
comparecencia	verb	A8 A10+ A3+ G2.1 K4 Q4
comparecer	verb	A8 A10+ A3+
compartir	verb	S1.1.2+
compañero	noun	S2.1 S2.2 S5 P1
compañía	noun	I2.1.3 S5+c S5+c G3 S5+c S3.1 K4 S5+c
compensación	noun	S8+
compensado	adj	S8+
competencia	noun	S7.3
competente	adj	X9.1+
competidor	noun	S7.3 S2
competir	verb	S7.3 A1.1.1
competitividad	noun	S7.3+
competitivo	adj	S7.3+
compitar	verb	S7.3/A1.1.1
complejidad	noun	A12
complejo	adj	X3.1 X3.5 O4.5 A12
complejo	noun	A12- H1 B2- X1
complementado	adj	S3.1/A2.2
complementar	verb	S3.1 A2.2
completado	adj	T2- Q1.2
completamente	adv	A13.2
completar	verb	T2- Q1.2
completo	adj	O4.4 A13.2
complicación	noun	A12-
complicado	adj	A12-
componente	noun	O2 N5.1-
comportamiento	noun	G2.2 A5 X6
comportar	verb	S1.1.1 A1.1.1 X6
comportarse	verb	G2.2 A5 X6
composición	noun	Q1.2 P1
Compostela	noun	S9 Z2 M7
compostelano	adj	Z2 S2.1 S2.2 S9
compota	noun	F1
compra	noun	I2.2/A1.1.1
comprador	noun	I2.2 S2
comprar	verb	I2.2 A1.1.1
compraventa	noun	I2.2 I2.1 I3.1 I2.2/N5
comprender	verb	X2
comprendido	adj	X2
comprensible	adj	X2.5+
comprensivo	adj	A5 A13+ X2.5+ S2mf
comprensión	noun	X2.5+
comprobar	verb	A5 A5.1
comprometer	verb	A6.1+ S1.1.2+ G2.2-
compromiso	noun	A6.1+ Q1.2
compuesto	adj	A1.1.1/K2
compunción	noun	S9 A5 A13+
compungido	adj	S9 A5 A13+ S2mf
computable	adj	Y2
computadora	noun	Y2
compás	noun	O2 C1 M1 N3.3
comunicación	noun	Q2.1 Q1.2 Q1.3 Q4.3
comunicar	verb	Q2.1 Q1.2 Q1.3 X2.2+
comunidad	noun	S5+c S2
comunismo	noun	G1.2
comunión	noun	S9 S5+
común	adj	A6.2
con	prep	Z5
Conakri	pnoun	Z2
conceder	verb	A9
concedido	adj	A9
concentración	noun	X5.1+ N5+ I2.2% O1.2 S5+c A9+ N5+/A2.1 Q2.2 G1.2
concentrado	adj	O4.5 O4.1 O4.2
concentrar	verb	X5.1+ I2.2% M6 N5+ O1.2 W3 I4
concepción	noun	X4.1 B1
concepto	noun	X4.1
concertado	adj	S7.1+ A1.1.1
concertar	verb	S7.1+ A1.1.1
concesión	noun	S7.4+ A9- I2.2 I1.3-
conciencia	noun	X2 X3 X5 S9
concienzudo	adj	S2 P1
conciliar	adj	S9
concilio	noun	S9
concluido	adj	T2-
concluir	verb	T2-
conclusión	noun	X6+ T2-
concreción	noun	A4.2+
concretamente	adv	A4.2+
concreto	adj	A4.2+
concupiscencia	noun	E2 S2 A5.1- S9
concurrir	verb	A1.1.1 A6.1+
concursante	adj	S1.1.3 P1 S2
concursar	verb	S1.1.3 P1
concurso	noun	S7.3
condena	verb	S9 A7 E6
condenación	noun	S9 A5.1-
condenado	adj	S9 S2.1 S2.2
condenar	verb	S9 A7 E6
condicionado	adj	B4 P1
condicionar	verb	A1.1.1
condición	noun	A3
condiscípulo	noun	S1.1.3 P1 S5
conducir	verb	M3 A1.1.1 M2 S7.1+
conducta	noun	S1.1.1
conejo	noun	L2mfn F1 Q2.1
Conesa	pnoun	Z2
conferencia	noun	Q2 X2.3 Q1.1 P1
conferir	verb	Q2.2 A9-
confesar	verb	S9 Q2 A5.1+
confesión	noun	S9 Q2 A5.1+
confesonario	noun	S9 H5
confianza	noun	A5.1A2
confidencialidad	noun	A10-
configurado	adj	O4.1
confirmar	verb	A7+ Q2.2 S9
confitado	adj	F1 O4.5
confitura	noun	F1 O4.5
conflicto	noun	G3 E3- A6.1-
conformado	adj	A6.1+
conformar	verb	A6.1+
conforme	noun	A6.1+
Confrides	pnoun	Z2
confundido	adj	X2.5- O4.1
confundir	verb	X2.5-
confusión	noun	X2.5-
congelación	noun	A1.1.1/O4.6-
congelado	adj	O4.6- M8 T2- E5-
congelador	adj	A1.1.1/O4.6-
congelar	verb	A1.1.1 O4.6-
congestión	noun	B2- N5.2+/N5
Congo	pnoun	Z2
Congosto	pnoun	Z2
Congostrina	pnoun	Z2
congregación	noun	S9 S3 G1.1 S5
congreso	noun	G1 S5
conjuntado	adj	S2 S3 S5 X1
conjuntamente	adv	S2 S3 S5 X1
conjunto	noun	S2 S3 S5 X1
conllevado	adj	A2.2 A1.8+
conllevar	verb	A2.2 A1.8+
conocer	verb	X2
conocido	adj	X2.2 A11.2
conocimiento	noun	X2.2 P1 A1.6 A5 X2
Conquista	pnoun	Z2
conquista	noun	X9.2+ S7.3 X9.2+ G3 S7.1+
consagración	noun	S9 S1.1.3 A4.2 A9
consagrado	adj	S7.2 S9
consagrar	verb	S9 A4.2 A9
consecución	noun	X9.2+ A9+
consecuencia	noun	A2.2
consecutivo	adj	N4
conseguir	verb	A9+
consejero	adj	S8+/S2mf
consejo	noun	Q2.2 S8
Consell	pnoun	Z2
consenso	noun	A6.1+
conserva	noun	F1 A2.1- T1.1.3
conservación	noun	W5 S8+ A9+ A2.1-
conservador	adj	O1 O1.1
conservante	noun	O1
conservar	verb	A1.1.1 T1.1
conservatorio	noun	H2 K2 X2.3
considera	verb	X2
considerable	adj	N5+ X2.1 X2.4 X6
consideración	noun	X2.1
considerado	adj	X2.1
considerar	verb	A5 X2.1
consigo	verb	A1.1.1 Q2
consiguiente	adj	A2.2
consistencia	noun	O4.5
consistente	adj	O4.5
consolar	verb	S8+
consolidado	adj	A7+/A2.1
consolidar	verb	A7+ A2.1
consonancia	noun	A6.1+
conspiración	noun	G2.1- G2.2-
constancia	noun	T2++ X8+
constante	adj	A2.1- N2 T2++ S6+
constantemente	adv	T2++
Constantina	pnoun	Z2
Constantí	pnoun	Z2
Constanzana	pnoun	Z2
constar	verb	A5.2-
constitucional	adj	G1.1
constitución	noun	G1.1 B2 O1 A1.8+
constituir	verb	A1.1.1 A3+ A1.8+ A2.2
construcción	noun	H1 A1.1.1 O2 X2.1
constructivo	adj	S8+
construido	adj	H1 A1.1.1 A5.1+/A2.1 N3.2+/A2.1
Consuegra	pnoun	Z2
consulta	noun	Q2.1 Q1.1/S8+
consultado	verb	Q2.1 Q1.1/S8+
consultar	verb	Q2.1 Q1.1 S8+
consumidor	noun	I2.2 S2
consumir	verb	I2.2 W5
consumo	noun	I2.2 W5
contabilidad	noun	I1 I1.3 I2.1 I2.1.2 P1 Y1
contable	adj	N1
contable	noun	I3.1 I2.1.3
contactar	verb	Q1.1 S1.1.1 S3 S2mf
contacto	noun	Q1.1 S1.1.1 S3 S2mf
Contamina	pnoun	Z2
contar	verb	N2 Q2.2 Q2.1 A10+ A11.1+
contemplación	noun	S9 X2.4
contemplar	verb	X2.4 S9
contemplativo	adj	S9 X2.4 S2mf
contemporáneo	adj	T1.1.2 S2mf
contención	noun	A1.7+
contener	verb	M2 M8
contenido	noun	O1 P1
contestación	noun	Q2.2 S1.1.1 X4.1 X9.2+
contexto	noun	O4.1 A3+ A2.2 Q3
continente	noun	B1 W3
continuación	adj	T2++ N6+
continuado	adj	T2++
continuamente	adv	T2++ N6+
continuar	verb	T2++
continuidad	noun	T2++
continuo	adj	T2++
contra	prep	Z5 A1.8 S3
contracción	noun	B1 N3.2-/A2.1
contracíclico	adj	N4
contradicción	noun	A6.1-
contradictorio	adj	A6.1-
contraetiqueta	verb	Q1.2
contrario	adj	A51 A1.8
contrarrestado	adj	A6.1-
contrarrestar	verb	A6.1- S8-
contrastar	verb	A6.1-
contraste	noun	A6
contratación	noun	Q1.2/I3.1 Q1.2/I2.1.2 Q1.2/G2.1 Q2.2
contratado	adj	Q1.2/I3.1 Q1.2/I2.1.2 Q1.2/G2.1 Q2.2
contrato	noun	Q1.2 I3.1 Q1.2 I2.1.2 Q1.2 G2.1 Q2.2
Contreras	pnoun	Z2
contribución	noun	A9- A2.2 S1.1.3+
contribuido	adj	S8+
contribuir	verb	S8+
control	noun	S7.1+ A1.7+ O2 I1 G1 A1.9
controlado	adj	S7.1+ A1.7+ G1 I1
controlar	verb	S7.1+ A1.7+ G1 I1
contundente	adj	O4.5 X3.1 N5
convencimiento	noun	A7+ A7+ Q2.2
convencional	adj	A6.2+
convención	noun	A6.2+
conveniencia	noun	A12+ S8+
conveniente	adj	A12+ S8+
convenio	noun	A6.1+ Q1 S1.1.3+ A6.1+/G1.1
convento	noun	S9 H1 S5
conventual	adj	S9 S5
conversación	noun	Q3
conversión	noun	S9 E1 A2.1
converso	adj	S9 S2.1 S2.2 A2.1
convertido	adj	A2.1
convertir	verb	A2.1
convertirse	verb	A2.1
convicción	noun	X2.1 X4.1 G2.1
convincente	adj	A7+ A7+ Q2.2
convocar	verb	Q2.2 S1.1.1 Q1.3 X7+ S9%
convocatoria	noun	T1.3 P1
Coomonte	pnoun	Z2
cooperación	noun	S8+
cooperativa	adj	S8+
cooperativo	adj	S8+
coordinación	noun	S7.1 Z5
coordinadamente	adv	S7.1 Z5
coordinador	noun	P1 S7.1 S5
coorganizado	adj	S7.1+  S5+@
copa	noun	O2
Copenhague	noun	Z2 M7
Copenhague	pnoun	Z2
Copernal	pnoun	Z2
copia	noun	A5.4- Q4.1 Q4.2 Q1.2
copiar	verb	A1.1.1
copo	noun	W4 O2
Copons	pnoun	Z2
copresidir	verb	G1.1/S7.1+
corazón	noun	F1 B1 F1
Corbalán	pnoun	Z2
Corbera	pnoun	Z2
Corbins	pnoun	Z2
Corcos	pnoun	Z2
Corcubión	pnoun	Z2
cordero	noun	L2 F1 F4
cordobés	adj	Z2 M7
Cordovilla	pnoun	Z2
Cordovín	pnoun	Z2
Corduente	pnoun	Z2
Corea	noun	Z2
coreano	adj	Z2 S2.1 S2.2
Corella	pnoun	Z2
Corera	pnoun	Z2
Coreses	pnoun	Z2
Coria	pnoun	Z2
Coripe	pnoun	Z2
Coristanco	pnoun	Z2
Cornago	pnoun	Z2
corona	noun	B5 S7.1+ G1.1 B1 W4 I1 B3 O4.4 S7.1+ M6 X9.2+
coronar	verb	S7.3 A1.1.1
coronel	noun	G3 S7.1+ S2mf
Corpa	pnoun	Z2
corporación	noun	I2.1 S5+c G3/S5+c S3.1
Corporales	pnoun	Z2
corporativo	adj	I2.1 S5+c G3/S5+c S3.1
Corral-Rubio	pnoun	Z2
corrección	noun	S9 A5+ A1.8 S1.2.4+
correctamente	adv	A5.3+ A1.8
correctivo	adj	O4.5/X3.1/A5
correcto	adj	O4.5 X3.1 A5
corrector	adj	O4.5/X3.1/A5
correo	noun	Q1.2
correoso	adj	F2 F1 O4.5 X3.1
correr	verb	M1 N3.8+ G1.2 G2.1- X3.3 S7.1+ A1.1.1 T2++ M3 S4 A6.3+ K4
corresponder	verb	S1.2
correspondido	adj	S1.2
correspondiente	adj	A2.2 A6.1+ S3.1
corriente	adj	A6.2
corroborar	verb	A10+ A7+ Q2.2
corrupción	noun	G2.2- G2.1- Q3
cortado	adj	O4.1
cortado	noun	F2 A4.1
cortador	adj	I4/S2mf O2
cortar	verb	A1.1.2 A2.1
corte	noun	O4.5 O4.4
Corteconcepción	pnoun	Z2
Cortegada	pnoun	Z2
Cortegana	pnoun	Z2
Cortelazor	pnoun	Z2
Cortes	pnoun	Z2
cortesía	noun	S1.2.4+
corteza	noun	L3 O1.1
cortezas	noun	L3/O1.1
corto	adj	A1.1.2 A2.1
cortés	adj	S2.1 S2.2 S1.2.4+
cortésmente	adv	S1.2.4+
Corullón	pnoun	Z2
Coruña	pnoun	Z2
coruñense	adj	Z2 S2.1 S2.2
Corán	noun	Q4.1 S9
Corçà	pnoun	Z2
Cosa	pnoun	Z2
cosa	noun	O2 X4.1 A7- S2mf L2mf
cosas	noun	O1 A1 O2 X4.1 A7-
Coscurita	pnoun	Z2
cosecha	noun	F4
coser	verb	A2.1 M1
Coslada	pnoun	Z2
Cospeito	pnoun	Z2
costa	noun	W3
coste	noun	I1.3
coste-beneficio	port	I1.3 I2
costilla	noun	B1 F1
Costitx	pnoun	Z2
costumbre	noun	A6.2+
Costur	pnoun	Z2
Cosuenda	pnoun	Z2
Cotes	pnoun	Z2
cotidiano	adj	Q4.2 B4 S2mf T1.1.2 N6+
Cotillas	pnoun	Z2
cotizado	adj	A9- A2.2 S1.1.3+
cotizar	verb	A9- A2.2 S1.1.3+
Cotonú	pnoun	Z2
Covaleda	pnoun	Z2
COVAP	abbr	Z3
Covarrubias	pnoun	Z2
Covelo	pnoun	Z2
Cox	pnoun	Z2
coyuntura	noun	A3+ O4.1 M6 I3.1@
Coín	pnoun	Z2
CPE	abbr	Z3c
CPSS-IOSCO	abbr	Z3c
CRD	abbr	Z3c
creación	noun	A1.1.1 T2+
creado	adj	A1.1.1/T2+
creador	noun	A1.1.1 S2mf A2.2 S2mf
crear	verb	A1.1.1 T2+
creativo	adj	C1 S2mf X2.1 A6.2-
Crecente	pnoun	Z2
crecer	verb	N3.2+/A2.1 A2.1+ A5.1+/A2.1
creciente	adj	N5+/A2.1
crecimiento	noun	I1 B2
crediticia	noun	I1.1 A5.1+
credulidad	noun	X2.1 S9 A5.1 X2.1 S8+ T1.1.3 E1+
creencia	noun	X2.1 S9 X2.1 S8+ T1.1.3 E1+
creer	verb	S9 X2.1
Creixell	pnoun	Z2
crema	noun	F1 A9+ S7.1+ B3 O1.2 O4.3 A5.1+++
cremosa	noun	O4.5/X3.1
cremosidad	noun	O4.5 X3.1
cremoso	adj	O4.5 X3.1
creo	verb	S9 X2.1 S8+ T1.1.3 E1+
Crespià	pnoun	Z2
Crespos	pnoun	Z2
Cretas	pnoun	Z2
Crevillent	pnoun	Z2
creyente	adj	S2.1 S2.2 S9 S5 X2.1 S8+ T1.1.3 E1+
creíble	adj	X2.1+
criadora	noun	F4/S2m
crianza	noun	F2 T3 M8
criar	verb	S1.1 P1 X1
Crimea	noun	Z2 M2 E3 G1.1
criminal	adj	G2.1- A5.1- G2.1- S2mf
criptoxantina	noun	O1
crisis	noun	A12- A1.9 A5.1
cristal	noun	H5 O1.1 O2
cristalizar	verb	O1.1 A7+
cristianismo	noun	S5 S9 X2.1
cristiano	adj	S9 S9 S2mf Z1mf X2.1 A5.1
Cristina	pnoun	Z2
Cristo	noun	Z1m Z4 S9
Cristóbal	pnoun	Z2
criterio	noun	X4.1 X2.1 X2.1 A5 X6+ G2.1 X4.2
criticar	verb	Q2.2 E2-
Crivillén	pnoun	Z2
Croacia	pnoun	Z2
crocante	adj	O4.5
CRR	abbr	Z3c
CRTA	abbr	Z3
cruce	noun	F4 M6
crudo	adj	F1 F2 O4 O4.1 O4.6-
crujiente	adj	O4.5 O4.2- X3.2
crustáceo	noun	F1 L2 A4.1
cruz	noun	Z1 E6 H5
cruzado	adj	S9 S2.1 S2.2 G3
cruzado	noun	S9 S2.1 S2.2 G3
cruzar	verb	M1 M6 S8- A1.8+ A6.3+ F4 L2 O4.4 Q1.2 E3- S1.1.1 S9
Cruïlles, Monells I Sant Sadurní de L'heura	pnoun	Z2
crédito	noun	I2.1
crédulo	adj	S2.1 S2.2 S9 A5.1 X2.1 S8+ T1.1.3 E1+
Crémenes	pnoun	Z2
crítica	noun	Q2.2/E2- A11.1+ X2.4
crítico	adj	Q2.2 E2- A11.1+ X2.4
crónico	adj	T1.3+
cuaderno	noun	Q1.2 P1
cuadrado	adj	O4.4 A6.1+ N2 S7.4 M3 H3 T3+ S2mf
cuadragésimo	adj	N4 N5
cuadragésimo	noun	N4 N5
cuadragésimo	num	N4 N5
cuadro	adj	H5 B2 C1 O1
Cuadros	pnoun	Z2
cuadruplicado	adj	N3.2+/A2.1
cuajada	noun	F1
cuajado	adj	O4.5 O4.1
cuajar	verb	A2.1 F1 F2
cuajo	noun	O1
cual	pron	Z5 Z8
Cualedro	pnoun	Z2
cuales	adj	Z5
cualidad	noun	O4.1 A4.2+ N2
cualificación	noun	P1 X9.1 A1.7+
cualquier	adj	Z5
cualquier	noun	N5.1+ N5
cualquiera	pron	Z8mf
cuando	adv	Z5 T1.1
cuando	conj	Z5 T1.1
cuanta	noun	Z5 T1.1 N3.1
cuanto	adj	Z5 T1.1 N3.1
cuarenta	num	N1 T3
cuaresma	noun	S9 T1.3 A1.8-
cuaresmal	adj	S9 T1.3 A1.8-
cuarto	adj	N4 N5
cuarto	noun	N4 N5 P1
cuarto	num	N4 N5
cuatrimestre	noun	T1.3 P1
cuatro	adj	N1
cuatro	num	N1
Cuba	noun	Z2 O4.6+
Cuba	pnoun	Z2
cuba	pnoun	Z2 H5
cubano	adj	Z2 Z2 S2mf
Cubel	pnoun	Z2
Cubelles	pnoun	Z2
Cubells	pnoun	Z2
cubierto	adj	O4.2
cubierto	noun	O2
Cubilla	pnoun	Z2
Cubillo	pnoun	Z2
Cubillos	pnoun	Z2
Cubla	pnoun	Z2
cubo	noun	O2 O4.4
cubrir	verb	A10
Cucalón	pnoun	Z2
cuchar	verb	O2
cuchara	noun	O2
cucharada	noun	N5
cucharadita	noun	N5-
cucharón	noun	O2 N3.2+
cuchillo	noun	E3- O2
Cudillero	pnoun	Z2
Cuelgamures	pnoun	Z2
Cuenca	noun	Z2 N3.3- S5-
Cuenca	pnoun	Z2
cuenca	noun	Z3
cuenco	noun	O2
cuenta	noun	I1.1 N2 Y2 N5 N5.1+ I1.3.1 O2
Cuernavaca	pnoun	Z2
cuerno	noun	B1/L2
cuero	noun	O1.1 O4.3
cuerpo	noun	O4.5 O4.2 B1
Cuerva	pnoun	Z2
cuervo	noun	L2
cuestionar	verb	Q2.2
cuestión	noun	X2 X2.4 P1 A12
cueva	noun	W3
cuidado	adj	E6 E2+ S8+ B3
cuidadosamente	adv	A1.3+
cular	verb	F1 B1
culinario	adj	F1
Culla	pnoun	Z2
Cullera	pnoun	Z2
Culleredo	pnoun	Z2
culminar	verb	X9.2+
culpable	adj	G2.1- E4.1-
cultivado	adj	S2.1 S2.2 X2 X9.1
cultivar	verb	F4 A2.1
cultura	noun	C1 S1.1.1 S5+ L1 X2 C1 Q4.1
cultural	adj	C1 S1.1.1 S5+ Q4.1
cumbre	noun	W3
cumpleaños	noun	T1.2 T3
cumplimiento	noun	G2.1+ A6.1+ S7.1-
cumplir	verb	A1.2
cuna	noun	M1 M2
Cunit	pnoun	Z2
Cuntis	pnoun	Z2
cura	noun	S9 S2.1 E1
curación	noun	T3+ A2.1
curado	adj	F1 T3+ O4.1 X3.5 X3.1 B3
curar	verb	A2.1 B3
Curitiba	pnoun	Z2
curricular	adj	X7+ P1
curry	noun	F1 L3
currículum	noun	Y1 P1
cursado	adj	S1.1.3 P1
cursar	verb	S1.1.3 P1
cursillo	noun	S1.1.3 P1
curso	noun	T1.3 P1
Curtis	pnoun	Z2
curva	noun	O4.4
custodiar	adj	A1.1.1/A15+
cuyo	adj	Z5 S3 S2mf
cuál	pron	Z5 Z8
Cuéllar	pnoun	Z2
cuña	noun	O4.4 O2
cuñar	verb	O4.4/O2
Càlig	pnoun	Z2
Càrcer	pnoun	Z2
Cáceres	pnoun	Z2
Cádiar	pnoun	Z2
Cádiz	pnoun	Z2
Cájar	pnoun	Z2
cálculo	noun	B2 N2
cálida	adj	O4.6+ O4.2+
cálido	adj	O4.6
cámara	noun	H5 K5.2 O1.1
cáncer	noun	B2-
cántabro	adj	Z2 S2.1 S2.2
Cárcar	pnoun	Z2
Cárcheles	pnoun	Z2
Cárdenas	pnoun	Z2
Cármenes	pnoun	Z2
Cártama	pnoun	Z2
cártamo	noun	F1 L3 B3
cáscara	noun	F1
Cáseda	pnoun	Z2
Cástaras	pnoun	Z2
cátedra	noun	T3 P1
Cáucaso	noun	Z2 M7
Cáñar	pnoun	Z2
célula	noun	B1 O3
céreo	adj	O4.4 O4.5
cíclico	adj	N4
cítara	noun	S9 K2
cítrica	adj	X3.1/X3.5
cítrico	adj	X3.1 X3.5
Cóbdar	pnoun	Z2
código	noun	A10- Q1.1 A4.1 Y2 B1% G2.1 G2.2 B3%
cólico	noun	B2
cómico	adj	E4.1+ E4.1+ S2mf E4.1+ Q4.2
cómo	adv	Z5
Cómpeta	pnoun	Z2
cómplice	noun	S8+ S2mf
cóncavo	adj	O4.4
Córcega	noun	Z2 M7 O1.2
Córdoba	noun	Z2 M7
Córdoba	pnoun	Z2
Cózar	pnoun	Z2
Côte d'ivoire	pnoun	Z2
Cúcuta	pnoun	Z2
Cúllar	pnoun	Z2
cúrcuma	noun	F1 L3 B3
Cútar	pnoun	Z2
d	noun	Z5
D.	noun	N4
D.	num	N4
d.	noun	N4
d.	num	N4
d.o.	abbr	A4.1/I1/F1 A4.1/I1/F2
da	verb	A3 S3 A9+
Daca	pnoun	Z2
dación	noun	I1.2 A9- I1.1/I3.1
dado	adj	A4.2+ A9+ A1.1.1 Z5 K1 A3 S3
dado	noun	O4.4
dado	verb	A4.2+ A9+ A1.1.1 Z5 K1 A3 S3
Daegu	pnoun	Z2
Daejeon	pnoun	Z2
Dai	pnoun	Z3c
Daimiel	pnoun	Z2
Daimús	pnoun	Z2
Dakar	noun	Z2 M7 K5.1
Dakar	pnoun	Z2
dal	noun	F1
Dalian	pnoun	Z2
Dallas	pnoun	Z2
Dalías	pnoun	Z2
Damasco	noun	Z2 M7 S9 F1 L3
Damasco	pnoun	Z2
Dammam	pnoun	Z2
dan	verb	A3 S3 A9+
daniel	pnoun	Z1
danza	noun	K2 M1 C1
Danés	adj	Z2 Z2 Q3 Z2 S2mfnc
Daqing	pnoun	Z2
dar	verb	A1.1.1 S1
dar	adv	A1.1.1/S1
Darjeeling	pnoun	Z2
darjeeling	noun	F2 L3 Z3 B3
Darnius	pnoun	Z2
Daroca	pnoun	Z2
Darro	pnoun	Z2
Das	pnoun	Z2
datar	verb	X2.2/X2.4 Q1.1 Q2.1 Y2 X4.1 A1.5.2 K5 A10+ M6
dato	noun	X2.2 X2.4 Q1.1 Q2.1 Y2 X4.1 A1.5.2 K5 A10+ M6
Datong	pnoun	Z2
datos	noun	I1 N1
Davao	pnoun	Z2
david	pnoun	Z1
dañar	verb	A1.1.2 A15-
de	prep	Z5
Deba	pnoun	Z2
debajo	adv	Z5 A1.8+
debate	noun	Q2.2 P1
debatir	verb	Q1.1 A6.1 Q1.1 A6.1 G1.2
deber	noun	A5.1- A13 P1 X6
deber	verb	S6 A7+
debido	adj	A5.1- A13 S3 I1
debilidad	noun	S1.2.5- O4.1 S7.1- A5.1- X9.1- E2+
decanato	noun	H2 S7.1 P1
decano	noun	P1 S7.1 P1 S5
decantar	verb	A2.1 F2
decididamente	adv	A7+
decidido	adj	A13.2
decidir	verb	X7
decimoquinto	adj	N4 N1
decir	verb	Q3
decisivamente	adv	A11.1+ X6+
decisión	noun	X6+ Q1
declaración	noun	Q3A11
declarar	verb	Q3 A11
decoración	noun	C1 H1 O2 O4.2+ S1.1.4+
decorar	verb	A2.1 O4.2 X3.4
decreciente	adj	N5-/A2.1
decrecimiento	noun	N5-/A2.1
decreto	noun	G1.1
decreto-ley	port	G1.1 X2.1 S9 G1
decía	verb	Q1
dedicación	noun	X5.2+
dedicado	adj	Q2.2 A9-
dedo	noun	B1
deducción	noun	X2.5
deducir	verb	X2.5
deductivamente	verb	X2.5 Z5
deductivo	adj	S2.1 S2.2 X2.5
defecto	noun	A5.1- B2- G1.2
defensa	noun	A10- G2 S7 K5.1 G3
defensivo	adj	A10-
defensor	noun	S8+ S2mf G2.1 S2mf G3 S2mf O2 K5.2
deficiencia	noun	A13/A13.7 S2
deficiente	adj	A13 A13.7 S2
deficientemente	adv	A13 A13.7 Z5
definición	noun	Q2.2 O4.1
definido	adj	O4.1
definir	verb	Q2.2 A2.2
definitivamente	adv	A7+
definitivo	adj	A13.2 A7+ A4.1
deflactor	noun	I2.1/I1
defunción	noun	S9 A2
Degaña	pnoun	Z2
degenerativo	adj	A5.1--
degustación	noun	X3.1/F1/F2
degustar	verb	X3.1 F1 F2
deidad	noun	S9
Deierri	pnoun	Z2
Deifontes	pnoun	Z2
Deià	pnoun	Z2
deja	verb	S7.4 A3
dejar	verb	S7.4 A3
dejó	verb	S7.4 A3
del	prep+art	Z5
delante	adv	Z5 N3.3
delegación	noun	S5+c H1 S7.4+ A9-
Deleitosa	pnoun	Z2
Delhi	noun	Z2
Delhi	pnoun	Z2
delicado	adj	O4.2
delicatessen	noun	F1 F2 A5.1+ I2.2
delicia	noun	A5.1+
deliciosamente	adv	A5.1+
delicioso	adj	X3.1 X3.4
delincuente	noun	G2.1- S2mf T3-
Deltebre	pnoun	Z2
demanda	noun	I2.2
demandado	adj	I2.2
demandante	noun	I2.2
demandar	verb	Q2.2 Q1.2 G2.1 G2.1/Q1.2 I2.2
demasiado	adj	Z5 A5 A6 N5.1+
Demerara	pnoun	F1 A4.1 Z2 O4.3
demiglace	noun	F1
democracia	noun	G1.2 S7
democrático	adj	G1.2 S3
demográfico	adj	S5+
demoniaco	adj	S9 S2.1 A5.1- A15-
demonio	noun	S9 S2.1 A5.1- A15-
demostración	noun	G1.2 A10+ X2 P1
demostrar	verb	X2 P1
Demá	pnoun	Z5 S2
demás	adj	Z5 S2
denario	noun	I1 I1.3 S9
denominación	verb	A4.1
denominación	noun	A4.1
denominado	adj	A4.1
Denpasar	pnoun	Z2
denso	adj	O4.5 X3.1
dentro	adv	M6 G2.1 S1.1.3+ Z5 N3
denuncia	noun	Q2.2 G2.1
denunciar	verb	Q2.2 E2-
Denver	pnoun	Z2
departamento	noun	H2 S5+c M7
depender	verb	A2.2 S6- S7.1-
deporte	noun	A10+ K5.1
depositar	verb	M2
depósito	noun	I2.1/T3/O2
depresión	noun	B2 W3
depuración	noun	B3
depurativo	adj	B3
depósito	noun	I2.1 T3 O2
derecha	adj	G1 S7 N3
derecha	noun	G1 S7 N3
derecho	noun	P1 G2.1 S1.1.4 I2.1.1 Y1
derechos	noun	G2.1
Derio	pnoun	Z2
derivado	adj	N2 A2.2 T2+ A3+ A9+
derivar	verb	N2 A2.2 T2+ A3+ A9+
derogar	verb	T2- A1.1.2 G2.1/T2-
derretido	adj	A2.1 O4.5
derretir	verb	A2.1
desaceleración	noun	N3.8-
desacelerado	adj	N3.8-
desacelerar	verb	N3.8-
desacidificación	noun	A2.1/O1
desacuerdo	noun	A6.1- E2-
desagradable	adj	O4.2-
desangre	noun	B1 A1.1.1 B3%
desapalancamiento	noun	S7.1-/I2
desaparecer	verb	A3- A10- A9- A5.3- X3.4- A11.2- X2.5- X9.2- E4.1- T4- S1.1.3-
desaparecido	adj	A3- A10- A9- A5.3- X3.4- A11.2- X2.5- X9.2- E4.1- T4- S1.1.3-
desaparición	noun	A10- M1 A3-
desarrollado	adj	A2.1+ T2+ A5.1+/A2.1 N3.2+/A2.1 H1 A9+ C1
desarrollar	verb	A2.1
desarrollo	noun	T3 A2.1
desasnar	verb	X2 P1
desastre	noun	A5.1--- X9.2- A1.1.2 W4
desayuno	noun	F1
desbastar	verb	X2 P1
descalcificación	noun	A2.1/O1
descalzo	adj	B1
descansar	verb	E3+ M6 A3+ A2.2
descanso	noun	E3+ M6 A3+ A2.2 P1
descarga	noun	M2 M2/Y2
descargado	adj	M2
Descargamaría	pnoun	Z2
descargar	verb	M2
descender	verb	M1 S4 N5- A2.1
descendiente	noun	S4mfn
descenso	noun	M1 N5-/A2.1 S7.1-
descentralizado	adj	S5-
descifrar	verb	A10- Q1.1
descomponer	verb	A1.1.2 A2.1
desconfianza	noun	X2.1 A5.1-
descongelar	verb	A2.1 O4.6
desconocido	adj	X2.2-
descorazonar	verb	S8- E4.2-/A2.1
descortés	adj	S1.2.4-
describir	verb	Q2.2
descripción	noun	Q2.2 A4.1
descubrimiento	noun	A10+
descubrir	verb	A10
descuento	noun	N5-
descuidar	verb	A1.9
desde	prep	Z5 N3.3 T1 M6
deseable	adj	O4.2+ X7+
deseado	adj	E2+
desear	verb	A2 A3
desecar	verb	A2.1
desechar	verb	X7- T2-
desempeñar	verb	A1.1.1 X9.2+
desempleo	noun	I3.1-
desencadenar	verb	A1.7- A2.2
deseo	noun	A2 A3
desequilibrio	noun	A6.1-  A2.1+
desestimación	noun	S7.2- X7- G2.1
desfangado	adj	A2.1/F2
desgraciadamente	adv	A1.4- A5.1- E4.1-
deshacer	verb	A2.1
deshidratado	adj	O1.2- A2.1
deshidratar	verb	O1.2-
deshuesar	verb	A1.1.1 B2
desierto	noun	M1 S5- W3
designado	adj	Q2.2 X7+
designar	verb	Q2.2 X7+
desigual	adj	A6.1-
desigualdad	noun	A6.1- S7.1-
desintoxicante	adj	B3
desmentir	verb	A6.1- Q2.2 A6.1-
desmenuzado	adj	A1.1.2/A2.1
desmenuzar	verb	A1.1.2 A2.1
desmigado	adj	A1.1.2/A2.1
desmigajar	verb	A1.1.1
desmigar	verb	A1.1.2 A2.1
desnatado	adj	O4
desnatar	verb	A2.1
Desojo	pnoun	Z2
desollar	verb	A2.1 A1.1.2
despalillado	adj	A2.1/A1.1.2
despalillar	verb	A2.1 A1.1.2
despertar	verb	A1.1.1
despierto	adj	B1 X2.5+
desplazado	adj	M2 M1 A2.1+
desprender	verb	M2/A6.1-
desprovista	adj	A9-
después	adv	N4 Z5 T1.1
destacado	adj	A5.1++
destacar	verb	A5.1++
destapar	verb	A1.1.1 A10
destinado	adj	T1.1. A3 S9
destino	noun	T1.1. A3 S9
destreza	noun	X9.1+
Destriana	pnoun	Z2
destrucción	noun	A1.1.2
destruido	adj	A1.1.2
desuerado	adj	A2.1
desuerar	verb	A2.1
desviaciones	noun	X5.1-
desviación	noun	X5.1-
detallar	verb	A4.2+ S5+c B5 Q2.2
detalle	noun	A4.2+ S5+c B5 Q2.2
detectar	verb	A10+
detener	verb	A1.1.1
deteriorar	verb	A5.1- A2.1
determinación	noun	X6+ A2.2 A7+
determinado	adj	A4.2+ X6+ Q3
determinante	adj	X6/X2
determinar	verb	X6 X2
Detroit	pnoun	Z2
detrás	adv	M7
deuda	noun	I1 A5.1- A5.1
deudor	noun	I1.2/S2mf
deudora	noun	I1.2/S2mf
devaluación	noun	I1.3 A11.1-/A2.1 I1.1-/A2.1
Devocionario	noun	Q4.1 S9
devoción	noun	E2+ S6+ S9
devolución	noun	I1.1+/A9-
devotamente	adv	Z5 S9 E2+ S6+
devoto	adj	S2.1 S2.2 S9
dextrina	noun	O1
dextrosa	noun	O1
Deza	pnoun	Z2
Dhanbad	pnoun	Z2
diabetes	noun	B2
diablo	noun	F1 E3- S9 G2.2- S2mf L3 A5.1 A15-
diabético	adj	B2
diabólico	adj	S9 A5.1- E3- A15-
diagnóstico	noun	B3 X4.1
diamante	noun	O1.1 O4.4
diariamente	adv	Q4.2 B4 S2mf T1.1.2 N6+
diario	adj	Q4.2 B4 S2mf T1.1.2 N6+ T1.1 Q4.1
diario	noun	Q4.2 B4 S2mf T1.1.2 N6+ T1.1 Q4.1
diarrea	noun	B2
dibujo	noun	C1 P1
Dicastillo	pnoun	Z2
diccionario	noun	P1 Q4.1 P1
dicho	adj	Q2.1 Q1.1
dicho	noun	Q2.1 Q1.1
diciembre	noun	T1.3
dictado	noun	Q3 P1
dictador	noun	S7.1+ S2mf Q2.2 S2mf
dictadura	noun	S7.1+
didascalia	noun	X2 P1
didascálico	adj	X2 P1
didáctica	noun	X2.5 X5 P1
didácticamente	adv	X2.5 X5 Z5
didáctico	adj	S2.1 S2.2 X2.5 X5 P1
diecinueve	adj	N1
diecinueve	num	N1
dieciocho	adj	N1 T3
dieciocho	num	N1 T3
diecisiete	adj	N1 T3 T1.2
diecisiete	num	N1 T3 T1.2
dieciséis	adj	N1
dieciséis	num	N1
Diego	pnoun	Z1
diente	noun	B1
dientes	noun	B1
dieta	noun	F1 T1.2
diez	adj	Z5 I1 N1 T3
diez	num	Z5 I1 N1 T3
Diezma	pnoun	Z2
diezmo	noun	S9 I1.2
diferencia	noun	A6.1-
diferenciada	adj	S2mf S5 P1
diferenciador	adj	S2mf S5 P1
diferencial	noun	A6.1- N2
diferenciar	verb	A6.1- N2
diferente	adj	A6.1-
diferentes	adj	I1 A5 A6
diferir	verb	A6.1- T1
dificultad	noun	A12- X4.1 N2 B2-
difosfato	noun	O1
difundir	verb	A1.1.1 N3.6+/A2.1 N3.3+/A2.1 N5+/A2.1
difunto	noun	S9 S2.1 S2.2
difusión	noun	Q1 A1.1.1 N3.6+/A2.1 N3.3+/A2.1 N5+/A2.1
difícil	adj	A12- A7-
difícilmente	adv	A7- A13.7
digestivo	adj	B3
digestión	noun	B1
digital	adj	Y2 N1
digitalización	noun	Y2 N1
diglicérido	noun	O1
dignidad	noun	S7.2+
digno	adj	S1.1.4+ G2.2+
dijo	verb	Q1
Dijon	pnoun	Z2
diligencia	noun	A1.1 S1.13 S9 M3 X5.2+
diligente	adj	A1.1 S1.13 P1
diluir	verb	A2.1
Dima	pnoun	Z2
dimensión	noun	N3.1
Dinamarca	noun	Z2 Z1mf Z3c F1 M7
Dinamarca	pnoun	Z2
dinamismo	noun	X4.2 M1 Y1
dinero	noun	I1 A1.4+ X7+ S1.2.2-+
dinámica	noun	X4.2 M1 Y1
dinámico	adj	A2.1+ X5.2+
dio	verb	A2 A9
Dios	noun	S2 S9 S7 A3 A9
diplomar	verb	P1 Q1.2
diplomático	adj	G1.1 S1.2.4+ S2mf
diplomático	noun	G1.1 S1.2.4+ S2mf
diputado	noun	G1.1 S2mf G3 G2.1 S2mf@
dirección	noun	M6 S7.1+ Q2.2 X4.2 K4
directivo	adj	M6 N3.8+ S1.2 A12+ A10+/S1.2
directo	adj	M6 N3.8+ S1.2 A12+ A10+ S1.2
directo	adv	M6 N3.8+ S1.1.1 N4
director	noun	G1 S7 P1 S5 S7
dirigente	adj	G1.2S2
dirigente	noun	G1.1 S2
dirigido	adj	M6 S7.1+ Q2.2 X4.2 K4
discapacidad	noun	B2- S8- X9.1-
disciplina	noun	A13.3 E4 O2 S9 P1
disciplinar	verb	P1 S1.2.5 S7
disco	noun	O4.4/O2
discoidal	adj	Q3
disculpar	verb	Q2.2 S1.2.4+
discurso	noun	Q1 Q2 P1
discusión	noun	Q2.1 Q2.2
discutido	adj	A6.2-
discípulo	noun	P1 S2mf S9 S2mf
diseñado	adj	C1 X7+ B5
diseño	noun	C1 X7+ B5
disfrazado	adj	A10-
disfrutar	verb	A1.1.1 E2+
disfuncional	adj	A5.1-S8- B2
dislalia	noun	B2- P1
dislexia	noun	B2- P1
disléxico	adj	S2.1 S2.2 B2 P1
disminución	noun	A1.1.1/N5-
disminuir	verb	A1.1.1 N5-
disolver	verb	A2.1
disparidad	noun	A6.1-
disponer	verb	A1.1.1 A3+
disponibilidad	noun	A3+
disponible	adj	A3+
disposición	noun	X9.1 S1.2 X7+ I2.1.2 Q1.2 Q2.2 G2.1 Q1.2 I1.1 O4.2+ S7.1+ X6+ A1.7+ G1.1 O4.1 G2.1 Q1.2
dispuesto	adj	X7+ A9+ A2.2 S6+
disputa	noun	A1.1.2- S7.3 A1.9 A15-
disputar	verb	A1.1.2- S7.3 A1.9 A15-
disrupción	noun	E3-
distancia	noun	N3.3
distante	adj	N3.3+ S1.2.1- X5.1-
distinción	noun	A6.1- A5.1+ S7.2+
distingar	verb	A6.1- X3 A5.1+
distinguido	adj	A6.1- X3 A5.1+ S7.1+
distinguir	verb	A6.1- X3 A5.1+
distintas	adj	A5 A6.1-
distintivo	adj	A6.1-
distinto	adj	A6.1-
distintos	adj	A5 A6.1-
distraer	verb	X5.1-
distribución	noun	I2.2
distribuido	adj	I2.2/A1.1.1
distribuir	verb	I2.2 A1.1.1
disuelto	adj	A2.1
diurético	adj	B3
diversas	adj	A5 A6.1-
diverso	adj	A5 A6.1-
dividir	verb	A1.1.1
divinidad	noun	S9 O4.2+ X2.1 A7- X2.4 S9
divino	adj	S9 O4.2+ X2.1 A7- X2.4 S9
divisa	noun	I1
división	noun	A6.1- N2 G2.1 S5+c G3 S5+c G1.2 K5.2 S5+c
divorcio	noun	S4 A6.1- A5.1- A12-
divulgativo	adj	P1
Diyarbakir	pnoun	Z2
diácono	noun	S2.1 S9
diálogo	noun	Q2.1
diámetro	noun	N3.7 N3.3
día	noun	T1.3
Djibouti	pnoun	Z2
Dnipropetrovsk	pnoun	Z2
DO	noun	A5.4+
do	prep	A5.4+
doble	adj	F2 A6.1+ S2mf N5+ N5+ A2.1
doble	noun	N1
doce	num	N1
docena	noun	N5
docencia	noun	S7 P1 X2.2 X2.3 S5
docente	adj	S2 X2.2 X2.3 S7 P1 S5
doctor	noun	B3 A2.1+ G2.1- B3 I3.2 S2mf P1 S2mf X2.3
doctorado	noun	S5 P1
doctorando	noun	S2.1 S2.2 P1 X2.3
doctrina	noun	P1 X2
documentación	noun	Q1.2 Y2
documentado	adj	Q1 P1
documental	adj	Q4.3
documentar	verb	Q1 P1
documento	noun	Q1.2 X2.2+ Y2 I2.1.2
Dodro	pnoun	Z2
Doha	noun	Z2 M7 I1 S7
doler	verb	B2- E4.1- A1.1.2 A5.1- A1.6
dolor	noun	B2- A1.6 A5.1- E4.1-
Dolores	pnoun	Z2
doloroso	adj	B2- E4.1-
domado	adj	E3+/S7.1+
Domeño	pnoun	Z2
dominancia	noun	X9.1+ S7.1+ A11.1+ A11.2+
dominar	verb	S7.1+ A1.7+ A11.1+ A11.2+
domingo	noun	Z5 T1.1 S2.1 Z1 M7 E2+ E3+
Dominica	pnoun	Z2
Dominicana	pnoun	Z2
dominio	noun	X4.1 A9+ Y2
doméstico	adj	B4 S2mf H4 S4 E3+ L2 M6
don	noun	A11
Donamaria	pnoun	Z2
donante	adj	S9 I1 A9
donativo	noun	S9 I1 A9
donde	adv	Z5 M6
Donemiliaga	pnoun	Z2
Donetsk	pnoun	Z2
Doneztebe	pnoun	Z2
Dongying	pnoun	Z2
Donhierro	pnoun	Z2
Donjimeno	pnoun	Z2
Donostia	pnoun	Z2
donostiarra	adj	Z2 S2.1 S2.2
Donvidas	pnoun	Z2
DOP	abbr	Z3
dorado	adj	O4.3
dorar	verb	A2.1
dormir	verb	B1 H4 N5
Dornic	pnoun	X3.1 F1 O4.1
dos	adj	Z5 N1 T3 T1.2
dos	num	Z5 N1 T3 T1.2
Dosbarrios	pnoun	Z2
dosis	noun	A9- N5
Dosrius	pnoun	Z2
dotado	adj	A9- S7+ X9.1+
dotar	noun	A9- S7+ X9.1+
dotar	verb	A9-
Dozón	pnoun	Z2
doña	noun	S2.1f S7.1+ S2.1f
Draghi	pnoun	Z1
drama	noun	K4 A1.1.1
dramático	adj	K4 E1 N5.2+ N3.8++
Driebes	pnoun	Z2
droga	noun	B3 F3 B2- A1.9 A15-
druida	noun	S9 A5.1 S2
DSGE	abbr	Z3c
Duala	pnoun	Z2
Dublín	pnoun	Z2
Dubái	pnoun	Z2
duda	noun	A7-
dudar	verb	A7-
dudosamente	adv	A7-
dudoso	adj	A7-
duero	verb	Z2
Duesaigües	pnoun	Z2
Dueñas	pnoun	Z2
dueño	noun	A9+ S2
dulce	adj	X3.1 X3.5 O4.5
dulce	noun	F1 X3.5 X3.1
dulzor	noun	X3.1
dulzura	noun	X3.1
Dumbría	pnoun	Z2
duración	noun	A7-
duración	noun	A7-
duración	noun	N3.7 T1.3
duradero	adj	T2++
Durango	pnoun	Z2
durante	prep	Z5 T1.1
durar	verb	T2++ T1.3
durazno	noun	F1 L3
Durban	pnoun	Z2
duro	adj	O4.5 O4.1
Duroc	pnoun	L2
Duruelo	pnoun	Z2
Durón	pnoun	Z2
dátil	noun	F1 L3
débil	adj	S1.2.5- O4.1 S7.1- A5.1-
década	noun	T1.3
décima	adj	N4 N5
décimo	adj	N4 N5
décimo	noun	K1 A1.4 N4 N5
décimo	num	N4 N5
déficit	noun	N5- I2 B2-
Dénia	pnoun	Z2
Dévanos	pnoun	Z2
día	noun	T1.3
días	noun	T1.1
díaz	pnoun	Z1
Dílar	pnoun	Z2
Dólar	pnoun	Z2
dólar	noun	I1 S7
dólares	noun	I1 S7
dónde	adv	Z5 N3
Dúdar	pnoun	Z2
Dúrcal	pnoun	Z2
e	noun	Z5
e-120	noun	F1/S8
e-250	noun	F1/S8
e-252	noun	F1/S8
e-300	noun	F1/S8
e-301	noun	F1/S8
e-316	noun	F1/S8
e-325	noun	F1/S8
e-331iii	noun	F1/S8
e-450i	noun	F1/S8
e-450iii	noun	F1/S8
e-451	noun	F1/S8
e-452i	noun	F1/S8
e-500ii	noun	F1/S8
e-503ii	noun	F1/S8
e-504	noun	F1/S8
E.	noun	N4
E.	num	N4
e.	noun	N4
e.	num	N4
e150	noun	F1/S8
e223	noun	F1 S8+/A1.1.2-
e250	verb	F1/S8
E304	noun	O1
E306	noun	O1
E442	noun	O1
E450	noun	O1
E476	noun	O1
e500	noun	F1/S8
e504	noun	F1/S8
E524	noun	O1
Ea	pnoun	Z2
earl	noun	S7.1+/S2m
EBA	abbr	Z3c
ebullición	noun	O4.6+ E3- A12-
echar	verb	A1.1.1 A1.8+
Echarri	pnoun	Z2
eclesiástico	adj	S9 S2.1 S2.2
ecofin	abbr	I2 I1 S2mf S7
ecológico	adj	L1 W5 F4
economista	noun	I2.1 S2mf A5 A15
economía	noun	I1 G1 S7 A5 A15
económica	adj	I1 G1 A5 A15
económicamente	adv	I1.3- I2.1 A5 A15
económico	adj	I2
económico-financiera	adj	I2 I1 S2mf S7
ecosistema	noun	W5 W3 O4.1
Ecuador	noun	Z2 M7 O4.6+
Ecuador	pnoun	Z2
ecuatoriano	adj	Z2 S2.1 S2.2
ecónomo	noun	S9 S2.1 I2 A5
edad	noun	T3
edición	noun	Q4 Q1.2
edificio	noun	H1
Edimburgo	noun	Z2 M7
Edmonton	pnoun	Z2
eduardo	pnoun	Z1m
educable	adj	X2.3 P1
educación	noun	P1 X2.3+ S1.2.4+ S1.2
educadamente	adv	X2.3 P1 Z5 S1.2.4+
educado	adj	X2.3 P1 S1.2.4+
educar	verb	P1 S1.1.3 S1.2.4+
educativo	adj	S2.1 S2.2 P1 X2.3 S1.2.4+
edulcorante	adj	O1 O1.1
edulcorante	noun	O1 X3.1
EFC	abbr	Z3c
efe	noun	Z5
efectivamente	adv	X9.2+
efectivo	adj	X9.2+
efectivo	noun	I1 I1.3.1
efecto	noun	A2.2 A8
efectos	noun	I1 A6
efectuar	verb	A1.1.1 A9+
EFF	noun	Z3c
eficacia	noun	X9.2+
eficaz	adj	A5.1+
eficiencia	noun	X9.1+ I3.2 N3.8+ A1.5.2+
eficiente	adj	X9.1+ I3.2 N3.8+ A1.5.2+
egipcio	adj	S2.1 S2.2 Z2
Egipto	noun	Z2 M7 O4.6+
Egipto	pnoun	Z2
egoísmo	noun	S1.2.3+ S1.2.3+
egoísta	adj	S1.2.3+ S1.2.3+
Eguesibar	pnoun	Z2
eh	intj	Z4
Eibar	pnoun	Z2
EIOPA	abbr	Z3c
Eivissa	pnoun	Z2
ejecución	noun	L1- A1.1.1 X9.2+ G1.1 Y2
ejecutar	verb	I2.1/S2mf G1.1c S7.1+/S5+c
ejecutivo	adj	I2.1 S2mf G1.1c S7.1+ S5+c
Ejeme	pnoun	Z2
ejemplar	adj	S7.2 X9
ejemplarmente	adv	S7.2 X9 Z5
ejemplo	noun	S7.2 X9 A4.1
ejercer	verb	A1.1.1
ejercicio	noun	M1
ejercitar	verb	X5 S1.1.1
ejercitarse	verb	X5 S1.1.1
Ejulve	pnoun	Z2
ejército	noun	G3c N5+
Ekaterimburgo	pnoun	Z2
el	art	Z5
elaboración	noun	A1.1.1/I4
elaboración	noun	A1.1.1 I4
elaborado	adj	A1.1.1/A2.1
elaborador	verb	A1.1.1/I4
elaborar	verb	A1.1.1 A2.1
Elantxobe	pnoun	Z2
elasticidad	noun	O4
Elburgo	pnoun	Z2
Elche	pnoun	Z2
Elciego	pnoun	Z2
Elda	pnoun	Z2
Elduain	pnoun	Z2
elecciones	noun	G1
elección	noun	X6
electoral	adj	G1.2 X7+
electricidad	noun	O3
electrónico	adj	O3 Y2
elefante	noun	L2mfn
elegancia	noun	O4.5/X3.1/O4.2
elegante	adj	O4.5 X3.1 O4.2
elegibilidad	noun	A1.2+
elegir	verb	X7
elellos	pron	Z8mf
elemento	noun	A4.1 N5 S5+c O1 O3 O2 W4
elevado	adj	N5+/A2.1 M2  A5.1+/A2.1
Elgeta	pnoun	Z2
Elgoibar	pnoun	Z2
Elgorriaga	pnoun	Z2
eliminar	verb	A1.8-
Eljas	pnoun	Z2
ella	pron	Z8f
ellas	pron	Z8f
ello	pron	Z8
Elo	pnoun	Z2
elocuente	adj	Q3 X9.1+
Elorrio	pnoun	Z2
Elvillar	pnoun	Z2
Elx	pnoun	Z2
elástico	adj	O4.5 O4.1
eléctrico	adj	O3
embajada	noun	G1.1 S7.1+ S5+ G1.1 H1
embajador	noun	G1.1 S2mf S1.1.1 S2mf
embalaje	noun	A10 O1.1
embalsada	adj	A9+
embarazada	adj	B1 A11.1+ A15
embarazo	noun	B1 A15
embargo	noun	I1 G2.1
Embid	pnoun	Z2
embotellado	adj	A1.1.1
embotellar	verb	A1.1.1
embriagador	adj	X3.5
embudo	noun	A1.1.1/S8+/O1.2
embutido	noun	F1
emergencia	noun	A11.1+
emergente	adj	A11.1+
emigrar	verb	M1 M7
emisión	noun	Q4.3 Q1.3
emitido	adj	Q4.3 Q2 A2.2 K4 K5.1 K1 W2/W5
emitir	verb	Q4.3 Q2 A2.2 K4 K5.1 K1 W2 W5
emocional	adj	E1
emoliente	adj	B3
emoliente	noun	O1 B3
empanada	noun	F1
empanadilla	noun	F1
empanado	verb	F1
empanar	verb	A2.1
empapar	verb	O1.2 A1.1.1 X2.3+
empaque	noun	A1.1.1 N5+
empeorado	adj	A5.1-/A2.1
empeoramiento	noun	A5.1-/A2.1
Emperador	pnoun	Z2
emperador	noun	S7.1+ S2mf
empezar	verb	T2
emplatado	verb	O4.4
emplatar	verb	A1.1.1
empleada	adj	I3.1 A1.5.1
empleado	noun	I3.1 S2mf
emplear	verb	A1.5.1
empleo	noun	I3.1
empollón	noun	A5.1 P1 X2.3 S2.1 S2.2. X9.1 P1
emprendedor	adj	S2.1 S2.2 X6 X7
emprender	verbo	S1.1.1 X6 X7
empresa	noun	I2
empresarial	adj	I2.1/S5+
empresario	noun	I1 G1 X6 X7 S2mf
empírico	adj	X2.4
emulgente	adj	B3
emulgente	noun	O1 B3
emulsionante	adj	B3
emulsionante	noun	O1 B3
en	prep	Z5
encadenar	verb	A1.7+ S6+ A1.7+ N4 A2.2
encaje	noun	A1.1.1 A2.1+ B5
encaminado	adj	S8+ M6
encantador	adj	A5.1 X3
encanto	noun	O4.2+
encargar	verb	S7.1+/Q2.2 I2.2/Q2.2
encarnar	verb	Q1.1 A1.6 A1.8+
Encella	pnoun	F1/O2
enciclopedia	noun	P1 Q4.1
encima	prep	Z5 N3 M1
Encinacorba	pnoun	Z2
Encinas	pnoun	Z2
Encinasola	pnoun	Z2
Encinedo	pnoun	Z2
Encinillas	pnoun	Z2
Enciso	pnoun	Z2
encomendada	adj	A9- S7.1+
encomendado	adj	A9- S7.1+
encontrar	verb	A10+
encontrarse	verb	A3
encuentra	verb	A10+ X2.1 X6+
encuentran	verb	A10+ X2.1 X6+
encuentro	noun	X2 S3 A10+ X2.1 X6+
encuesta	noun	X2.4 G1.2 Q1.1
encurtido	noun	F1
Encío	pnoun	Z2
ende	art	Z5 A2.2
endeudamiento	noun	I1.2-
endivia	noun	L3/F1
Endrinal	pnoun	Z2
endulzante	noun	O1 X3.1
enebro	noun	F1 L3 B3
enemigo	noun	S1.2.1- S2mfc S8-
energizante	adj	B3 X5.2
energético	adj	X5.2+ Y1 B3/X5.2
energía	noun	B3 X5.2
Eneritz	pnoun	Z2
enero	noun	T1.3
enfermedad	noun	B2- A5.1-
enfermero	noun	B3 A9+ S8+ B3 S2mf
enfocar	verb	X5.1+ X3.4 A4.2+
enfoque	noun	X4.2 M1 E1
enfrentamiento	noun	A6.1- G3 S1.1.1 E3-
enfrentar	verb	A6.1- G3 S1.1.1/E3-
enfriado	adj	O4.6-
enfriamiento	noun	O4.6-/A2.1
enfriar	verb	O4.6- A2.1
enganchar	verb	O2 O4.4
engrasar	verb	A1.8+
Enguera	pnoun	Z2
Enguídanos	pnoun	Z2
enharinado	adj	A1.8+
enharinar	verb	A1.8+/F1
Enix	pnoun	Z2
enjuagar	verb	A1.1.1
enlace	noun	A2.2 M3 Q1.3 K5.1/M7%
enmarcado	adj	A4.1
enmarcar	verb	A4.1
enmohecido	adj	O4.1
enmoldar	verb	A1.1.1
enorme	adj	N3.2+++
enormemente	adv	A13.3
enólogo	noun	X2.2+/S2m/F2 X9.1+/S2m/F2
enrique	noun	Z1
enriquecer	verb	A5.1+ A2.1 I1.1+ A2.1
enriquecido	adj	A5.1+/A2.1 I1.1+/A2.1
enrollar	verb	A2.1 O4.4
ensalada	noun	F1
ensayadamente	adv	B3 X2.4 A12 P1 Z5
ensayar	verb	P1 B3 X2.4 A12-
enseñanza	noun	A9 P1 S1.1.2 S1.1.3 A1.6
entender	verb	X2.5+
entendido	adj	X2.5+ S2mf
entendimiento	noun	X2.5+
entero	adj	N5.1+
enterrado	adj	A10- L1- S2mf
enterrar	verb	A10- L1-
entidad	noun	I2.1.3 G1 A3 S7.2+ S5+
entierro	noun	L1- A10-
entonces	adv	Z5 T1.1
entorno	noun	W5
entrada	noun	A10+ H1 H2
Entrala	pnoun	Z2
Entrambasaguas	pnoun	Z2
entrante	noun	F1 F1
entrar	verb	M1 S5+ Q1.2 T2+ A1.8+ Y2 A3 A10+
entre	prep	Z5 M6
entrega	noun	M2 Q2.1 X9.2+ B3 S9%
entregar	verb	M2 Q2.1 X9.2+ B3 S9%
Entrena	pnoun	Z2
entrenamiento	noun	P1 K5.1 X2.3
entrenar	verb	P1 K5.1 X2.3
entretenimiento	noun	K1 P1
entrever	verb	X3.4
entrevista	verb	Q2.1
entrevistar	verb	Q2.1
Entrimo	pnoun	Z2
entusiasmo	noun	X5.2+
entusiasta	adj	X5.2+
entusiasta	noun	X5.2+
envasada	adj	A10
envasado	adj	A10
envase	noun	A10
envejecer	verb	T3 A1.1.1
envejecido	adj	T3/A1.1.1
envejecimiento	noun	T3 A1.1.1
envero	noun	F2/O4.2
enviado	adj	M2 A2.2
enviar	verb	M2 A2.2
envidia	noun	S1.2.2+
envidiar	verb	S1.2.2+
envoltura	noun	O2 A1.1.1 A10
envolvente	adj	O4.5 X3.5
envolver	verb	A10
envuelto	adj	A1.1.1 O4.1
enzima	noun	O1
enzimática	adj	O1
enzimáticar	verb	O1
Enériz	pnoun	Z2
EPA	abbr	Z3c I3
epicatequina	noun	O1
epigalocatequina	noun	O1
epígrafe	noun	Q1.2 Q2.1
equilibrado	adj	X3.1 O4.5 A5+
equilibrar	verb	O4.1 B1 A6.1+ A11.1 I1.1
equilibrio	noun	O4.1 B1 A6.1+ A11.1 I1.1 S7.3
equinacea	noun	L3 B3
equipo	noun	S5
equivalente	adj	A6.1+
equivocar	verb	X2.5-
era	verb	Z5 A3+
eran	verb	Z5 A3+
Erandio	pnoun	Z2
Eratsun	pnoun	Z2
Erbil	pnoun	Z2
Ereván	pnoun	Z2
Ereño	pnoun	Z2
Ergoiena	pnoun	Z2
Erica	pnoun	Z3c
Eritrea	pnoun	Z2
Erla	pnoun	Z2
Ermua	pnoun	Z2
Errenteria	pnoun	Z2
Errezil	pnoun	Z2
Erriberagoitia	pnoun	Z2
Erriberri	pnoun	Z2
Errigoiti	pnoun	Z2
Erro	pnoun	Z2
Erronkari	pnoun	Z2
error	noun	A5.3-
Erustes	pnoun	Z2
erótico	adj	S3.2 E3
es	verb	Z5 A3+
esa	adj	S2.2. Z5 Z8
esa	pron	S2.1-f Z8 Z5
esas	adj	S2.2 Z5
escabroso	adj	A12- X3.3 O4.5 E3- O4.2- A4.2- A12-
escala	noun	Z2
escalada	noun	Z2
Escalante	pnoun	Z2
escaldado	adj	O4.6+
escaldar	verb	A2.1 O4.6+
Escalona	pnoun	Z2
Escalonilla	pnoun	Z2
Escamilla	pnoun	Z2
Escandinavia	noun	Z2 M7 O4.6-
Escandinavo	adj	Z2 S2mf
escapar	verb	A1.7- X2.2- Y2
escaramujo	noun	L3 F1 B3
Escariche	pnoun	Z2
escasez	noun	N5-
escaso	adj	N5-
Escatrón	pnoun	Z2
Escañuela	pnoun	Z2
ESCB	abbr	Z3c
ESCB-PKI	abbr	Z3c
escena	noun	K4 K1 K5.2 C1 S1.1.1-
escenario	noun	M7
esclavo	noun	A1.1.1 S7.1- S2mf
Escocia	noun	Z2
escocés	adj	Z2 S2.1 S2.2
escoger	verb	X7
escogido	adj	X7
escolapio	adj	S2.1 S2.2 P1
escolar	adj	P1 S2.1 S2.2 T1.3
escolaridad	noun	P1 S1 A5 T1.3
escondido	adj	A10-
Escopete	pnoun	Z2
Escorca	pnoun	Z2
Escorihuela	pnoun	Z2
escriba	noun	S9 S5 Q1
escribir	verb	Q1.2
escrito	adj	Q1.2
escrito	noun	Q1.2
escritor	noun	Q4.1 S2mf Q1.2 S2mf
escritura	verb	Q1.2 Q1.2/G2 Q1.2/H1
escuadra	noun	O2 C1 W3 N3.3
Escucha	pnoun	Z2
escuchar	verb	X2 P1 X3.2
escudillar	verb	A1.1.1 A9+
escuela	noun	P1 P1 H1c S5+c L2%c S5
Escurial	pnoun	Z2
escurrido	adj	A1.8
escurrir	verb	A1.8
escándalo	noun	G2.2-
Escúzar	pnoun	Z2
ese	adj	Z5 S2.1
ese	pron	S2.2-m Z8 Z5
esencia	noun	O1.2
esencial	adj	S6+ A4.2+
esencialmente	adv	S6+ A13.2 Z4
esfuerzo	noun	A5 P1
Esgos	pnoun	Z2
Eskoriatza	pnoun	Z2
Eskuernaga	pnoun	Z2
Eslava	pnoun	Z2
Eslida	pnoun	Z2
Eslovaquia	pnoun	Z2
Eslovenia	pnoun	Z2
esmaltado	adj	O4.1 A1.8
esmero	noun	X8+ O4.2+
Esmirna	pnoun	Z2
eso	pron	Z5 Z8
esos	pron	Z5 Z8 S2.2
espacio	noun	O1 W1 H2
espada	noun	G3 O1
Espadaña	pnoun	Z2
Espadañedo	pnoun	Z2
Espadilla	pnoun	Z2
espalda	noun	B1
espaldera	noun	O2
Esparragalejo	pnoun	Z2
Esparreguera	pnoun	Z2
Espartinas	pnoun	Z2
esparto	adj	L3
España	noun	Z2 M7 G1 O4.6+
España	pnoun	Z2
Español	adj	Z2 Z2 Q3 Z2 S2mfnc
español	adj	Z2
española	adj	Z2 Q3 S2.1 Z1
especia	noun	F1
especiada	adj	X3.1
especiado	adj	X3.1 X3.5
especial	adj	A4.2+ A5.1+
especialista	noun	X2.2+ S2mf B3 S2mf
especializado	adj	A4.2+ A1.7
especialmente	adv	A13.3
especie	noun	S3 S3 L1  A4.1
especificación	noun	A4.2+ Q2.2
especificar	verb	A4.2+
espectacular	adj	O4.1+
espectral	adj	S9 A5.1 E5
espectro	noun	S9 A5.1 E5
específicamente	adv	A4.2+
específico	adj	A4.2+
Espeja	pnoun	Z2
Espejo	pnoun	Z2
Espejón	pnoun	Z2
Espeluy	pnoun	Z2
Espera	pnoun	Z2
espera	noun	T1.3 A3+ A11.1+ S1.1.1
espera	verb	T1.3 A3+ A11.1+ S1.1.1
esperanza	noun	X2.6+ E4.1+ X9.2+ A5.1+
esperanzar	verb	X2.1+
esperar	verb	T1.3 X2.6+ A3+ E4.1+ X9.2+
espesante	noun	O4.5/O4.2 F1/S8
espesar	verb	A2.1
espeso	adj	O4.5 O4.2
Espiel	pnoun	Z2
espina	noun	L3 A1.1.2
espinaca	noun	F1 L3
espinazo	noun	F1
Espinelves	pnoun	Z2
Espirdo	pnoun	Z2
espiritismo	noun	S9 X2.1 S1.2.5 A5.1
espiritual	adj	S9 X1 X2.1
Esplegares	pnoun	Z2
espléndido	adj	O4.1+
Esplús	pnoun	Z2
Espolla	pnoun	Z2
espolvorear	verb	A1.8 A1.1.1
Esponellà	pnoun	Z2
esponjoso	adj	O4.5 O4.1
espontáneamente	adv	X7-
espontáneo	adj	X7-
espora	noun	L2
Esporles	pnoun	Z2
esporádico	adj	N6-
esposa	noun	S4f
esposo	noun	S4m
Espot	pnoun	Z2
Espronceda	pnoun	Z2
espuma	noun	A9-/O1.2 A1.1.1
espumadera	noun	O2
espárrago	noun	F1/L3
espíritu	noun	S9 X1
esqueleto	noun	B1 H1 X7+
esquema	noun	Q1.2 Q1.2/X7+
Esquimal	noun	Z2 S2mfc O4.6-
esquina	noun	A1.7+ S7.1+ M3 O4.4 M6 K5.1
Esquivias	pnoun	Z2
ESRB	abbr	Z3c
esta	adj	Z5 A3 S2.2
estaba	verb	A3+
estaban	verb	A3+
estabilidad	noun	A2.1-
estabilización	noun	O1
estabilizado	adj	A1.1.1
estabilizador	noun	O1
estabilizante	noun	O1
estabilizar	verb	A1.1.1
estable	adj	T2++ A2.1- S1.2 O4.1
establecer	verb	X6 A1.1.1
establecerse	verb	M8
establecido	adj	T3+
establecimiento	noun	T2+ H1c G1.1c I3.1c
establo	noun	H1
Establés	pnoun	Z2
estacional	adj	T1.3
estación	noun	M7
Estada	pnoun	Z2
Estadilla	pnoun	Z2
estadio	noun	K5.1 H1
estado	noun	A3
estados	noun	G1 O1
estadounidense	adj	Z2
estadística	noun	N3.1 P1 Y1
estadístico	adj	N3.1c N2c
estallido	noun	A1.1.2 X3.1
Estamariu	pnoun	Z2
Estambul	noun	Z2 M7
Estambul	pnoun	Z2
estamos	verb	A3+
estancia	noun	M8 T4- H4
estandarizar	verb	X6
estar	verb	A3+ M8
Estaràs	pnoun	Z2
estas	adj	Z5 S2.2
estatua	noun	C1 O1
estaño	noun	O1.1
este	adj	Z5 S2.1 W3
este	noun	Z5 S2.1 W3
este	pron	W3
Estella-Lizarra	pnoun	Z2
Estellencs	pnoun	Z2
Estepa	pnoun	Z2
Estepona	pnoun	Z2
Estercuel	pnoun	Z2
Esteribar	pnoun	Z2
esterol	noun	O1
estilo	noun	X4.2
estilográfica	noun	O2 P1
estimación	noun	X6/A7- N2/A7-
estimado	adj	X6/A7- N2/A7-
estimar	verb	X6 N2 X2.5+ S1.1.1 I1.1++
estimulante	adj	B3
estirado	adj	A2.1
estirar	verb	A2.1
Estivella	pnoun	Z2
esto	pron	Z5 Z8
Estocolmo	pnoun	Z2
estocástico	adj	A1.4 A1.4/Y1
estofado	noun	F1
estofar	verb	A2.1
Estollo	pnoun	Z2
Estonia	noun	Z2 M7
Estonia	pnoun	Z2
estos	adj	Z5 S2.1
estoy	verb	A3+
estrategia	noun	X7+
estratégico	adj	X7+ G3 S2mf
estrecho	adj	N3.7- A1.7+ N5- A13.6
estrella	noun	A11.1+ Q1.2 K4 A11.1+ W1 O4.4 A5.1+++ A11.1+ S2mf A5.1 Z3c
estrellado	verb	W1 A1.1.2 F1
Estremera	pnoun	Z2
estreñimiento	noun	B2
estrictamente	adv	S1.2.5+ A1.7+ A14
estricto	adj	S1.2.5+ A1.7+ A14
Estriégana	pnoun	Z2
estropeado	verb	A1.1.2
estructura	noun	A1.1.1 O4.1 H1 S7.1 O2 A4.1 X4.2 B1
estructurado	adj	X3.1 O4.5
estructural	adj	O4.1 S7.1
estrujado	adj	A2.1
estrujar	verb	A2.1
Estubeny	pnoun	Z2
estuche	noun	A1.1.1
estudiante	noun	S2P1
estudiar	verb	P1 X2.4
estudio	noun	X2.2 X2.3 P1
estudioso	adj	P1 X2.2
estupendo	adj	A5.1+ O4.2+
estuvo	verb	Z5 A3+
está	verb	A3+
están	verb	A3+
estándar	noun	X6
estático	adj	M8
Estépar	pnoun	Z2
estética	noun	O4.2+ X2.1
estímulo	noun	B3
estómago	noun	F1 B1 F1
etapa	noun	K5.1 A5 P1
Etayo	pnoun	Z2
etc	abbr	Z4 Z5
etc.	abbr	Z4 Z5
etc.	noun	Z4 Z5
eternidad	noun	T2+++
eterno	adj	T1.3
Etiopia	noun	Z2 M7
Etiopía	pnoun	Z2
etiqueta	noun	Q1.2
etiquetar	verb	Q1.2
Etxalar	pnoun	Z2
Etxarri	pnoun	Z2
Etxauri	pnoun	Z2
Etxebarri	pnoun	Z2
Etxebarria	pnoun	Z2
etéreo	adj	T1.2
EUA	noun	Z2 M7
eucalipto	noun	L3 B3
Eucaristia	noun	S9 Z2 M7
eucarístico	adj	S9 S2m
Eulate	pnoun	Z2
Euribor	pnoun	Z3c
euro	noun	I1
eurogrupo	noun	Z2/Z3c
Europa	noun	Z2 S7 M7
Europa	pnoun	Z2 S7 M7
europea	adj	G1 Z2 S2mf Z3
europeo	adj	Z2 Z2 S2mfnc
euros	noun	I1
eurosistema	verb	Z3c
Eurostat	pnoun	Z3c
eurozona	noun	Z2 Z3c
Euskadi	noun	M7 Z2
euskera	noun	Q3
evaluación	noun	A5 X2.4/A5 P1
evaluado	adj	A5 X2.4/A5 P1
evaluar	verb	A5 X2.4 A5 P1
Evangelio	noun	Q4.1 S9
evaporado	adj	A1.8-
evaporar	verb	A1.8-
evento	noun	A3+ A11.1+ A6.2- S1.1.1 X7+ K5
eventual	adj	N6-
evidenciar	verb	A10+ A5.2+ X2.4 G1.2+ S1.1.1
evidente	adj	A11.2 A5.2
evidentemente	adv	A11.2 A5.2 Z4
evitar	verb	E2 E13
evolucionar	verb	A2.1+
evolución	noun	A2.1+
evolución	noun	A13 X1
ex	prefix	Z5 S2
exactamente	adv	A4.2+ A5.3+
exactitud	noun	A5.3+
exageración	noun	N5.2+ Q2.2
exagerado	adj	N5.2+ Q2.2
exagerar	verb	N5.2+ Q2.2
examen	noun	P1 X2.4 X2.5 Q1.1 A5.1
examinar	verb	A5
examinarse	verb	P1 X2.2.4 X2.5
excedencia	noun	N5.2+
excedente	adj	N5.2+
excelencia	noun	A5.1+++
excelente	adj	A5.1+++ O4.2+++
excepcional	adj	A5.1++ A11.2+ A1.9
excepción	noun	A6.1-
excepto	prep	A1.8- S1.1.3-
excesivamente	adv	N5.2+
excesivo	adj	N5.2+
exceso	noun	N5.2+
excitar	verb	X5.2+
excluido	adj	A1.8- X7-
exclusivamente	adv	A14
exclusivo	adj	A5.1+ O4.2+
excursión	noun	M1 T2+
excusa	noun	A2.2 Q2.2 S1.2.4+
excusado	adj	A6.2- A1.5.2- A7-
excusado	noun	H2
exenta	prep	S6-
exhibir	verb	A1.1.1 A10
exigencia	noun	Q2.2 S6+ X7+
exigir	verb	Q2.2 S6+ X7+
exigua	adj	N5-
exilio	noun	M2 G1.2 G1.2 S2mf
existe	verb	Z5 A3
existen	verb	Z5 A3
existencia	noun	Z5 I1 A3
existente	adj	A3+
existir	verb	A3+
expandir	verb	N3.2+ A2.1 Q2.2 N5++ A4.2- A2.1
expandirse	verb	A2.1 N3.2+
expansivo	adj	N3+
expansión	noun	T1.3+/A2.1 N3.2+/A2.1 N5+/A2.1 H1
expectativa	noun	X2.6+
expectorante	adj	B3
expedición	noun	M1
expedida	adj	M1
expedido	adj	M1
expediente	noun	Q1.2 A5.1 X2.2T1.1.1
experiencia	noun	X2.2
experimental	adj	X2.4 Y1
experimentar	verb	X2.4 Y1
experimento	noun	X2.4 Y1
experto	adj	X2.2+ X9.1+ X2.2+ S2mf X9.1+ S2mf S5
experto	noun	X2.2+ X9.1+ X2.2+ S2mf X9.1+ S2mf S5
Explanada	noun	S9 H3
explicación	noun	Q2.2 A7+ A2.2
explicado	adj	X2.3
explicar	verb	X2.3
explicativa	noun	Q2.2/A7+ A2.2
explicativo	noun	Q2.2/A7+ A2.2
explicó	verb	Q2.2 A7+ Q2
exploración	noun	M1 X2.4
explorar	verb	M1 X2.4
explosión	noun	A1.1.2
explotación	noun	A1.5.1 G2.2-
explícito	adj	A4.2+
exportación	noun	I2.2/M2
exportadora	noun	I2.2/M2
exportar	verb	I2.2 M2
exposición	noun	A10+ S1.1.3+ A10+ Q2.2 X4.1
expresar	verb	Q1.1 Q2.1 Z4
expresivo	adj	Q1
expresión	noun	Q1
express	noun	A4.2+ N3.8+++ F2
exprimir	verb	A2.1 A1.8-
expuesto	adj	Q2.2/A7+ A2.2
expulsar	verb	A1.8-
exquisitamente	adv	A5.1+ X3
exquisitez	noun	A5.1+ X3
exquisito	adj	A5.1+ X3
extenderse	verb	A2.1 N3.2+
extendido	adj	A2.1/N3.2+
exterior	adj	O4.1
externo	adj	S2.1 S2.2
extinción	noun	L1- A3-
extra	adj	N5++
extracción	verb	B3 A9+
extracto	noun	O1
extraer	verb	A9+
extranjero	noun	Z2 S2mf I3.1 S2mf
extraordinariamente	adv	A5.1+
extraordinario	adj	A5.1+ A6.2-
extrañamente	adv	A7-
extraño	adj	A6.2- S5-
extraño	noun	S5-
extremadamente	adv	A13.2
Extremadura	noun	M7 Z2
extremeño	adj	Z2 S2.1 S2.2
extremo	adj	N5.1+++ N5.2+ S1.2.6- A12- N3.3+++
exuberante	adj	O4.2 X3.1
exógeno	noun	M6
exótico	adj	A6.2-
Ezcabarte	pnoun	Z2
Ezcaray	pnoun	Z2
Ezcároz	pnoun	Z2
Ezkaroze	pnoun	Z2
Ezkio-Itsaso	pnoun	Z2
Ezkurra	pnoun	Z2
Ezprogui	pnoun	Z2
f	noun	Z5
F.	noun	N4
F.	num	N4
f.	noun	N4
f.	num	N4
Fabaceae	noun	L3
Fabara	pnoun	Z2
Fabero	pnoun	Z2
fabricación	noun	A1.1.1 I4
fabricante	noun	S2 I4
fabricar	verb	A1.1.1 I4
fabuloso	adj	A5.1+ O4.2+
Facebook	pnoun	Z3c/Y2
faceta	noun	A4.1
Facheca	pnoun	Z2
facilidad	noun	A12+
facilitar	verb	S8+ A12+
factor	noun	N1 S1
facultad	noun	A1.1.1 X2 H2 P1
faena	noun	F4 A9+ L1- F1%
Fago	pnoun	Z2
Faisalabad	pnoun	Z2
Falces	pnoun	Z2
falda	noun	B5 O2 S2.1 f M1 A1.9
Falset	pnoun	Z2
falso	adj	A5.2- A5.4- G2.2-
falta	noun	A5 A11
faltar	verb	A5 A11
familia	noun	S3 S1.1.3
familiar	adj	A6.1 S4mf A13 S1.2.1+
familiar	noun	A13 A6 S4mf Q3%
familiarizarse	verb	A9 S3
Famorca	pnoun	Z2
famoso	adj	X2.2+
Fanlo	pnoun	Z2
fantasma	noun	A5.1 S9 L3
fantasmagórico	adj	A5.1 S9
fantástico	adj	A5.1+ O4.2+
Fanzara	pnoun	Z2
Faraján	pnoun	Z2
faringitis	noun	B2
fariseo	noun	S9 S5 A5.4-
fariseísmo	noun	S9 A5.4-
Fariza	pnoun	Z2
Farlete	pnoun	Z2
Farrera	pnoun	Z2
farsa	noun	A5.4- A5.1- X9.2
fascinante	adj	A5.1+ O4.2+
fascinar	verb	X5.2+
fase	noun	T1.3 S1.1.3+ N5.1-
Fasnia	pnoun	Z2
fastidiar	verb	E3- B2-
fatiga	noun	B2
Faura	pnoun	Z2
Favara	pnoun	Z2
favor	noun	A11 A5 A3 S3
favorable	adj	A11 A5 A3 S3
favorecer	verb	S8+ E2++
favorecido	adj	S8+
favorito	adj	E2+
Fayón	pnoun	Z2
fe	noun	E6+ S9 X2.1
febrero	noun	T1.3
fecha	noun	T1.1
federación	noun	S5+c
federal	adj	G1.2
fehacientemente	adv	A7+
Felanitx	pnoun	Z2
felicidad	noun	E4.1+
felicitar	verb	Q2.2
Felipe	pnoun	S2.1 Z1 S9
Felix	pnoun	Z2
femenino	adj	S2.2
Fene	pnoun	Z2
fenológico	adj	O1
fenólico	adj	O1
fenómeno	noun	A3 X3.4 S7
Feria	pnoun	Z2
feria	noun	I2
fermentación	noun	A2.1
fermentación	noun	A2.1
fermento	noun	O1
Fermoselle	pnoun	Z2
Fernando	pnoun	S2.1 Z1
Fernán-Núñez	pnoun	Z2
Fernández	pnoun	Z1
Ferreira	pnoun	Z2
Ferreries	pnoun	Z2
Ferreruela	pnoun	Z2
ferrocarril	noun	M3c
Ferrol	pnoun	Z2
festivo	adj	P1 T1.3
Fez	pnoun	Z2
Félix	pnoun	Z1
fibra	noun	O1.1
fibrán	verb	O1
ficción	noun	A5.2-
ficha	noun	T1 Q1.2 Q1.1 I3.1
fichero	noun	O2/Q1.2 O2 Y2
fideo	noun	F1
fielmente	adv	S6+
fiesta	noun	E4
Figaró-Montmany	pnoun	Z2
Figueres	pnoun	Z2
Figueroles	pnoun	Z2
Figueruelas	pnoun	Z2
figura	noun	N5 N1 B1 S2mf C1 O4.4 O2 X2.1 X2.5+
figurar	verb	X2.5+ Q1.1 A6.2+ S1.1.3
fijado	adj	A1.7+ A2.2 N5
fijar	verb	A1.7+ A2.1- X6+ T2+++ I3.1
Fiji	pnoun	Z2
fijo	adj	A1.7+ A2.2 N5
fila	noun	N4 N5+ M7
Filadelfia	pnoun	Z2
fileteado	adj	A2.1 O4.4
fileteado	noun	F1 A2.1 O4.4
filial	noun	A11.1- S5+c A4.1
Filipinas	noun	Z2 M7
Filipinas	pnoun	Z2
filipino	adj	Z2 S2.1 S2.2 F1
film	noun	Q4.3 O1.1
filosofía	noun	P1 X2.1
filosóficamente	adv	X2.1 P1 Z5
filosófico	adj	A1.6 E6+ P1 X2.1
filtro	noun	A1.1.1/N5.2+ A1.1.1 A4.1 Y2
filósofo	noun	X2.1 S2 P1 S5
fin	noun	M6 T2- X7+
final	adj	K5.1 N4 T2- T1.1
final	noun	X3.1 X3.5 O4.5 T2
finalización	noun	T2- O4.1
finalizado	adj	T2- O4.1
finalizar	verb	T2- O4.1
finalmente	adv	Z5 N4 T2- T1.1
finamente	adv	O4.5/A5.1+
financiación	noun	I1 S7
financiado	adj	I1 S7
financiar	verb	I1 S7
financiero	adj	I1 S2mf S7
finanza	adj	I1
finca	noun	M7 F4
Fines	pnoun	Z2
Finestrat	pnoun	Z2
Finlandia	noun	Z2
Finlandia	pnoun	Z2
fino	adj	O4.5 A5.1+
finés	adj	Z2 S2.1 S2.2
Firgas	pnoun	Z2
firmado	adj	Q1.2 Q1.1 G2.1 I3.1
firmar	verb	Q1.2 Q1.1 G2.1 I3.1 S9
firme	adj	O4.5 O4.1
firmemente	adv	A1.7+ S1.2.5+ A7+
firmeza	noun	O4.5 A1.7+ S1.2.5+ A7+
Fiscal	pnoun	Z2
fiscal	adj	G1 S7 I2.1.3 I3.2
fiscal	noun	G1 S7 I2.1.3 I3.2
fiscalía	noun	G1 S7 I2.1.3 I3.2
fisicoquímica	noun	Y1/B1
Fisterra	pnoun	Z2
fisura	noun	A1.1.2
Fitero	pnoun	Z2
Fiyi	pnoun	Z2
Fiñana	pnoun	Z2
flambear	verb	A1.1.1/F2
flamenco	adj	S2.1 S2.2 L2
flan	noun	F1
Flandes	noun	Z2
flavanol	noun	O1
flavona	noun	O1
flavonoide	noun	O1
Flaçà	pnoun	Z2
Flesb	pnoun	Y1
fletán	noun	F1 L2
flexibilizar	verb	O4.5 A2.1+
flexible	adj	O4.5 O4.1
Flix	pnoun	Z2
flojo	adj	A1.7- A9- O4.2
flor	noun	L3 F1
flora	verb	L3c
floración	noun	L3c
floral	adj	X3.1 X3.5
florar	noun	L3c
Florencia	noun	Z2 Z1f C1
florentino	adj	Z2 S2.1 S2.2
flores	noun	L3 X9.2+
Florianópolis	pnoun	Z2
florida	adj	Z2 L3
fluir	verb	M4 M1
flujo	noun	N5 M1 Y1
fluorescente	noun	O2 O3
FMI	abbr	Z3c
fnmt	abbr	Z3c
foco	noun	X5.1+ X3.4 A4.2+ A11.1+
fogón	noun	O3 O2
Foios	pnoun	Z2
Foixà	pnoun	Z2
Folgueroles	pnoun	Z2
folleto	noun	Q4.1 Q1.2
Fombellida	pnoun	Z2
Fombuena	pnoun	Z2
fomentar	verb	S8+ I2.2/Q2.2 S7.1+/A2.1
fomento	noun	S8+ I2.2/Q2.2 S7.1+/A2.1
Fompedraza	pnoun	Z2
Foncea	pnoun	Z2
fondant	noun	F1
Fondarella	pnoun	Z2
fondo	noun	X3.1 X3.5
Fondón	pnoun	Z2
Fonelas	pnoun	Z2
Fonfría	pnoun	Z2
Fonollosa	pnoun	Z2
Font-Rubí	pnoun	Z2
Fontanar	pnoun	Z2
Fontanarejo	pnoun	Z2
Fontanilles	pnoun	Z2
Fontcoberta	pnoun	Z2
Fontellas	pnoun	Z2
Fontihoyuelo	pnoun	Z2
Fontioso	pnoun	Z2
Fontiveros	pnoun	Z2
Fonz	pnoun	Z2
Fonzaleche	pnoun	Z2
Foradada	pnoun	Z2
Forallac	pnoun	Z2
Forcall	pnoun	Z2
Forcarei	pnoun	Z2
Forfoleda	pnoun	Z2
forma	noun	O4.4
formación	adj	X2.2 X2.3 P1
formación	noun	X2.2 X2.3 P1
formado	adj	A1.1.1
formar	verb	A1.1.1
formarse	verb	X2 X5.2 P1
formativo	adj	P1
formato	noun	O4.4
Formentera	pnoun	Z2
Formosa	noun	Z2 O1.2
formular	verb	X2.1 Q2.2
Fornalutx	pnoun	Z2
foro	noun	S1.1.3+ X9.2+
forrajero	adv	F1/L2 X2.4 G3 O2
forrar	verb	A1.1.1
fortalecer	verb	S1.2.5+ A2.1
Fortaleny	pnoun	Z2
Fortaleza	pnoun	Z2
Fortanete	pnoun	Z2
Fortià	pnoun	Z2
Fortuna	pnoun	Z2
Forua	pnoun	Z2
forzadamente	adv	A7+ E6+
forzado	adj	S7.1+ E6+
forzar	verb	S7.1+ A1.1.1 E3-
forzosamente	adv	A7+ E6+
forzoso	adj	S7.1+ E6+
Forès	pnoun	Z2
fosa	noun	H1 S9
fostafo	noun	O1
foto	noun	O4.3
fotografía	noun	C1
fotográfico	adj	C1
fotógrafo	noun	C1 S2mf
Foz	pnoun	Z2
Foz-Calanda	pnoun	Z2
fracción	noun	N5- N2
Frades	pnoun	Z2
Fraga	pnoun	Z2
fragante	adj	X3.5 X3.1
fragmentación	noun	N5.1-
Frailes	pnoun	Z2
frambuesa	noun	F1 L3
Francia	noun	Z2 Z1mf
Francia	pnoun	Z2
franciscano	adj	S9 S2.1 S5
Francisco	pnoun	S2.1 S9
francmasonería	noun	S3 S5 S9
franco	adj	O4.5 X3.1 X3.5
francés	adj	Z2
francés	noun	Z2 S2
Frandovínez	pnoun	Z2
franquicia	noun	I1
frase	noun	Q3 K2 K1
fraterno	adj	S1.2.1+ S3.1 S3 S5 S7 A2
Frechilla	pnoun	Z2
frecuencia	noun	N6
frecuente	adj	M1 N6+ N6+
Freetown	pnoun	Z2
Freginals	pnoun	Z2
freidora	noun	O3
Freila	pnoun	Z2
freir	verb	A2.1 O4.6
frenar	verb	M8 O2
freno	noun	M8 O2
frente	noun	B1 W3
fresa	adj	O4.3
fresa	noun	F1 L3
fresco	adj	O4.5 O4.6 X3.1 T3 X3.5
frescor	noun	O4.6-
frescura	noun	O4.6-
Fresnedilla	pnoun	Z2
Fresnedoso	pnoun	Z2
Fresneña	pnoun	Z2
fresón	adj	O4.3
fresón	noun	L3 F1
freír	verb	A2.1
friable	adj	O4.5
frialdad	noun	O4.6-
fricción	noun	M1 E3-
Frigiliana	pnoun	Z2
frigorífica	adj	O3
frigorífico	noun	O3
Friol	pnoun	Z2
frisona	noun	Z2
frito	adj	A2.1
frío	adj	O4.6-
FROB	abbr	Z3c
frontal	adj	M6
Frontera	pnoun	Z2
frotar	verb	A1.1.1
fructosa	noun	O1
Fruiz	pnoun	Z2
Frumales	pnoun	Z2
frustración	noun	E4.2- S8-
frustrado	adj	E4.2-
fruta	noun	F1 L3
frutal	adj	X3.1 X3.5
fruto	noun	L3 F1
Fráncfort	pnoun	Z2
Fréscano	pnoun	Z2
fría	noun	O4.6- S1.2.1 B2-
Frías	pnoun	Z2
frío	adj	O4.6-
frío	noun	O4.6-
Frómista	pnoun	Z2
FSB	abbr	Z3c
FSC	abbr	Z3c
fucus	noun	L3 B3
fue	verb	A3+ L1 Z5
fuego	noun	L1 O1 O4.6
Fuembellida	pnoun	Z2
Fuencaliente	pnoun	Z2
Fuencemillán	pnoun	Z2
Fuendejalón	pnoun	Z2
Fuendetodos	pnoun	Z2
Fuenferrada	pnoun	Z2
Fuengirola	pnoun	Z2
Fuenlabrada	pnoun	Z2
Fuenllana	pnoun	Z2
Fuenmayor	pnoun	Z2
Fuensaldaña	pnoun	Z2
Fuensalida	pnoun	Z2
Fuensanta	pnoun	Z2
fuente	noun	O2
Fuente-Olmedo	pnoun	Z2
Fuente-Tójar	pnoun	Z2
Fuente-Álamo	pnoun	Z2
Fuentealbilla	pnoun	Z2
Fuentearmegil	pnoun	Z2
Fuentebureba	pnoun	Z2
Fuentecambrón	pnoun	Z2
Fuentecantos	pnoun	Z2
Fuentecén	pnoun	Z2
Fuenteguinaldo	pnoun	Z2
Fuenteheridos	pnoun	Z2
Fuentelapeña	pnoun	Z2
Fuentelcésped	pnoun	Z2
Fuentelencina	pnoun	Z2
Fuenteliante	pnoun	Z2
Fuentelisendo	pnoun	Z2
Fuentelmonge	pnoun	Z2
Fuentelsaz	pnoun	Z2
Fuentelviejo	pnoun	Z2
Fuentemolinos	pnoun	Z2
Fuentenebro	pnoun	Z2
Fuentenovilla	pnoun	Z2
Fuentepelayo	pnoun	Z2
Fuentepinilla	pnoun	Z2
Fuentepiñel	pnoun	Z2
Fuenterrebollo	pnoun	Z2
Fuenterrobles	pnoun	Z2
Fuentes	pnoun	Z2
fuentes	noun	W3 H2 Z1
Fuentesaúco	pnoun	Z2
Fuentesecas	pnoun	Z2
Fuentesoto	pnoun	Z2
Fuentespalda	pnoun	Z2
Fuentespina	pnoun	Z2
Fuentespreadas	pnoun	Z2
Fuentestrún	pnoun	Z2
Fuentidueña	pnoun	Z2
fuera	adv	Z5 K5.2 N3.1
fueron	verb	A3+ L1 Z5
fuerte	adj	X3.1 X3.5
fuertemente	adv	S1.2.5+ N5+ A5.1+ X5.2+ S7.1+ X9.1+ O4.1 S1.2.3+
Fuertescusa	pnoun	Z2
fuerza	noun	O4.1 O4.5
fuerzas	noun	S1.2.5+ N5+ A5.1+ X5.2+ S7.1+ X9.1+ O4.1 S1.2.3+
fui	verb	A3+ L1 Z5
Fuji	pnoun	Z2
Fulleda	pnoun	Z2
fumar	verb	F1 F3 O1.3 E3- X3.5
fumaria	noun	L3 B3
funcionado	adj	A1.2/A1.5.1
funcional	adj	A1.5.2+
funcionamiento	noun	A1.2/A1.5.1
funcionar	verb	A1.2/A1.5.1
funcionario	noun	G1.2 S2
función	noun	A1.2 A1.5.1
funda	noun	O2
fundación	noun	T2+ H2 S5+c A5.2+ B4
fundador	noun	T2+ S2mf S9
fundamental	adj	A11.1+ K2
fundamentalmente	adv	Z4 A13.2
fundamentar	verb	A2.2 Y1
fundamento	noun	A2.2 Y1
fundar	verb	A2.1+
fundente	adj	O4.5
fundido	adj	A2.1
fundir	verb	A2.1+
Funes	pnoun	Z2
furioso	adj	E3-
fusión	noun	A1.8+ Y1  A1.8/I2
Fustiñana	pnoun	Z2
futuro	adj	T1.1.3 E6
futuro	noun	T1.1.3 E6
Fuzhou	pnoun	Z2
fábrica	noun	I4/H1c
fácil	adj	A12+
fácilmente	adv	A12+
Fátima	noun	S2.2 S9 Z2
Férez	pnoun	Z2
Fígols	pnoun	Z2
física	noun	M1 Y1 P1
físicamente	adv	B1 A1.6
físico	adj	B1 A1.6 E3-
físico-química	adj	Y1/B1
físico-químico	adj	Y1/B1
fólico	adj	O1
fórmula	noun	Y1 N2
Fórnoles	pnoun	Z2
fósforo	noun	O1
fútbol	noun	K5.1 I2
g	noun	N3.5
g.	abbr	N3.5
Gabaldón	pnoun	Z2
Gabiria	pnoun	Z2
Gabón	pnoun	Z2
Gaianes	pnoun	Z2
Gaibiel	pnoun	Z2
Gaintza	pnoun	Z2
Gaià	pnoun	Z2
Gajanejos	pnoun	Z2
Gajates	pnoun	Z2
Galapagar	pnoun	Z2
Galar	pnoun	Z2
galardonado	adj	A9- A5.1+/A9- I1.3+/A9-
galardón	noun	A9- S7.3
Galaroza	pnoun	Z2
galato	verb	O1
Galbarros	pnoun	Z2
Galbárruli	pnoun	Z2
Galdakao	pnoun	Z2
Galdames	pnoun	Z2
Galende	pnoun	Z2
Galera	pnoun	Z2
Gales	noun	Z2 M7
galesa	adj	Z2
Galia	noun	Z2 M7
Galicia	noun	Z2 M7
Galicia	pnoun	Z2 M7
Galilea	pnoun	Z2
Galinduste	pnoun	Z2
Galipentzu	pnoun	Z2
Galisancho	pnoun	Z2
Galisteo	pnoun	Z2
gallego	adj	Z2 S2.1 S2.2mf Q3 A10
gallego	noun	Z2 S2.1 S2.2mf Q3 A10
Gallegos	pnoun	Z2
galleta	noun	F1
galletería	noun	F1/I2
Gallifa	pnoun	Z2
gallina	noun	F1 L2 F4
Gallipienzo	pnoun	Z2
Gallocanta	pnoun	Z2
Gallur	pnoun	Z2
Gallués	pnoun	Z2
Galoze	pnoun	Z2
Galve	pnoun	Z2
Galápagos	pnoun	Z2
galés	adj	Z2 Z2 Q3 S2.1 S2.2
gama	noun	A6.3
Gambia	pnoun	Z2
Gamiz-Fika	pnoun	Z2
Gamones	pnoun	Z2
Gana	pnoun	Z2
gana	noun	X7+ S3.2 A4 A9
ganadera	noun	F4/S2
ganadero	noun	F4 S2
ganadería	noun	I4/L2c
ganado	noun	F4
ganador	noun	X9.2+ S7.3
ganancia	noun	I1.1 A5.1+ A9+
ganar	verb	X9.2+ S7.3
Gandesa	pnoun	Z2
Gandia	pnoun	Z2
Garaballa	pnoun	Z2
Garachico	pnoun	Z2
Garafía	pnoun	Z2
Garai	pnoun	Z2
Garaioa	pnoun	Z2
garantizado	adj	A1.1.1/A9
garantizar	verb	A1.1.1 A9
garantía	noun	A5.4
garbanzo	noun	L3 F1
Garbayuela	pnoun	Z2
Garcia	pnoun	Z2
Garciaz	pnoun	Z2
Garcibuey	pnoun	Z2
Garcihernández	pnoun	Z2
Garcillán	pnoun	Z2
Garciotum	pnoun	Z2
Garcirrey	pnoun	Z2
garcía	pnoun	S2 Z1
Garde	pnoun	Z2
Gares	pnoun	Z2
Gargallo	pnoun	Z2
garganta	noun	B1
Gargantilla	pnoun	Z2
Gargüera	pnoun	Z2
Garlitos	pnoun	Z2
Garralda	pnoun	Z2
Garray	pnoun	Z2
Garrigoles	pnoun	Z2
Garriguella	pnoun	Z2
Garrigàs	pnoun	Z2
Garrofín	pnoun	F1
Garrucha	pnoun	Z2
Garvín	pnoun	Z2
Garínoain	pnoun	Z2
gas	noun	B2 O1.3
gasa	noun	O2
Gascones	pnoun	Z2
Gascueña	pnoun	Z2
gases	noun	B2
gasificante	noun	O1
gasto	noun	I1.3 I1.2
Gata	pnoun	Z2
Gatika	pnoun	Z2
gato	noun	L2 M3 A1.9
Gaubea	pnoun	Z2
Gaucín	pnoun	Z2
gauna	noun	H5 S9 O1.1
Gavarda	pnoun	Z2
Gavilanes	pnoun	Z2
Gavà	pnoun	Z2
Gaziantep	pnoun	Z2
Gaztelu	pnoun	Z2
GDI	abbr	Z3c
Geldo	pnoun	Z2
Gelida	pnoun	Z2
Gelsa	pnoun	Z2
Gelves	pnoun	Z2
Gema	pnoun	Z2
Gemuño	pnoun	Z2
Genalguacil	pnoun	Z2
generación	noun	T1.3 S5+c
general	adj	B3 H1 N5+ A4.2-
general	noun	G3 S7.1+ S2mf
generales	adj	G3 S7.1+ S2mf B3 H1 N5+ A4.2- G2
generalizado	adj	A1.1.1
generalizar	verb	A1.1.1
generalmente	adv	B3/H1 N5+ A4.2-
generar	verb	A2.2 O3 A1.1.1
generosidad	noun	S1.2.2- S8+ A9+ A10+ N5+
generoso	adj	O4.1
Genevilla	pnoun	Z2
genial	adj	A5.1+
genmaicha	noun	F2 L3 B3
Genovés	pnoun	Z2
gente	noun	S2 S2mfc S4
genuino	adj	A5.4+
genéticamente	adv	B1 X2.4
genético	adj	B1 X2.4
geografía	noun	P1 W3 W3
geográfico	adj	W3 P1
geología	noun	Y1 P1
geométrico	adj	O4.4
geopolítico	adj	W1/G1.2
Georgia	noun	Z2 Z1f
Georgia	pnoun	Z2
Georginano	adj	Z2 Z2 Q3 S3.2 B1%
Ger	pnoun	Z2
Gerena	pnoun	Z2
Geria	pnoun	Z2
Gerindote	pnoun	Z2
Gernika-Lumo	pnoun	Z2
Gerona	adj	Z2 S2.1 S2.2
gerundense	adj	Z2 S2.1 S2.2
Gesalatz	pnoun	Z2
Gestalgar	pnoun	Z2
gestionado	adj	Q1.2 S7.1+c A1.1.1
gestionar	verb	Q1.2 S7.1+c A1.1.1
gestión	noun	Q1.2 S7.1+c A1.1.1
gesto	noun	Q1.1 B1
Getafe	pnoun	Z2
Getaria	pnoun	Z2
Getxo	pnoun	Z2
GFSR	abbr	Z3c
Ghana	pnoun	Z2
Gibraleón	pnoun	Z2
gigante	adj	N3.2+++ A11.1+++ S2 N3.2+mf N3.2+ S5
gigante	noun	N3.2+++ A11.1+++ S2 N3.2+mf N3.2+ S5
Gijón	pnoun	Z2
Gilbuena	pnoun	Z2
Gilena	pnoun	Z2
Gilet	pnoun	Z2
Gimialcón	pnoun	Z2
Gimileo	pnoun	Z2
gimnasia	noun	S1 S7.3 P1 M1 K5.1
gimnasio	noun	H2 K5.1 M1 P1 S7.3
Ginebra	noun	Z2 Z3c
ginebrino	adj	Z2 S2.1 S2.2
Gines	pnoun	Z2
Ginestar	pnoun	Z2
ginseng	noun	L3 B3
gipuzkoa	pnoun	Z3
gira	noun	M1 K2 E4+
girar	verb	M1
girasol	noun	L3
Girona	pnoun	Z2
Gironella	pnoun	Z2
Gisclareny	pnoun	Z2
Gistaín	pnoun	Z2
Gizaburuaga	pnoun	Z2
glas	noun	A1.1.1
glaseado	noun	F1 A1.1.1
glasear	verb	A1.1.1 A9
Glasgow	pnoun	Z2
glicérico	adj	O4.5 X3.1
glicérido	noun	O1
global	adj	W3 M7 A1.8+
Globalcaja	pnoun	Z3c
globalmente	adv	W3 M7 A1.8+
glorioso	adj	O4.2+ E4.1+
glucosa	noun	O1
glucósido	noun	O1
glutamina	noun	O1
gluten	noun	O1
glutir	verb	O1
gobernado	adj	S7.1+ A1.7+ G1.1c
Gobernador	pnoun	Z2
gobernador	noun	S7.1+ S2mf G1.1 S2mf O2%
gobernanza	noun	S7.1+/S2mf G1.1/S2mf O2%
gobernar	verb	S7.1+ A1.7+ G1.1c
gobierno	noun	G1
Godall	pnoun	Z2
Godella	pnoun	Z2
Godelleta	pnoun	Z2
Godojos	pnoun	Z2
Goizueta	pnoun	Z2
Goiânia	pnoun	Z2
goji	noun	L3/F1
goliardesco	adj	P1 X2.4
goliardo	noun	P1 X2.4 S5
Golmayo	pnoun	Z2
Golmés	pnoun	Z2
Golosalvo	pnoun	Z2
goloso	adj	O4.5 X3.1
golpe	noun	E3- A1.1.2 X3.3 B3% G3 G1.1- G2.1- A9+ K5.1
Golpejas	pnoun	Z2
goma	noun	O1.1 Q1.2 O2 I1.2 P1
Gombrèn	pnoun	Z2
Gomecello	pnoun	Z2
Gomesende	pnoun	Z2
Gomezserracín	pnoun	Z2
gomoso	adj	O4.5
Gondomar	pnoun	Z2
González	pnoun	Z1
gonzález	pnoun	Z2
Gor	pnoun	Z2
Gorafe	pnoun	Z2
Gordexola	pnoun	Z2
gordolobo	noun	L3 B3
Gordoncillo	pnoun	Z2
Gorga	pnoun	Z2
Gorliz	pnoun	Z2
Gormaz	pnoun	Z2
Gorza	pnoun	Z2
gota	noun	M2 M1 N5- A2.1 O1.2 M1 B2- T2- A9- A1.8- X9.2- K5 X3.2 O1.2 N5 N5- B3 N3.3 F1
Gotarrendura	pnoun	Z2
Gotor	pnoun	Z2
gourmet	adj	A5.1++
gourmet	noun	F1 S2
gozar	verb	E2+ A9+ E4.1+
Gozón	pnoun	Z2
Goñi	pnoun	Z2
gr	abbr	N3.5
grabación	noun	Q1.2 K3
grabado	adj	A1.1.1
grabar	verb	A1.1.1
gracia	noun	S9 X2.1
gracias	noun	X5.2+ A10+ S1.2.4+ E4.2+
Gradefes	pnoun	Z2
Grado	pnoun	Z2
grado	noun	A13.1 N5
graduado	noun	S2.1 S2.2 S5 T2 P1
gradual	adj	A13 S2.1
gradualmente	adv	T2++
graduarse	verb	T2 P1
grafito	noun	O1.1
Grajera	pnoun	Z2
grama	noun	L3 B3
gramo	noun	N3.5
gran	adj	Z5 A13.2+
Gran Bretaña	noun	Z2 M7
grana	adj	O4.3
Granada	pnoun	Z2
granado	adj	Z2
granate	adj	O4.3
grande	adj	N3.1+ A6.1+ A13.2+ A5
grandes	adj	N3.1+ A6.1+ A13.2+ A5
Granera	pnoun	Z2
granja	noun	F4 H1
granjero	noun	F4 S2
grano	noun	L3
Granollers	pnoun	Z2
Granucillo	pnoun	Z2
granular	adj	O4.1
granuloso	adj	O4.5
Granyanella	pnoun	Z2
grasa	noun	F1 O1
graso	adj	O4.1
Gratallops	pnoun	Z2
gratamente	adv	E4.2+
gratinar	verb	A2.1
gratitud	noun	X5.2+ A10+ S1.2.4+ E4.2+ S9
Graus	pnoun	Z2
grave	adj	E6- N3.4
Grazalema	pnoun	Z2
Grañén	pnoun	Z2
Grañón	pnoun	Z2
Grecia	noun	Z2
Grecia	pnoun	Z2
Greensboro	pnoun	Z2
griego	adj	Z2 Z2 Q3 S3.2 B1 Z2 S2mf F1 I2 A5.2-
Griegos	pnoun	Z2
grieta	noun	A1.1.2
Grijalba	pnoun	Z2
Grijota	pnoun	Z2
grill	noun	O3
gris	adj	O4.3
Grisaleña	pnoun	Z2
Grisel	pnoun	Z2
grisáceo	adj	O4.3
Grisén	pnoun	Z2
gritar	verb	Q2.2 X3.2++
Griñón	pnoun	Z2
Groenlandia	noun	Z2
grosella	noun	L3 F1
grosor	noun	N3.7
grs	noun	N3.5
grueso	adj	O4.5 O4.1
grumo	noun	O4.5
grupo	noun	S5+ A4.1 B3 S5+c A4.1c G1 S2 I1
grupos	noun	S5+ A4.1 B3 S5+c A4.1c G1 S2 I1
gruyere	noun	Z2 F1
Grávalos	pnoun	Z2
Guadahortuna	pnoun	Z2
Guadalajara	pnoun	Z2
Guadalaviar	pnoun	Z2
Guadalcanal	pnoun	Z2
Guadalcázar	pnoun	Z2
Guadalmez	pnoun	Z2
Guadalupe	pnoun	Z2
Guadamur	pnoun	Z2
Guadarrama	pnoun	Z2
guadarrama	pnoun	Z3
Guadassuar	pnoun	Z2
Guadasséquies	pnoun	Z2
Guadix	pnoun	Z2
Guadramiro	pnoun	Z2
Gualba	pnoun	Z2
Gualchos	pnoun	Z2
Gualta	pnoun	Z2
guante	noun	B5 O2 S8 A1.5
guaraná	noun	L3 F1 F2 B3
guardar	verb	A1.1.1 A10
guardia	noun	A15+ I3.2 S2mf
Guardo	pnoun	Z2
Guareña	pnoun	Z2
guarnición	noun	F2 G3
Guaro	pnoun	Z2
Guarrate	pnoun	Z2
Guarromán	pnoun	Z2
Guatemala	pnoun	Z2
guatemala	pnoun	Z2
guayaba	noun	L3 F1 B3
Guayaquil	pnoun	Z2
guerra	noun	G2 E3- E6-
Guesálaz	pnoun	Z2
guiar	verb	X2 S7 M1
Guijuelo	pnoun	Z2
Guilin	pnoun	Z2
Guillena	pnoun	Z2
Guimerà	pnoun	Z2
guinda	noun	L3 F1
guindilla	noun	L3 F1
Guinea	pnoun	Z2
Guinea-bissau	pnoun	Z2
Guinea-bisáu	pnoun	Z2
Guinea-conakri	pnoun	Z2
Guirguillano	pnoun	Z2
guisado	adj	A2.1
Guisando	pnoun	Z2
guisante	noun	L3 F1
guisar	verb	A2.1
guiso	noun	F1
Guissona	pnoun	Z2
guitarra	noun	K2 N3.4 X3.2
Guitiriz	pnoun	Z2
Guixers	pnoun	Z2
Guiyang	pnoun	Z2
Gujranwala	pnoun	Z2
Guntín	pnoun	Z2
Gurb	pnoun	Z2
Guriezo	pnoun	Z2
gustar	verb	E2+
gustativo	adj	X3.1
gusto	noun	X3.1
Gutierre-Muñoz	pnoun	Z2
Guwahati	pnoun	Z2
Guyana	pnoun	Z2
guía	noun	S2.1 S2.2S5 S7 X2 M1
Gwalior	pnoun	Z2
Gwangju	pnoun	Z2
Gádor	pnoun	Z2
Gáldar	pnoun	Z2
Gálvez	pnoun	Z2
Gátova	pnoun	Z2
Génave	pnoun	Z2
Gérgal	pnoun	Z2
Gójar	pnoun	Z2
Gómara	pnoun	Z2
gómez	pnoun	Z1
Gósol	pnoun	Z2
Gúdar	pnoun	Z2
Güesa	pnoun	Z2
Güevéjar	pnoun	Z2
Güeñes	pnoun	Z2
Güímar	pnoun	Z2
h	noun	Z5
H.	noun	N4
H.	num	N4
h.	noun	N4
h.	num	N4
ha	verb	Z5 A3 S1 T1.1
haber	verb	Z5 A3 S1 T1.1
habilidad	noun	X2 X5.1 X7 X9+
habitante	noun	S3
habitar	verb	H4
habitual	adj	A6.2+
habitualmente	adv	A6.2+
habla	noun	Q1 Q2
hablar	verb	Q1 Q2
hacer	verb	A1.1.1
hacerlo	verb + pron	Z5 A3
hacerse	verb	A2.1
hacia	prep	Z5 M1 M6
hacienda	noun	F4 M7 F4
haciendo	verb	Z5 A3
Hacinas	pnoun	Z2
hacía	verb	Z5 A3
Haifa	pnoun	Z2
Haikou	pnoun	Z2
Haití	pnoun	Z2
hallar	verb	A10+
Hama	pnoun	Z2
hamamelis	noun	L3 B4 B3
Hamburgo	noun	Z2 Z3c
Hamburgo	pnoun	Z2
hamburguesa	noun	F1
han	verb	Z5 A3
Handan	pnoun	Z2
Hangzhou	pnoun	Z2
Hannover	pnoun	Z2
Hanói	pnoun	Z2
Harana	pnoun	Z2
Harare	pnoun	Z2
Harbin	pnoun	Z2
harina	noun	F1 O1.1
Haro	pnoun	Z2
harpagofito	noun	L3 B3
Harrisburg	pnoun	Z2
Hartford	pnoun	Z2
Haría	pnoun	Z2
has	verb	Z5 A3
hasta	prep	Z5 T1 N3.3
Hawai	adj	Z2 M7
Hawaiano	adj	Z2 S2
hay	verb	Z5 A3
haya	noun	L1
haya	verb	Z5 A3
Haza	pnoun	Z2
he	verb	Z5 A3
hebreo	adj	S9 S2
hecho	adj	Z5 A3 Q1 X2
hecho	noun	A5.2+ X2.2
hechos	noun	Q1 X2
hectárea	noun	N3.6
Hefei	pnoun	Z2
helada	adj	O4.6--/A2.1
helado	noun	F1
helar	verb	O4.6-- A2.1
helenio	noun	L3 B3
Hellín	pnoun	Z2
Helsinki	pnoun	Z2
hemos	verb	Z5 A3
Henarejos	pnoun	Z2
Henche	pnoun	Z2
hendidura	noun	A1 O4.4
Hengyang	pnoun	Z2
heno	noun	L3
herbal	verb	L3
herbáceo	adj	X3.5 X3.1
Herbés	pnoun	Z2
Herce	pnoun	Z2
heredar	verb	A9+ S4 A9+ N4
hereje	adj	S2.1 S2.2 S5 S9 A5.1
herejía	noun	X2.1 S9 X2.1 A5.1
Herencia	pnoun	Z2
Herguijuela	pnoun	Z2
herida	noun	A1.1.2/B2
hermana	noun	S4f S9 S2.1f B3 S2.1f S2.1f A2.2
hermano	noun	S5
Hermigua	pnoun	Z2
Hermisende	pnoun	Z2
hermoso	adj	A5.1+ O4.2+
herméticamente	adv	A10
hermético	adj	A10
Hernani	pnoun	Z2
Hernansancho	pnoun	Z2
Hernialde	pnoun	Z2
Hernán-Pérez	pnoun	Z2
heroico	adj	E5+
herradura	noun	O2/L2 O4.4 K5.1
herramienta	noun	C1 X2.4
Herramélluri	pnoun	Z2
Herrera	pnoun	Z2
Herreruela	pnoun	Z2
Herrería	pnoun	Z2
Herrerías	pnoun	Z2
hervidor	noun	O2
hervir	verb	A2.1 O4.6
hervor	verb	A2.1/O4.6
Hervás	pnoun	Z2
Hervías	pnoun	Z2
heterósido	noun	O1
hibisco	noun	L3 B3
hicieron	verb	Z5 A3
hidratante	adj	B3 B4
hidrato	noun	O1.1
hidrolizable	adj	O1/A1.1.1
hielo	noun	F1 O4.6- O1.1
Hiendelaencina	pnoun	Z2
hierba	noun	F4 L3
hierbabuena	noun	L3 F1 F2 B3
hierro	noun	O1 B3
hierva	noun	L3/H3
higiene	noun	B4
higiénico	adj	B4
higo	noun	F2
Higuera	pnoun	Z2
Higueras	pnoun	Z2
Higueruela	pnoun	Z2
Higueruelas	pnoun	Z2
hija	noun	S2.2mf S4f S3.1 S5 A9
Hijes	pnoun	Z2
hijos	noun	S2.1 S2.2 S3.1 S5 A9
hilo	noun	O2 O3
hinchazón	noun	B2
Hinojal	pnoun	Z2
Hinojales	pnoun	Z2
Hinojares	pnoun	Z2
hinojo	noun	F1 F2 L3 B3
Hinojos	pnoun	Z2
hiperactividad	noun	B2 P1
hiperactivo	adj	S2.1 S2.2 B2 P1
hipertensión	noun	B2
hipoteca	noun	I1.2/H1
hipotecaria	adj	I1.2/H1
hipotecario	adj	I1.2/H1
hipotensora	adj	B3
hipotéticamente	adv	A7- X4.1
hipotético	adj	A7- X4.1 X2.1
hipérico	adj	L3
hipótesis	noun	X4.1 X2.1
Hiriberri	pnoun	Z2
Hiroshima	pnoun	Z2
hirviendo	adj	O4.6
hisopo	noun	L3 B3
hispano	adj	Z2 E5+ T3+
historia	noun	T1.1 X2 G1 P1 T3+
Historia Sagrada	noun	T1.1 S9 G1 P1
historiador	noun	P1 T1.1.1  S2.1 S2.2 G1 P1 T3+
histórico	adj	T1.1.1 T3 G1
Hita	pnoun	Z2
hito	noun	M7/A11.2+ A11.1+ T1.2 M3%
hizo	verb	Z5 A3
hogar	noun	H4
hoguera	adv	O4.6+
Hohhot	pnoun	Z2
hoja	noun	L3 O2
hojaldre	noun	F1
Holanda	noun	Z2 Z1mf
holandés	adj	Z2 Z2 Q3 Z2 S2mfnc M1+
Holguera	pnoun	Z2
hollejo	noun	L3 F1
Hombrados	pnoun	Z2
hombre	noun	S2 P1 X1 A1.6
hombres	noun	S2 P1 X1 A1.6
hombro	noun	B1 M3 M2 E3- A9+
homilía	noun	S9 Q2
homogeneizar	verb	A2.1
homogéneo	adj	A6.1+ O4.5
Homs	pnoun	Z2
Hondarribia	pnoun	Z2
hondo	adj	N3.7+ N5+ O4.3 A4.2+ E4.1- X3.2 W3 M4
Honduras	pnoun	Z2
honesto	adj	A5.2+ S9 S72+ S1.2.4+
Honolulun	pnoun	Z2
honor	noun	A5.1 A12 A13.2 P1 S7.2+ S1.2.4+
honorabilidad	noun	A5.1 A12 A13.2 P1 S7.2+ S1.2.4+
Honrubia	pnoun	Z2
Hontalbilla	pnoun	Z2
Hontanar	pnoun	Z2
Hontanas	pnoun	Z2
Hontanaya	pnoun	Z2
Hontangas	pnoun	Z2
Hontecillas	pnoun	Z2
Hontoba	pnoun	Z2
hora	noun	T1.1
horario	noun	T1.1 P1
horas	noun	T1.1 T1.3
Horche	pnoun	Z2
horizontal	adj	O4.4
horizonte	noun	W3 X2.6+
hormiga	noun	L2 X9 S8 S1.1.3
Hormigos	pnoun	Z2
Hormilla	pnoun	Z2
Hormilleja	pnoun	Z2
Hornachos	pnoun	Z2
Hornachuelos	pnoun	Z2
hornear	verb	A2.1 O4.6
horno	noun	O3 O2 O4.6+
Hornos	pnoun	Z2
horrible	adj	O4.2-
Hortigüela	pnoun	Z2
hospital	noun	B3 H1c B3 S1.2.4
hospitalidad	noun	H1 S1.2.4 S9
Hostalric	pnoun	Z2
hotel	noun	H1
Houston	pnoun	Z2
hoy	adv	Z5 T1.1
Hoya-Gonzalo	pnoun	Z2
Hoyocasero	pnoun	Z2
Hoyorredondo	pnoun	Z2
Hoyos	pnoun	Z2
Huai'an	pnoun	Z2
Huaibei	pnoun	Z2
Huainan	pnoun	Z2
Huambo	pnoun	Z2
Huarte	pnoun	Z2
hubiera	verb	Z5 A3
Hubli	pnoun	Z2
hubo	verb	Z5 A3
hucha	noun	I1 I2 T1.1.3
Huecas	pnoun	Z2
hueco	adj	O4.1 X9.2- W3
Huelma	pnoun	Z2
Huelva	pnoun	Z2
huelva	pnoun	Z3
Huelves	pnoun	Z2
Huerta	pnoun	Z2
Huertahernando	pnoun	Z2
Huerto	pnoun	Z2
Huesa	pnoun	Z2
Huesca	noun	Z2 M7
Huesca	pnoun	Z2
hueso	noun	B1 F1
Huete	pnoun	Z2
Hueva	pnoun	Z2
huevo	noun	F1
Huizhou	pnoun	Z2
Humada	pnoun	Z2
humana	adj	S2 X2
Humanes	pnoun	Z2
humano	adj	S2 S1.2.1+ S2mf X2
humano	noun	S2 S1.2.1+ S2mf X2
humanos	noun	S2 X2 S5
humedad	noun	O1
humedecer	verb	A2.1 X3.3
humildad	noun	S9 A5.1+ A5.4 E4+
humilde	noun	S9 A5.1 A5.4 E4+
humildemente	adv	S9 A5.1 A5.4 E4+
humillación	noun	S7.2- A5.4 E4-
Humilladero	pnoun	Z2
humo	noun	F3 X3.1 X3.5 O1.3
humor	noun	E1 E4.1+
Hungria	noun	Z2 Z3c
Hungría	pnoun	Z2
Hurones	pnoun	Z2
Hurtumpascual	pnoun	Z2
Husillos	pnoun	Z2
Huzhou	pnoun	Z2
Huécija	pnoun	Z2
Huélaga	pnoun	Z2
Huélago	pnoun	Z2
Huélamo	pnoun	Z2
Huéneja	pnoun	Z2
Huércal-Overa	pnoun	Z2
Huércanos	pnoun	Z2
Huérguina	pnoun	Z2
Huérmeces	pnoun	Z2
Huéscar	pnoun	Z2
Hyderabad	pnoun	Z2
hábil	adj	S2.1 S2.2 X2 X7 P1
hábilmente	adv	X2 X7 X9+ Z5
hábito	noun	A6.2+
héroe	noun	Q4.1 S2.2m E5+ S2.2m E2+ S2.2m E5+
híbrido	adj	A2.1+
hígado	noun	F1 B1 F1
Híjar	pnoun	Z2
húmedo	adj	O4.1 X3.3
húngaro	adj	Z2 S2.1 S2.2.
I	num	N1
i	noun	Z5 N1
I.	noun	N4
I.	num	N4
i.	noun	N4
i.	num	N4
iba	verb	M1 M1 A2.1+ A1.1.1 A9- A1.8+ Q2.1 N6+ I2.2 A1.1.2 T2- S3.2 A6.3+ B2- X1 B1
Ibadán	pnoun	Z2
Ibahernando	pnoun	Z2
Ibargoiti	pnoun	Z2
Ibarra	pnoun	Z2
Ibarrangelu	pnoun	Z2
Ibdes	pnoun	Z2
iberoamericano	adj	Z2
Ibi	pnoun	Z2
Ibias	pnoun	Z2
Ibieca	pnoun	Z2
Ibrillos	pnoun	Z2
Ibros	pnoun	Z2
ibérica	adj	Z2
ibérico	adj	Z2
idea	noun	X4.1 X7+
ideal	adj	A5.1+
ideas	noun	X4.1 X7+
identidad	noun	S2 A6.1+ Q1.2
identificación	noun	X2.2+ A6.1+
identificado	adj	X2.2+ A10+ X2.5+
identificar	verb	X2.2+ A10+ X2.5+
identificativo	adj	X2.2+ A10+ X2.5+
ideología	noun	X4.1 G1
ideológico	adj	X4.1 G1 S3
Idiazabal	pnoun	Z2
idoneidad	noun	X9.1 A1.2+
idéntico	adj	A6.1+++
idóneo	adj	A1.2 A5.1+
Iekora	pnoun	Z2
IFRS	abbr	Z3c
Igantzi	pnoun	Z2
Igea	pnoun	Z2
iglesia	noun	S9 H1c S9c S3 M7
Iglesiarrubia	pnoun	Z2
Iglesias	pnoun	Z2
ignorancia	noun	X2.2- S1.2.4-
ignorante	adj	X2.2- S1.2.4-
Igorre	pnoun	Z2
Igriés	pnoun	Z2
igual	adj	A6.1 A6.2
Igualada	pnoun	Z2
igualar	verb	A6.1 A6.2
igualdad	noun	S1.1.3 A6.1+
Igualeja	pnoun	Z2
igualmente	adv	S1.1.3 A6.1+
Igúzquiza	pnoun	Z2
Igüeña	pnoun	Z2
II	num	N1
III	num	N1
Ikaztegieta	pnoun	Z2
Ilche	pnoun	Z2
ilegal	adj	G2.1-
ilimitado	adj	A1.7-
Illana	pnoun	Z2
Illano	pnoun	Z2
Illas	pnoun	Z2
Illescas	pnoun	Z2
Illueca	pnoun	Z2
iluminación	noun	W2 O3/W2
iluminado	adj	O3 W2 C1 W2 A7+
iluminar	verb	O3 W2 C1 W2 A7+X2
ilusamente	adv	S1.2.6-
iluso	adj	S1.2.6-
ilustración	noun	P1 C1 X2 X2.2 X9.1
ilustrado	adj	S2.1 S2.2 X2.2 X9.1
ilustrar	verb	A4.1 C1 X2.2 X9.1 P1 C1
ilustrativamente	adv	X2.2 Z5
imagen	noun	C1 X2 Q4
imaginar	verb	X2.1 A5.2-
imaginariamente	adv	X2.1 A5.2-
imaginario	adj	X2.1 A5.2-
imitación	noun	A6.1+ A5.4-
imitar	verb	A6.1+
imnunológico	adj	B2+ B1 A2.2- A1.9
Imotz	pnoun	Z2
impacto	noun	A1.1.1 A2.2
impartir	verb	A9- A1.1.1 P1
impecable	adj	A5.1+++ A1.2+++ Q3
impedir	verb	A1.9 M1
impiedad	noun	A1 X2.1 S9 A5.1
implantación	noun	S8+ A2.2
implantar	verb	B3 S8+ A2.2
implementación	noun	A1.1.1
imponer	verb	S7.1+ A1.1.1 S6+ X7- X9.2+ S7.3 G3
importación	noun	A11.1+
importado	adj	M2 M7
importancia	noun	A5 A11.1+
importante	adj	A11.1+
importantes	adj	A5 A11.1+ A13.2
importe	noun	A11.1+
imposibilidad	noun	A7- A12-
imposible	adj	A7- A12-
imposiblemente	adv	A7- A12-
imposición	noun	S6+ S7.1+ X7-
impreciso	adj	A4.2- A5.3-
imprescindible	adj	A11.1++
imprescindiblemente	adv	A11.1++ Z4
impresionar	verb	X5.2+ A11.1+ A1.1.1
impreso	adj	Q1.2
impresora	noun	S2.2 Q1.3
imprimir	verb	Q1.2
improbable	adj	A7-
improbablemente	adv	A7-
improvisar	verb	A1.4 K2
impuesto	noun	I1.1 G1.1 A12-
impulsado	adj	S8+
impulsar	verb	S8+
impulso	noun	S8+
impureza	noun	O1 O4.2
imputación	noun	Q2.2
imágenes	noun	C1 Q4 X2
inalterado	verb	A2.1-
inauguración	noun	T2+
Inca	pnoun	Z2
incapaz	adj	X9.1-
Incarlopsa	pnoun	Z3
incensar	verb	S9 O1.3 S1.2.4
incentivar	verb	S8+
incertidumbre	noun	A7-
incidencia	noun	A1.4 A7+
incidental	adj	A1.4 A11.1- A7+
incidentalmente	adv	A11.1- A7+
incidente	adj	A1.4 A7+
incidente	noun	A1.4 A3+ A5.1-
incidentemente	adv	A1.4 A7+
incidir	verb	A2.2
incienso	noun	S9 O1.3 S1.2.4
inciertamente	adv	A7-
incierto	adj	A7- A5.2-
incitar	verb	A2.2
incluido	adj	A1.8+
incluir	verb	A1.8+
inclusión	noun	A1.8+
incluso	adv	Z5 S3 A1.8
incoación	noun	T2+
incoar	verb	T2+
incomprensible	adj	X2.5-
inconcuso	adj	A13.2
incondicional	adj	A7+ Z7-
inconsistencia	verb	A6.1- S1.2.5- O4.1 S7.1- A5.1- X9.1-
incorporado	adj	A1.8+
incorporar	verb	A1.8+
incorpórale	noun	A1.8+
incredulidad	noun	X2.1 S9 A5.1-
incrementar	verb	N5+ A2.1
incremento	noun	N5+/A2.1
increíble	adj	O4.2+ A6.2
incrédulo	adj	S2.1 S2.2 S9 X2.1 A5.1-
incumplimiento	noun	X9.2-
incómodo	adj	O4.2- E1
indagar	verb	X2.4
indefectible	adj	A15+ A7+
indefectiblemente	adv	A15+ A7+
independencia	noun	S5- G1
independiente	adj	S5- S1.2.5+
independientemente	adv	S5-
indeseable	adj	O4.2-
India	noun	Z2 O4.6+
India	pnoun	Z2
Indianápolis	pnoun	Z2
indicación	noun	A10+ Q1.1
indicador	noun	N3.8 Q4.1
indicar	verb	X1 X5
indicativo	noun	A10+ Q3
indicio	noun	A10+
indiferencia	noun	X5.2-
indiferente	adj	X5.2- A5.1
indigestion	noun	B2
indignación	noun	E3-
indio	adj	S2.1 S2.2 Z2 E2-
indio	noun	S2.1 S2.2 Z2 E2-
indirecto	adj	A10-
indiscutible	adj	A5.2+
individual	adj	N5- S2mf
individualizado	adj	A1.2/S5-
Indonesia	noun	Z2 Z3c
Indonesia	pnoun	Z2
indonesio	adj	S2.1 S2.2
Indore	pnoun	Z2
indubitable	adj	A7+
indubitablemente	adv	A7+
indubitadamente	adv	A7+
indubitado	adj	A7+
inducción	noun	X2 X4
inductivamente	adv	X2 X4
inductivo	adj	S2.1 S2.2 X2 X4
indudable	adj	A7+
indudablemente	adv	A7+
industria	noun	I1 M7
industrial	adj	I4
ineludible	adj	A7+ A1.9-
ineludiblemente	adv	A7+ A1.9-
inercial	adj	M8 A2.1-
inestimable	adj	A11.1+ A1.5.2+
inevitable	adj	A7+ A1.9-
inevitablemente	adv	A7+ A1.9-
inexistente	adj	A3-
infalible	adj	X9.2+
infaliblemente	adv	A7+
infancia	noun	T1.3 P1
infarto	noun	B2
infección	noun	B2
inferior	adj	M6 S7.1-- A5.1--
infernal	adj	S9 A5.1-
infierno	noun	S9 A5.1-
infinito	adj	T2++
inflación	noun	I1.3+
inflamación	noun	B2
influencia	noun	A2.1+ A2.2 S7.1+
influir	verb	A2.2 A2.1+
info	noun	X2.2+
información	noun	X2.2+ Q1
informal	adj	S1.2.1+
informar	verb	X2.2+ X2.4 Q2.1
informativo	adj	X2.2 X2.4 Q1.1
informe	noun	Q1.2 S7.1- I2.1.2
informática	noun	Y2
informático	adj	Y2
infracción	noun	G2.1-
infraestructura	noun	I2.1/S8+
infusionado	adj	F2/O4.6
infusionar	verb	F2 A2.1 O4.6
infusión	noun	F2 O4.6
ingeniero	noun	S7.1+ A1.1.1 Y1 I3.2 S2mf
Ingenio	pnoun	Z2
ingesto	noun	B1/F1 A1.1.1 F1/N5 A9+
Inglaterra	noun	Z2 Z1mf
inglés	adj	Z2 Q3
ingrediente	noun	O1 F1 F2
ingresar	verb	M1 I1.3.1 I1.1 A2.1 B2
ingreso	noun	I2
inhabilitación	noun	A1.8-/I3.2
iniciado	adj	T2 S1.1.1
inicial	adj	T2
inicialmente	adv	T2 Z5 N4
iniciar	verb	T2 S1.1.1
iniciativa	noun	A1.1.1 X5.2+
inicio	noun	T2 S1.1.1
Iniesta	pnoun	Z2
Iniéstola	pnoun	Z2
injusticia	noun	G2.1-
inmediación	noun	A11.1+ T1.1.2
inmediatamente	adv	N3.8+ T1.1.2 A11.1+ N4 Z5 N3.8+
inmediato	adj	N3.8+ T1.1.2 A11.1+ N4 N3.3- S4
inmejorable	adj	A5.1+++
inmerso	adj	M2
inmigrante	noun	M1 M7 S2mf G1 S2
inminente	adj	T1.1.3
innecesariamente	adv	A7- S6-
innecesario	adj	A7- S6-
innegable	adj	A5.2+
innegablemente	adv	A5.2+
innovación	noun	T3-
inocencia	noun	G2.1+ G2.2+
inolvidable	adj	X5.2+
inoxidable	adj	O4.1
inquietante	adj	E6-
inquisición	noun	A5 S9 G1 S7.2-
inquisitivo	adj	A5 A1.9- S7.2-
inquisitorial	adj	A1.9- S9 A5
inscribir	verb	Q1.2 S1.1.3+ Q1.2 G1.1 S5 Q1.2
inscripción	noun	Q1.2 G1.1 Q1.2 S7.3 Q1.2 O2
inscrita	adj	Q1.2/S1.1.3+ Q1.2/G1.1 S5 Q1.2
inscrito	adj	Q1.2/S1.1.3+ Q1.2/G1.1 S5 Q1.2
insecto	noun	L2mfn A5.1-
inseguridad	noun	A7- A15-
inseparable	adj	S5+++ A1.7+++
insertar	verb	A2.1 A1.8+
insignificante	adj	A11.1--
insolvencia	noun	I1.2
insomnio	noun	B2
inspeccionar	verb	X2.4 X2.4/A5.3 B3 A8 X3.4
inspección	noun	X2.4 A5.3
inspector	noun	G2.1 S2mf G1.1 S2mf
instalación	noun	A1.1.1 S1.1.1
instalar	verb	A1.1.1 S1.1.1
instancia	noun	A4.1 T1.2
instantáneo	adj	T1.2
Instinción	pnoun	Z2
instinto	noun	X1 A6.2+
institucional	adj	S5+ H1c S1.1.1
instituciones	noun	S5+c S7.1+ H1c S1.1.1 T2+ P1 S5 G1
institución	noun	S5+c S7.1+ H1c
instituir	verb	S1.1.1
instituto	noun	S5 X2.4 S5+ T2 H1 M7 P1
institutriz	noun	S2.2 S5 S7.1 X2.3
instrucción	noun	Q2.2 P1 X2 X4
instructivamente	adv	X2 Z5
instructivo	adj	S2.1 S2.2 X2 P1
instructor	noun	Q2.2 S5 P1 X2
instruir	verb	Q2.2 P1 X2
instrumento	noun	O2 K2 X4.2 B3 Y1
insuficiente	adj	N5-
insuficiente	noun	N5- A6 A13 A13.7 P1
insuficientemente	adv	N5- A13 A6.3 Z5
insulto	noun	Q2.2 S1.2.4- S7.2-
intacto	adj	N5.1+
integración	noun	A1.8+ S5+ A2.2 N2%
integrado	adj	A1.8+ S5+ A2.2 N2 N3.2
integral	adj	O4.1 N5.1
integrar	verb	A1.8+ S5+ A2.2 N2 N3.2
integridad	noun	G2.2+ N5.1+
intelectual	adj	X2.3
inteligencia	noun	X2
inteligente	adj	S2.1 S2.2 X9.1+ S1.2.6+
inteligentemente	adv	X9.1+ A12 Z5
intención	noun	X7+
intensamente	adv	A13.3
intensidad	noun	X3.1 O4.5 X3.5 O4.3 N5
intensificación	noun	N5+/A2.1
intensificado	adj	A13.3
intensificar	verb	A13.3
intenso	adj	X3.1 O4.5 X3.5 O4.3 N5
intentar	verb	X8+
intento	noun	X8+
interacción	noun	S1.1.2+
interamericano	adj	Z2
interanual	adj	N6
interbancario	adj	I1
intercambiar	verb	A9 S1.1.2+ A2.1+
intercambio	noun	A9/S1.1.2+ A2.1+
interesante	adj	X5.2+
interesar	verb	X5.2+
intereses	noun	I2 Z5 A5 X5.2+
interior	adj	M1 M6 N3.1
intermediario	adj	S8+/S2m
intermedio	adj	T1.3 K5.1
internacional	adj	N3.6
internacionalización	noun	M7 M7/S5+c
internado	noun	H4 P1 S8
internamente	adv	A10 Z5 M1 M6 N3.1 A1.7+
internar	verb	A1.7+ M1 M6 N3.1
Internet	noun	Y2 L2 O2
interno	adj	M6 A10- G1.1 P1 S2.1 S2.2 A10 S2.1 S2.2 S5 P1 M6 A10- G1.1
interno	noun	M6 A10- G1.1 P1 S2.1 S2.2 A10 S2.1 S2.2 S5 P1 M6 A10- G1.1
interpretar	verb	X2.5+ Q3
interrelacionada	adj	A2.2
interrumpir	verb	Q2.2 X7- T2-
interrupción	noun	Q2.2 X7- T2-
intersectorial	adj	I4/A2.2
intertrimestral	adj	T1.3
intervención	noun	S1.1.3+ Q2 G1.1 K5.1
intervenir	verb	S1.1.3+ N4
interés	noun	X5.2+ I1.1 S8+ S1.1.3+
intestino	adj	B1
intolerancia	noun	S7.4-/B2
intolerante	noun	S7.4-/B2
intoxicación	noun	B2
introducción	noun	T2+ Q4 S1.1.1
introducir	verb	A2.1 M2
intuición	noun	X2 X3
intuir	verb	X2.2 A9 P1
intuitivamente	adv	X2.2 A9 Z5
intuitivo	adj	S2.1 S2.2 X2.2 A9
invariable	noun	T2++ A2.1-
invasión	noun	G3 X7- N5+
inventario	noun	Q1.2/A9+ A9+ I2.2 X2.4/A9+
invento	noun	X2.1 A5.2-
inversión	noun	I1.1 I2.2
inversor	adj	I1.1/S2m
inversora	noun	I1.1/S2m
invertir	verb	I1.1
investigación	noun	X2.4
investigador	noun	X2.4
investigar	verb	X2.4 B3 P1
invierno	noun	T1.3
inviolable	adj	A15+ G2.1
invisible	adj	X3.4- A11.2-
invitado	noun	H4 S2mf S1.2.2- S2mf Q2.2
invitar	verb	Q2.2
invocar	verb	T2+ A1.5.1 S7.1+
involuntario	adj	X7- S6+ A1.7-
inyección	noun	B3 S8+
inédito	adj	A6.2-
inútil	adj	A1.5.2-
IORWG	noun	Z3c
ipc	noun	Z3c I2
ir	verb	M1
ira	noun	E3-
Irak	noun	Z2 M7 E2- E3- G3
Irak	pnoun	Z2
Iraq	pnoun	Z2
Iraquí	noun	Z2 Z3c Z2 S2.1 S2.2
Irañeta	pnoun	Z2
irisación	noun	O4.3
Irixoa	pnoun	Z2
Irlanda	noun	Z2 Z1mf
Irlanda	pnoun	Z2
irlandés	adj	Z2
ironía	noun	Q2.2 S1.2.4- A6.1- X2.6
irracional	adj	S1.2.6-
irreal	adj	A3- A5.2- A5.4- A6.2-
irregular	adj	O4.4 O4.2 O4.5
irregularmente	adv	N6- A6.2- O4.4 A6.3+
irreligión	noun	A1 X2.1 S9 X2.1 A5.1
irrepetible	adj	A6.1+ N6-
irresistible	adj	A5.1++
irreversible	adj	A2.1-
irritación	noun	E3- B2-
irritar	verb	E3- B2-
Iruelos	pnoun	Z2
Irueste	pnoun	Z2
Irun	pnoun	Z2
Irura	pnoun	Z2
Iruraiz-Gauna	pnoun	Z2
Irurtzun	pnoun	Z2
Iruña	pnoun	Z2
Irán	noun	Z2 Z3c M7
Irán	pnoun	Z2
Isaba	pnoun	Z2
isabel	pnoun	Z1
Isar	pnoun	Z2
Isfahán	pnoun	Z2
ISFLSH	noun	Z3c
isla	noun	W3M7
islam	noun	S5 S9 X21 A5.1
islamista	adj	S2.1 S2.2 S5 S9 X2.1 A5.1
Islandia	noun	Z2 Z3c O4.6-
Islandia	pnoun	Z2
Islas Canarias	noun	Z2 M7 O4.6+
isleño	adj	Z2 S2.1 S2.2
islámico	adj	S2.1 S2.2 S5 S9 X2.1 A5.1
isoflavona	noun	O1 B3
isotérmica	adj	O4.6
Ispaster	pnoun	Z2
Israel	noun	S9 Z2
Israel	pnoun	Z2
israelita	adj	S9 S2.1 S2.2
israelí	adj	Z2 S2.1 S2.2
Istán	pnoun	Z2
Isuerre	pnoun	Z2
Isábena	pnoun	Z2
Isòvol	pnoun	Z2
Italia	noun	Z2
Italia	pnoun	Z2
italia	pnoun	Z1
italiano	adj	Z2 Q3 S2.1 S2.2. F1
itinerante	noun	M1
Itsasondo	pnoun	Z2
Ituren	pnoun	Z2
Iturmendi	pnoun	Z2
Itza	pnoun	Z2
Itzaltzu	pnoun	Z2
Iurreta	pnoun	Z2
IV	num	N1
Ivorra	pnoun	Z2
Iza	pnoun	Z2
Izaba	pnoun	Z2
Izagaondoa	pnoun	Z2
Izagre	pnoun	Z2
Izalzu	pnoun	Z2
Iznalloz	pnoun	Z2
Iznate	pnoun	Z2
Iznatoraf	pnoun	Z2
Iznájar	pnoun	Z2
izquierda	noun	M1 M2 A1.1.1 A1.9 A9- N5.2+ T2- M6 G1.2 G1.2c
izquierdo	adj	M1 M2 A1.1.1 A1.9 A9- N5.2+ T2- M6 G1.2 G1.2c
Izurtza	pnoun	Z2
j	noun	Z5
J.	noun	N4
J.	num	N4
j.	noun	N4
j.	num	N4
Jabaloyas	pnoun	Z2
Jabalpur	pnoun	Z2
Jabalquinto	pnoun	Z2
Jabugo	pnoun	Z2
Jaca	pnoun	Z2
Jacarilla	pnoun	Z2
Jacksonville	pnoun	Z2
Jadraque	pnoun	Z2
Jafre	pnoun	Z2
Jaipur	pnoun	Z2
Jaitz	pnoun	Z2
Jalance	pnoun	Z2
Jalandhar	pnoun	Z2
Jamaica	noun	Z2 M7
Jamaica	pnoun	Z2
jamaicano	adj	Z2 S2.1 S2.2
Jambrina	pnoun	Z2
Jamilena	pnoun	Z2
Jamshedpur	pnoun	Z2
jamás	adv	T1 Z6 Z5
jamón	noun	F1 F1
Janeiro	noun	T1.3 M7 Z2
japonés	adj	Z2 Q3 Z2  S2.1 S2.2.
Japón	noun	Z2 M7
Japón	pnoun	Z2
Jaraba	pnoun	Z2
jarabe	noun	O1.2/B3
Jarafuel	pnoun	Z2
Jaraicejo	pnoun	Z2
jardín	noun	M7 L3
Jarilla	pnoun	Z2
Jarque	pnoun	Z2
Jartum	pnoun	Z2
Jasa	pnoun	Z2
Jatiel	pnoun	Z2
Jaulín	pnoun	Z2
Jaurrieta	pnoun	Z2
Javier	pnoun	Z2
javier	adv	Z1
Jayena	pnoun	Z2
jazmín	noun	L3
Jaén	pnoun	Z2
jefatura	noun	S7.1+
jefe	noun	G1
jengibre	noun	F2 L3 F1 B3
Jerez	pnoun	F2 Z3 Z2 A4.1
jersey	noun	B5
Jerte	pnoun	Z2
Jerusalén	noun	S9 Z2
Jesucristo	noun	S2.1 S9
jesuita	noun	S9 S2.1 S5
Jesús	noun	S2.1 S9 X2.1
jesús	noun	Z1
Jete	pnoun	Z2
Jiamusi	pnoun	Z2
Jiangyin	pnoun	Z2
Jiaozuo	pnoun	Z2
Jiaxing	pnoun	Z2
Jijona	pnoun	Z2
Jilin	pnoun	Z2
Jimena	pnoun	Z2
Jinan	pnoun	Z2
Jining	pnoun	Z2
Jinzhou	pnoun	Z2
Jirueque	pnoun	Z2
Joanesburgo	noun	Z2
Jodhpur	pnoun	Z2
Johannesburgo	pnoun	Z2
joint	fw	S5+
Joinville	pnoun	Z2
Jorba	pnoun	Z2
Jorcas	pnoun	Z2
Jordania	noun	Z2 Z1mf
Jordania	pnoun	Z2
jordano	adj	Z2 S2.1 S2.2
jorge	pnoun	S2 Z1
jornada	noun	T1.3
Jorquera	pnoun	Z2
Josa	pnoun	Z2
Josep	pnoun	Z1
josé	pnoun	S2 Z1
joven	adj	T3- A4.1
Juan	pnoun	Z1 S9
Jubrique	pnoun	Z2
judaísmo	noun	S5 S9 X2.1 A5.1 S5
judicial	adj	G2.1 S7.2 S7
judión	noun	F1/L2
judío	noun	S2.1 S2.2 S9 X2.1 A5.1
juego	noun	K1 I1
jueves	noun	T1.3
juez	noun	G2.1 X6 G2.1 I3.2 S2mf X6 S2mf
jugador	noun	K5.1 S2mf K5.2 S2mf K6 S2mf S1.1.3+ S2mf
jugar	verb	K1 K5.1 K5.2 A1.1.1 K6
jugo	noun	F2 O1.2
jugoso	adj	O4.2 O4.5
juguete	noun	X2.1 A1.1.1
juicio	noun	G2.1 S7.2 S7 X2.1 X6
Juià	pnoun	Z2
Julian	pnoun	Z1
julio	noun	T1.3
Julián	pnoun	Z1
Jumilla	pnoun	Z2
Jun	pnoun	Z2
Junciana	pnoun	Z2
Juncosa	pnoun	Z2
Juneda	pnoun	Z2
junio	noun	T1.3
juntar	verb	A2.2 S5+ A1.8+
junto	adj	A2.2 S5+ A1.8+
junto	prep	Z5 M6
jurado	adj	G1 G2
jurado	noun	G1 G2
juramento	noun	G1 G2
jurar	verb	Q1 G2 A1 A11
jurisdiccional	adj	G2.1
jurídico	adj	G2.1 G2.1+
Juslapeña	pnoun	Z2
Justel	pnoun	Z2
justicia	noun	G1 G2.2 X2 E3
justificación	noun	G2.2+ A2.2 O4.1
justo	adj	G2.2
justo	adv	A14 T3--- T1.3- N3.3--- S1.2 G2.2+
juvenil	adj	T3-
juventud	noun	T3
Juviles	pnoun	Z2
Juzbado	pnoun	Z2
juzgado	verb	G2.1
juzgar	verb	G2.1 X6
Járkov	pnoun	Z2
Játar	pnoun	Z2
Jávea	pnoun	Z2
jérez	pnoun	Z3
Jérica	pnoun	Z2
Jódar	pnoun	Z2
jóvenes	noun	T3- S5
Júpiter	noun	Z1 W1 S9 T1.1.1
Júzcar	pnoun	Z2
k	noun	O1 Z5
K.	noun	N4
K.	num	N4
k.	noun	N4
k.	num	N4
Kabul	pnoun	Z2
Kaduna	pnoun	Z2
kaempferol	noun	O1
Kaifeng	pnoun	Z2
Kampala	pnoun	Z2
Kananga	pnoun	Z2
Kano	pnoun	Z2
Kanpezu	pnoun	Z2
Kanpur	pnoun	Z2
Kaohsiung	pnoun	Z2
Karachi	pnoun	Z2
karma	noun	S3 S9 A2.1 E1
Karrantzana	pnoun	Z3
Katar	pnoun	Z2
Katmandú	pnoun	Z2
Katowice	pnoun	Z2
Kayseri	pnoun	Z2
Kazajistán	pnoun	Z2
Kazajstán	pnoun	Z2
Kazakstán	pnoun	Z2
Kazán	pnoun	Z2
Kcal	pnoun	N3
Kenia	pnoun	Z2
Kentucky	pnoun	Z2
Kenya	pnoun	Z2
Keña	pnoun	Z2
kg	noun	N3.5
Khulna	pnoun	Z2
Kiev	pnoun	Z2
Kigali	pnoun	Z2
kilo	noun	N3.5
kilogramo	noun	N3.5
kilómetro	noun	N3.3 N3.7
Kinsasa	pnoun	Z2
Kirguistán	pnoun	Z2
Kiribati	pnoun	Z2
Kirkuk	pnoun	Z2
Kisangani	pnoun	Z2
Kitakyushu	pnoun	Z2
kiwi	noun	F1 L3
kj	noun	N3
km	noun	N3.3 N3.7
Knorr	pnoun	Z3
Kolhapur	pnoun	Z2
Kollam	pnoun	Z2
kombucha	noun	F2 L3 A4.1 B3
Konya	pnoun	Z2
Kortezubi	pnoun	Z2
Kosher	adj	S9
Kotah	pnoun	Z2
Kozhikode	pnoun	Z2
Krasnoyarsk	pnoun	Z2
Kripan	pnoun	Z2
Kuartango	pnoun	Z2
Kubáit	pnoun	Z2
kukicha	adj	Z3
Kumamoto	pnoun	Z2
Kumasi	pnoun	Z2
Kunming	pnoun	Z2
Kuwait	pnoun	Z2
l	noun	Z5
l	num	N1
L.	noun	N4
L.	num	N4
l.	noun	N4
l.	num	N4
la	art	Z5
La Coruña	noun	Z2 M7 O1.2-
La Haya	noun	M7 Z2
Labajos	pnoun	Z2
Labastida	pnoun	Z2
labio	noun	B1
labor	noun	A1.1.1 I3.1 P1
laboral	adj	T1.2
laboralmente	adv	T1.2
laboratorio	noun	Y1 H1c
Labuerda	pnoun	Z2
lactosa	noun	O1 B2
lactosuero	noun	O1
lacón	noun	F1 F1
lado	noun	A4.1 M6 N5.1- S7.3+ S5+c B1 S5+c S4c F1 S1.2 S5+ H2 O4.1
Ladrillar	pnoun	Z2
ladrillo	noun	O1 O4.4 O4.3
ladrón	noun	G2.1- S2mf
Lagartera	pnoun	Z2
Lagartos	pnoun	Z2
Lagata	pnoun	Z2
lago	noun	W3 M4
Lagos	pnoun	Z2
Lagrán	pnoun	Z2
Laguardia	pnoun	Z2
Lagueruela	pnoun	Z2
laguna	noun	W3 M4
Lagunaseca	pnoun	Z2
Lagunilla	pnoun	Z2
Lahiguera	pnoun	Z2
Lahore	pnoun	Z2
laicismo	noun	S9 X2.1 A5.1
laico	noun	S2.1 S2.2 S9 X2.1 A4.1 S5
Lakuntza	pnoun	Z2
Laluenga	pnoun	Z2
Lalueza	pnoun	Z2
Lalín	pnoun	Z2
Lamasón	pnoun	Z2
lamentable	adj	E4.1-
lamentablemente	adv	E4.1-
lamentar	verb	E4.1-
laminar	verb	A2.1 O4.4
Lana	pnoun	Z2
lana	noun	O1.1
Lanaja	pnoun	Z2
Lancaster	noun	Z2 M7
Lanciego	pnoun	Z2
Landete	pnoun	Z2
Lanestosa	pnoun	Z2
Langa	pnoun	Z2
Langayo	pnoun	Z2
langostino	noun	F1 L2 F4
Langreo	pnoun	Z2
Languilla	pnoun	Z2
Lanjarón	pnoun	Z2
Lantadilla	pnoun	Z2
Lantarón	pnoun	Z2
Lanteira	pnoun	Z2
Lantejuela	pnoun	Z2
Lantz	pnoun	Z2
Lantziego	pnoun	Z2
Lanzahíta	pnoun	Z2
lanzamiento	noun	T2 M1
Lanzarote	noun	Z2
Lanzhou	pnoun	Z2
Lanzuela	pnoun	Z2
Laos	pnoun	Z2
Laperdiguera	pnoun	Z2
Lapoblación	pnoun	Z2
lapso	noun	A5.1- A2.1 X5.1- T1.3 T2+ T2- S9
Lardero	pnoun	Z2
Laredo	pnoun	Z2
larga	adj	N3.7+ T1.3+ N3.3+ N3.2+ X7+
largo	adj	O4.1 A6+ N3
Larouco	pnoun	Z2
Laroya	pnoun	Z2
Larrabetzu	pnoun	Z2
Larraga	pnoun	Z2
Larraona	pnoun	Z2
Larraul	pnoun	Z2
Larraun	pnoun	Z2
Larrodrigo	pnoun	Z2
Larva	pnoun	Z2
las	art	Z5
las	det	Z5
las	pron	Z5 Z8
Lasarte-Oria	pnoun	Z2
lasaña	noun	F1
Lascellas-Ponzano	pnoun	Z2
Lascuarre	pnoun	Z2
Laspaúles	pnoun	Z2
Laspuña	pnoun	Z2
lastrar	verb	A1.1.2
lata	noun	O2
latente	adj	A10-
lateral	adj	M6 B1 K5.1
latino	adj	Z2 Q3 Z2 Z2 S2mf S5
latinoamericano	adj	Z2
latitud	noun	W3 N3
Latvia	pnoun	Z2
Latxa	pnoun	Z3
latxa-gazta	pnoun	F2
latín	noun	Z2 Q3 Z2 Z2 S2mf
Laudio	pnoun	Z2
Laukiz	pnoun	Z2
laurel	noun	L3 F1 B3
lavabo	noun	H2 B2
lavado	adj	A1.1.1/B4
lavanda	noun	L3 B4
lavar	verb	A2.1 B4
Laviana	pnoun	Z2
laxante	adj	B3
laxante	noun	B3
Laxe	pnoun	Z2
Layana	pnoun	Z2
Layos	pnoun	Z2
Laza	pnoun	Z2
Lazagurría	pnoun	Z2
Lazkao	pnoun	Z2
LCR	abbr	Z3c
le	pron	Z5Z8
Leaburu	pnoun	Z2
Leache	pnoun	Z2
Leatxe	pnoun	Z2
Lebrija	pnoun	Z2
lección	noun	P1 S9 Q4.1 X2.3
lechal	verb	O1.2/L3 L2
lechazo	noun	L2 F1 F4
leche	noun	F2 O1.2 F4
lechera	noun	F4 F2 O2
lechero	noun	O4.5
lechería	noun	I2
lechuga	noun	L3/F1
Lechón	pnoun	Z2
lecitina	noun	O1/F1
Leciñena	pnoun	Z2
Lecrín	pnoun	Z2
lectivo	adj	T1.3 P1
lectura	noun	Q3 Q1.2 X3.2+ X2.5+ A10+ G2.1 P1
Ledanca	pnoun	Z2
Ledaña	pnoun	Z2
Ledesma	pnoun	Z2
Ledigos	pnoun	Z2
Ledrada	pnoun	Z2
Leeds	pnoun	Z2
leer	verb	Q3 Q1.2 X3.2+ X2.5+ P1 A10+
legal	adj	G2.2
legalmente	adv	G2.2
Leganiel	pnoun	Z2
Leganés	pnoun	Z2
Legarda	pnoun	Z2
Legaria	pnoun	Z2
Legazpi	pnoun	Z2
Legco	pnoun	Z3c
legislación	noun	G2.1
Legorreta	pnoun	Z2
legumbre	adj	Z2
leguminoso	adj	L3 A4
Legutio	pnoun	Z2
legítimo	adj	G2.2+
Leintz-Gatzaga	pnoun	Z2
Leioa	pnoun	Z2
Leiro	pnoun	Z2
Leitza	pnoun	Z2
Leiva	pnoun	Z2
lejano	adj	N3.3+ S1.2.1- X5.1-
lejos	adv	Z5 M6 N3
Lekeitio	pnoun	Z2
Lekunberri	pnoun	Z2
Lemoa	pnoun	Z2
Lemoiz	pnoun	Z2
Lena	pnoun	Z2
lengua	noun	B1 Q1 Q3
lenguaje	noun	Q1 Q2 X2 P1
lentamente	adv	N3.8-
Lentegí	pnoun	Z2
lenticular	adj	O4.4
lentitud	noun	N3.8-
lento	adj	N3.8- T1.3+ X9.1- A5.3- T1
leonés	adj	Z2 S2.1 S2.2 Q3
Leotz	pnoun	Z2
Leoz	pnoun	Z2
Lepe	pnoun	Z2
Lerga	pnoun	Z2
leridano	adj	Z2 S2.1 S2.2
Lerma	pnoun	Z2
Lerín	pnoun	Z2
Les	pnoun	Z2
les	pron	Z5 Z8
Lesaka	pnoun	Z2
Lesotho	pnoun	Z2
Lesoto	pnoun	Z2
Letonia	pnoun	Z2
letra	noun	Q1.1. I1
Letur	pnoun	Z2
Letux	pnoun	Z2
leudante	adj	A1.2 O1.2
leudante	noun	A1.2 O1.2
levadura	noun	O1
levantar	verb	M1 A1.1.1 M2 N5+/A2.1 A5.1+/A2.1
leve	adj	N3.5 M2 M1
levemente	adv	A13.6
ley	noun	X2.1 S9 G1
leyenda	noun	S9 Q2.1 X2.2+++ S2mf
Leza	pnoun	Z2
Lezama	pnoun	Z2
Lezo	pnoun	Z2
Lezuza	pnoun	Z2
Lezáun	pnoun	Z2
leña	noun	O1.1
León	noun	M7 Z2
León	pnoun	Z2
león	noun	Z2 L2
Lianyungang	pnoun	Z2
libanés	adj	Z2 S2.1 S2.2
liberación	noun	S9 A5.1+ A1.7-
liberal	adj	A1.7- G1.2 N5+ G1.2 S2mf
liberar	verb	A1.7+ A10 S7.2 S9 A5.1+ X2.1 A1.7- A5.2+ A12+ X5.2+
Liberia	pnoun	Z2
libertad	noun	A10 S7.2 S9 A5.1+ X2.1 A1.7- A5.2+ A12+ X5.2+
Libia	pnoun	Z2
libre	adj	A10 S7.2 S9 A5.1+ X2.1 A1.7- A5.2+ A12+ X5.2+
libremente	adv	N5+ A1.7- A5.2+ A12+ X5.2+
librería	noun	Q4.1 I2.2 H1
libreta	noun	O2 P1
Librilla	pnoun	Z2
libro	noun	Q4.1 Q1.2 P1 Q1.2 I1
Libros	pnoun	Z2
libros	noun	A9+ Q2.2 G2.1 Q4.1 Q1.2 K5.1 I1 P1 O2
licenciado	adj	S2.1 S2.2 A9 P1
licenciado	noun	S2.1 S2.2 S5 A9 P1 S5
licenciar	verb	A1.1.1
Liceras	pnoun	Z2
licor	noun	F2
liderar	verb	S7.1+
Lidón	pnoun	Z2
Liechtenstein	pnoun	Z2
Liendo	pnoun	Z2
liga	noun	K5.1 O2
ligado	adj	S5 S1.1.2 E2 A9
ligar	verb	A2.2 M2
ligeramente	adv	A13.6
ligero	adj	O4.2+ N3.5-
lila	adj	O4.3
lila	noun	L3 X3.5
Lille	pnoun	Z2
Lillo	pnoun	Z2
Lilongüe	pnoun	Z2
Lima	pnoun	Z2
lima	noun	L3 F1
limitación	noun	A1.7+
limitado	adj	A1.7+ N5- I2.1
limitar	verb	A1.7+
limoncillo	noun	L3
limosna	noun	S9 I1 S1.2.2+
limosnero	adj	S9 S2.1 S1.2.2+
limpiar	verb	A2.1 A1.8
Limpias	pnoun	Z2
limpieza	noun	O4.2+
limpio	adj	O4.2 O4.5 X3.1 O4.3 X3.5
limón	noun	F1 L3
Linares	pnoun	Z2
lingüístico	adj	Q3 P1 X2
Linyi	pnoun	Z2
Linyola	pnoun	Z2
liquidación	noun	I1.1 T2-
liquidar	verb	I1.1 T2-
liquidez	noun	I1
Lisboa	noun	Z2
Lisboa	pnoun	Z2
lisboeta	adj	Z2 S2.1 S2.2
liso	adj	O4.5 O4.4
listo	adj	T2
Litago	pnoun	Z2
literalmente	adv	A13.2 Q3
literario	adj	Q4.1
literatura	noun	P1 Q4.1 Q1.2 K4
litro	noun	N3.5
Lituania	noun	Z2 O4.6-
Lituania	pnoun	Z2
lituano	adj	Z2 S2.1 S2.2
liturgia	noun	S9 H1 X3
Lituénigo	pnoun	Z2
litúrgico	adj	S9 H1 X3
Liuzhou	pnoun	Z2
Liverpool	pnoun	Z2
Lizartza	pnoun	Z2
Lizoáin-Arriasgoiti	pnoun	Z2
Liébana	pnoun	Z2
Liédena	pnoun	Z2
Liérganes	pnoun	Z2
Liétor	pnoun	Z2
Lladorre	pnoun	Z2
Lladurs	pnoun	Z2
Lladó	pnoun	Z2
Llagostera	pnoun	Z2
llama	noun	O1 O4.3
llamada	noun	Q1.3 Q2.2 S1.1.1 S9%
llamado	adj	Q1 S1.1.2
llamar	verb	Q2 S1.1.2
llamativo	adj	A6.2 O4.2
Llambilles	pnoun	Z2
Llanars	pnoun	Z2
Llanera	pnoun	Z2
Llanes	pnoun	Z2
Llanos	pnoun	O4.4 O4.1
llantén	verb	L3
Llançà	pnoun	Z2
Llardecans	pnoun	Z2
Llaurí	pnoun	Z2
Llavorsí	pnoun	Z2
Lledó	pnoun	Z2
llega	verb	A3 M1 T2-
llegada	noun	M1 M7
llegar	verb	A3 M1 T2-
Lleida	pnoun	Z2
llenar	verb	N5.1
lleno	adj	N5.1
Llera	pnoun	Z2
Llerena	pnoun	Z2
Llers	pnoun	Z2
llevar	verb	A1.1.1 M2
Llimiana	pnoun	Z2
Llobera	pnoun	Z2
Llodio	pnoun	Z2
Llombai	pnoun	Z2
Llorac	pnoun	Z2
llorar	verb	E4.1- Q2.2
Lloseta	pnoun	Z2
llover	verb	W4 O1.2
Llubí	pnoun	Z2
Llucena	pnoun	Z2
Llucmajor	pnoun	Z2
Llutxent	pnoun	Z2
lluvia	noun	W4
lluviosa	adj	W4
lluvioso	adj	W4
Lluçà	pnoun	Z2
Llíber	pnoun	Z2
Llíria	pnoun	Z2
Llívia	pnoun	Z2
lo	art	Z5
lo	pron	Z5 Z8
Loarre	pnoun	Z2
Lobeira	pnoun	Z2
Lobios	pnoun	Z2
lobo	noun	F1 B1 L2mfn E5-
Lobras	pnoun	Z2
Lobón	pnoun	Z2
local	adj	N3.6-
local	noun	H1 M7
localidad	noun	M7
localizado	adj	M6 A10+
localizar	verb	M6
Lodosa	pnoun	Z2
Loeches	pnoun	Z2
lograr	verb	A9+
Logrosán	pnoun	Z2
Logroño	pnoun	Z2
logística	noun	A1.1.1
Loiu	pnoun	Z2
Loja	pnoun	Z2
Lomas	pnoun	Z2
Lominchar	pnoun	Z2
lomo	noun	F1 F1
Lomoviejo	pnoun	Z2
Lomé	pnoun	Z2
loncha	noun	O4.4 N5
loncheado	adj	O4.4
lonchear	verb	A2.1
londinense	adj	Z2 S2.1 S2.2
Londres	noun	Z2
Londres	pnoun	Z2
londres	noun	Z2
Longares	pnoun	Z2
longevo	adj	T2++
Longida	pnoun	Z2
longitud	noun	N3.7 T1.3 M4 W3
Longás	pnoun	Z2
Lopera	pnoun	Z2
Loporzano	pnoun	Z2
Lorca	pnoun	Z2
Lorena	noun	Z1f Z2
Loriguilla	pnoun	Z2
Lorquí	pnoun	Z2
los	art	Z5
Losacino	pnoun	Z2
Losacio	pnoun	Z2
Loscorrales	pnoun	Z2
Loscos	pnoun	Z2
Louisville	pnoun	Z2
Lourdes	noun	S8 Z2 S9 S1.1.3
Lourenzá	pnoun	Z2
Lousame	pnoun	Z2
Lozoya	pnoun	Z2
Lozoyuela-Navas-Sieteiglesias	pnoun	Z2
Luanda	pnoun	Z2
luarquesa	noun	Z2
Lubián	pnoun	Z2
Lubrín	pnoun	Z2
Lubumbashi	pnoun	Z2
Lucas	noun	Z1m S9 Q1.2
Lucena	pnoun	Z2
Luceni	pnoun	Z2
lucha	noun	X9.1 S7.2 G3 A15- A5.1-
luchador	noun	X9.1 S2mf S7.2 G3 A15- A5.1-
Luciana	pnoun	Z2
Lucillo	pnoun	Z2
Lucillos	pnoun	Z2
Lucknow	pnoun	Z2
lucro	noun	I1.1
Ludhiāna	pnoun	Z2
Ludiente	pnoun	Z2
luego	conj	Z5 T1
Luelmo	pnoun	Z2
Luena	pnoun	Z2
Luesia	pnoun	Z2
Luesma	pnoun	Z2
lugar	noun	M7
lugareño	noun	M7 S2
Lugo	pnoun	Z2
Lugros	pnoun	Z2
Luis	pnoun	S2 Z1m
lujo	noun	A5.1+
lujoso	adj	O4.2++ S1.1.2
Lumbier	pnoun	Z2
Lumbrales	pnoun	Z2
lumbrera	noun	S2.1 P1 X2 S5
Lumbreras	pnoun	Z2
luminaria	noun	O4.1 S9 N5.2+
Lumpiaque	pnoun	Z2
Luna	pnoun	Z2
luna	noun	W1
lunes	noun	T1.3
Luoyang	pnoun	Z2
Lupiana	pnoun	Z2
lupino	noun	L3 F1
Lupiñén-Ortilla	pnoun	Z2
Lupión	pnoun	Z2
Luque	pnoun	Z2
Luquin	pnoun	Z2
Lusaka	pnoun	Z2
luteolina	noun	O1
Luxemburgo	pnoun	Z2
Luyego	pnoun	Z2
luz	noun	N3.5- O4.3 W2 O3 W2 M3 O4.6+ X4.1 E1 N5- N3.2- A12+ X3.2- F1 A11.1- O4.2+
Luzaga	pnoun	Z2
Luzaide	pnoun	Z2
Luzón	pnoun	Z2
Lyon	pnoun	Z2
Láchar	pnoun	Z2
Láctea	pnoun	X3.1/X3.5
lácteo	adj	X3.1 X3.5
lácteo	noun	F2 F1
láctico	adj	X3.5 X3.1
lágrima	noun	O4.4 N5
lámina	verb	A2.1/O4.4
lámpara	noun	O2 W2 O3
Láncara	pnoun	Z2
lápiz	noun	Q1.2 Q1.2 O2
Lécera	pnoun	Z2
Lérida	noun	M7 Z2
lía	noun	O1 O1.1 O2
Líbano	noun	Z2
Líbano	pnoun	Z2
líder	noun	S7.1+ S2mf A5.1+++ S2mf Q4.2 G2.1 S2mf
Líjar	pnoun	Z2
límite	noun	A1.7+ N5.1 M7
línea	noun	O4 N3
líquido	adj	O1.2 O4.1
líquido	noun	O1.2
lógica	noun	X2.1 S1.2.6+ N2
lógicamente	adv	X2.1 S1.2.6+ A1.6
lógico	adj	X2.1 S1.2.6+ A1.6
Lónguida	pnoun	Z2
lópez	noun	S2 Z1
Lúcar	pnoun	Z2
Lújar	pnoun	Z2
lúpulo	noun	L3
m	noun	Z5
M.	noun	N4
M.	num	N4
m.	noun	N4
m.	num	N4
Maanshan	pnoun	Z2
Macael	pnoun	Z2
macar	verb	A1.1.2 S1.2.2+ E3-
Macastre	pnoun	Z2
Maceda	pnoun	Z2
Macedonia	noun	Z2 M7 F1
Macedonia	pnoun	Z2
macedonio	adj	Z2 Z2 S2.1 S2.2
Maceió	pnoun	Z2
maceración	noun	A2.1
maceración	noun	A2.1
macerado	adj	A2.1
machacado	verb	A2.1
machacar	verb	A2.1
Machacón	pnoun	Z2
Macharaviaya	pnoun	Z2
Macotera	pnoun	Z2
macro	adj	N3.2+
macrobiótico	adj	B2
macroeconómico	adj	I2.1
macroprudencial	verb	I1
Madagascar	pnoun	Z2
Madarcos	pnoun	Z2
madera	noun	O1.1
Maderuelo	pnoun	Z2
madre	noun	S4 S4f A11.1+++ S7
Madremanya	pnoun	Z2
Madrid	noun	Z2 M7 S7
Madrid	pnoun	Z2
Madridanos	pnoun	Z2
Madridejos	pnoun	Z2
Madrigalejo	pnoun	Z2
Madrigueras	pnoun	Z2
madrileño	adj	Z2
Madroñal	pnoun	Z2
Madroñera	pnoun	Z2
Madrás	pnoun	Z2
madura	noun	T3+/O4.2/X2.2
maduración	verb	A2.1/T3+
maduración	noun	A2.1 T3+
madurado	adj	A2.1/T3+
Madurai	pnoun	Z2
madurar	verb	A2.1 T3+
madurez	noun	T3+ O4.2 X2.2
maduro	adj	T3+ O4.2 X2.2
Maella	pnoun	Z2
Maello	pnoun	Z2
maestro	adj	S2.1 S2.2 S5 S7.1 X9.1+ S2.2m P1 S2.2m P1 C1 S2.2m S9 S2.2m X9.1+
maestro	noun	S2.1 S2.2 S5 S7.1 X9.1+ S2.2m P1 S2.2m P1 C1 S2.2m S9 S2.2m X9.1+
maestría	noun	S7 P1 X9.1+ S2.2m P1 S2.2m P1 C1 S2.2m S9 S2.2m X9.1+
Magacela	pnoun	Z2
Magallón	pnoun	Z2
Magaña	pnoun	Z2
magia	noun	S9 A11.1+ A5.1+
magisterio	noun	S7 P1 A11
magistral	adj	A5.4 A11 E2+
magistralmente	adv	A5.4 A11.2
magnesio	noun	O1
magnitud	noun	N3.2
magnífico	adj	A5.1 O4.2+ A13.2
mago	noun	S9 A5.1 S2
magro	noun	F1
Maguilla	pnoun	Z2
Magán	pnoun	Z2
Mahamud	pnoun	Z2
Mahide	pnoun	Z2
Mahoma	noun	S2.1 S9 A5.1 S2
Mahora	pnoun	Z2
Maials	pnoun	Z2
Maicas	pnoun	Z2
maicena	noun	F1
Maiduguri	pnoun	Z2
Mainar	pnoun	Z2
Maizena	pnoun	Z3 F1
maizena	noun	F1
Majadahonda	pnoun	Z2
Majadas	pnoun	Z2
Majaelrayo	pnoun	Z2
majorera	adj	L1
majorero	adj	Z2
Maján	pnoun	Z2
Makasar	pnoun	Z2
mal	adv	A5.1- A13.3 G2.2- E2-
mal	noun	A5.1- A13.3 G2.2- E2-
Malaguilla	pnoun	Z2
Malagón	pnoun	Z2
Malang	pnoun	Z2
Malanquilla	pnoun	Z2
Malappuram	pnoun	Z2
Malasia	noun	Z2 Z3c
Malasia	pnoun	Z2
malasio	adj	Z2 S2.1 S2.2
Malaui	pnoun	Z2
Malawi	pnoun	Z2
malayo	adj	Z2
Malcocinado	pnoun	Z2
Maldivas	pnoun	Z2
Maldà	pnoun	Z2
Maleján	pnoun	Z2
Mali	noun	Z2 S2mf
Mali	pnoun	Z2
Malla	pnoun	Z2
Mallabia	pnoun	Z2
Mallorca	pnoun	Z2
Mallén	pnoun	Z2
malo	adj	A5.1
maloláctico	adj	E3- A1.1.1
maloláctica	adj	E3- A1.1.1
Malpartida	pnoun	Z2
Malta	pnoun	Z2
malta	noun	L3 F2
malteada	verb	F1 F2
malteado	adj	X3.1 A2.1
maltear	verb	F1 F2
maltitol	noun	O1
maltodextrina	noun	O1
Maluenda	pnoun	Z2
Malva	pnoun	Z2
malva	adj	O4.3
malva	noun	L3 B3
malvavisco	noun	L3 B3
Malí	pnoun	Z2
Malón	pnoun	Z2
Mamblas	pnoun	Z2
Mamolar	pnoun	Z2
mamá	noun	S4 S2.1f
Manacor	pnoun	Z2
Managua	pnoun	Z2
Manaos	pnoun	Z2
mancha	noun	X3.4 O4.1
manchar	verb	A2.1 A1.1.2
Manchester	noun	Z2 M7
Manchita	pnoun	Z2
Manchones	pnoun	Z2
Manciles	pnoun	Z2
mancomunada	noun	S5+
Mandalay	pnoun	Z2
mandarina	noun	L3 F1
mandato	noun	S7.1+
Mandayona	pnoun	Z2
mandioca	noun	L3
manera	noun	X4.2
manga	noun	O2 B5
manganeso	noun	O1
mango	noun	L3 F1
manifestar	verb	A10+ S1.1.1 Q2.2 A2.2 Q1.1 B1%
manifiesto	noun	A10+
Manila	noun	Z2
Manila	pnoun	Z2
Manilva	pnoun	Z2
manipulación	noun	A5.2- S7.1+ X9.2+ A2.1+/G2.2- A1.1.1
Manises	pnoun	Z2
manita	noun	F1 F1
manjar	adv	X3.1+
Manjarrés	pnoun	Z2
Manlleu	pnoun	Z2
Mannheim	pnoun	Z2
mano	noun	A9- B1 O2 S8+ K5.2 I3.1 S2mf X9.1+ S2mf
manojo	noun	N5
Manquillos	pnoun	Z2
Manresa	pnoun	Z2
Manrique	pnoun	Z1
manta	noun	H5 O2 N5.2+ N5.1+ B5 O1
manteca	noun	O1.1 F1
mantecada	noun	F1
mantecado	adj	X3.1 O1.1
mantecado	noun	F1 O1.1
mantecoso	adj	X3.1 O1.1
mantener	verb	A9+ T1
mantenido	adj	A9+/T1
mantenimiento	noun	A9+/T1
mantequilla	noun	F1
Mantiel	pnoun	Z2
Mantinos	pnoun	Z2
manto	noun	B5 G3 O1
manual	adj	A1.1.1 Q4.1 P1 M3fn Q4.1
manual	noun	A1.1.1 Q4.1 P1 M3fn Q4.1
manualmente	adv	A1.1.1 Q4.1 P1 M3
Manuel	pnoun	Z2
manzana	noun	F1 L3
Manzanares	pnoun	Z2
Manzaneda	pnoun	Z2
Manzaneque	pnoun	Z2
Manzanera	pnoun	Z2
Manzanilla	pnoun	Z2
manzanilla	noun	L3 F2 B3
Manzanillo	pnoun	Z2
Maoming	pnoun	Z2
mapa	noun	Q1.2 A6 Q1.2 W3
Maputo	pnoun	Z2
Maqueda	pnoun	Z2
maquinaria	noun	O2
mar	noun	W3 M4
Mara	pnoun	Z2
Maracaibo	pnoun	Z2
Maracay	pnoun	Z2
Maracena	pnoun	Z2
maracuyá	noun	L3 F1 B3
Maranchón	pnoun	Z2
maravilla	noun	A5.1+/A13.2
maravillosamente	adv	A5.1+ A13.2
maravilloso	adj	A5.1+ A13.2
Marazoleja	pnoun	Z2
Marazuela	pnoun	Z2
Maraña	pnoun	Z2
Marañón	pnoun	Z2
Marbella	pnoun	Z2
marca	verb	A4.1
marcado	adj	O4.2 O4.6
marcar	verb	A2.1 O4.2 O4.6
marcha	noun	M1 G3
Marchagaz	pnoun	Z2
Marchal	pnoun	Z2
Marchamalo	pnoun	Z2
marchar	verb	M1 G3
Marchena	pnoun	Z2
Marcilla	pnoun	Z2
marco	noun	H5 S2.1 X2
marear	verb	A2.1 M1
marfil	adj	O4.3
Marfileño	adj	Z2 M7
Margalef	pnoun	Z2
Marganell	pnoun	Z2
margarina	noun	F1
margen	noun	M7 T1 N5 S7.4+ M7
marginal	adj	A11.2-
Mariana	pnoun	Z2
maridaje	noun	A6.3+ A2.1+ S4
marido	noun	S4m
Marina	pnoun	M4/S2.2m
Marinaleda	pnoun	Z2
marinar	verb	A2.1
marinero	noun	M4 S2mf
Marines	pnoun	Z2
mario	adj	S2.2 Z1
Marjaliza	pnoun	Z2
Markina-Xemein	pnoun	Z2
Marlín	pnoun	Z2
Marmolejo	pnoun	Z2
Marracos	pnoun	Z2
Marrakech	pnoun	Z2
Marratxí	pnoun	Z2
marroquí	adj	Z2 S2.1 S2.2
marrubio	noun	L3 B3
Marruecos	noun	Z2
Marruecos	pnoun	Z2
Marrupe	pnoun	Z2
marrón	adj	O4.3
Marsella	pnoun	Z2
marte	noun	Z3c Z1 W1 S9 T1.1.1
martes	noun	T1.3
Martiago	pnoun	Z2
Martiherrero	pnoun	Z2
martillo	noun	A1.1.1 Q2.2 S7.1+ A1.5.1 N5++ O2
Martin	pnoun	Z1
Martinamor	pnoun	Z2
martirio	noun	S9 E1 S1.1.3 A5.1+ S1.1.2+
martirizar	verb	S9 E1 S1.1.3 A5.1+ S1.1.2+
Martorell	pnoun	Z2
Martorelles	pnoun	Z2
Martos	pnoun	Z2
Martín	pnoun	Z1 S2
Martínez	pnoun	Z2
Marugán	pnoun	Z2
Maruri-Jatabe	pnoun	Z2
Marzales	pnoun	Z2
marzo	noun	T1.3
Marçà	pnoun	Z2
María	noun	Z1 S2.2 F3+ S9 L3
María	pnoun	Z2
Marín	pnoun	Z2
mas	conj	Z5
masa	noun	O4.1 F1
Masarac	pnoun	Z2
Mascaraque	pnoun	Z2
masculino	adj	S2.1
Masdenverge	pnoun	Z2
Masegosa	pnoun	Z2
Masegoso	pnoun	Z2
Mashhad	pnoun	Z2
Maside	pnoun	Z2
Masllorenç	pnoun	Z2
masonería	noun	S3 S5 E6+ G1
Maspujols	pnoun	Z2
Masquefa	pnoun	Z2
Massalavés	pnoun	Z2
Massalcoreig	pnoun	Z2
Massalfassar	pnoun	Z2
Massamagrell	pnoun	Z2
Massanassa	pnoun	Z2
Massanes	pnoun	Z2
Massoteres	pnoun	Z2
masticable	adj	F1/B1
Masueco	pnoun	Z2
Matabuena	pnoun	Z2
Matadepera	pnoun	Z2
Matalebreras	pnoun	Z2
Matanza	pnoun	Z2
Matapozuelos	pnoun	Z2
matar	verb	L1- A12- A1.5.1 E4.1- A2.2
matarromera	verb	Z3
Matarrubia	pnoun	Z2
Mataró	pnoun	Z2
mate	noun	L3 F2
matemática	noun	N2 P1 Y1
matemático	adj	N2 P1 Y1 S2
materia	noun	X2 Y1
material	adj	A1.6 O4
material	noun	Y1 X2 A1.6 A11.1+ O1 B5 O2 X2.2 S1.2
materializado	adj	A3+
materializar	verb	A3+
materno	adj	S4 S8 A2+
Matet	pnoun	Z2
Matillas	pnoun	Z2
matiz	noun	O4.3 X3.5 X3.1 A13.6
matizar	verb	A1.1.1
matrimonial	adj	S4 S1.1.2 S8
matrimonio	noun	S2 A2 S6
matrícula	noun	P1 S6 A5.1 O2
Matute	pnoun	Z2
Mauricio	pnoun	Z2
Mauritania	noun	Z2
Mauritania	pnoun	Z2
mauritano	adj	Z2 S2.1 S2.2
Mayalde	pnoun	Z2
mayo	noun	T1.3
mayonesa	noun	F1
mayor	adj	Z5 A5 A13.2- N5+++
mayores	adj	Z5 A5 A13.2+ N5+++
Mayorga	pnoun	Z2
mayoritariamente	adv	A13.2 N5+++
mayoría	noun	N5+++ A5 A13.2
Mazaleón	pnoun	Z2
Mazarambroz	pnoun	Z2
Mazarete	pnoun	Z2
Mazaricos	pnoun	Z2
Mazariegos	pnoun	Z2
Mazarrón	pnoun	Z2
Mazcuerras	pnoun	Z2
Mazuecos	pnoun	Z2
Mazuela	pnoun	Z2
maíz	noun	L3 F1
mañana	noun	Z5 T1.1
Mañaria	pnoun	Z2
Mañeru	pnoun	Z2
Mañueta	pnoun	Z2
Mañón	pnoun	Z2
Maó-Mahón	pnoun	Z2
más	adv	A13.3 N6++ Z5
Mbuji-Mayi	pnoun	Z2
Mcallen	pnoun	Z2
me	pron	Z5 Z8
Meaño	pnoun	Z2
Meca	noun	S9 A5.1 Z2
mecanismo	noun	O2 Y1
Mecerreyes	pnoun	Z2
Meco	pnoun	Z2
mecánico	adj	O2 A6.2+
medalla	noun	O2 S7.3
Medan	pnoun	Z2
Medellín	pnoun	Z2
media	adj	N3 P1
mediado	verb	T1.1.2 S1.1.3+
mediano	adj	N3.2
mediante	prep	Z5 S1.1.3 S8+
mediar	verb	T1.1.2 S8+
medicamentoso	adj	B3
medicina	noun	B3 Y1 S8
medicinal	noun	B3
medición	noun	N3.1
medida	noun	N3.1 A1.7+ G1.1
medidas	noun	N3.1 I1
medieval	adj	T1.1.1 P1
Medina	noun	S9 Z2
Medina	pnoun	Z2
Medina-Sidonia	pnoun	Z2
Medinaceli	pnoun	Z2
Medinilla	pnoun	Z2
medio	adj	N5-
medio	noun	N5- W5
mediocre	adj	A5.1- S2
mediocridad	noun	A5.1-
mediodía	noun	T1.3
Mediona	pnoun	Z2
medios	noun	N3 K5.2 X7
medir	verb	N3.1
meditación	noun	S9 Q2 X2
meditar	verb	S9 X2.1
Mediterráneo	noun	Z2 O1.2
mediático	adj	Q4
Medranda	pnoun	Z2
Medrano	pnoun	Z2
Meerut	pnoun	Z2
Megeces	pnoun	Z2
Megina	pnoun	Z2
Meira	pnoun	Z2
Meis	pnoun	Z2
mejilla	noun	B1 S1.2.4-
mejor	adj	A5.1+
mejora	noun	A5.1+ A2.1
Mejorada	pnoun	Z2
mejorana	noun	L3 F1 B3
mejorar	verb	A2.1 A5.1
mejores	adj	Z5 A2 A5 E1 A5.1+ A2.1
melancolía	noun	E4.1-
melancólico	adj	E4.1-
melaza	noun	F1 O1.2
Melbourne	pnoun	Z2
meldar	verb	X2.3 P1
Meliana	pnoun	Z2
Melide	pnoun	Z2
Melilla	pnoun	Z2
melisa	noun	L3 B3 F2
melocotón	noun	L3/F1
melocotón	noun	L3 F1
melodía	noun	K2 E3+
meloso	adj	X3.1 O4.5
Melón	pnoun	Z2
melón	noun	F1 L3
Membrilla	pnoun	Z2
Membrillera	pnoun	Z2
Membrío	pnoun	Z2
memorar	verb	Q1.2
memoria	noun	X2 X2.2+ S7.2+ Y2 P1
memorizar	verb	X2 X2.4 P1 S7.2+
Memphis	pnoun	Z2
Menasalbas	pnoun	Z2
mencionado	adj	Q2.1
mencionar	verb	Q2.2 Q1.2
mención	noun	Q2.1 P1 S1.1.4
Mendaro	pnoun	Z2
Mendata	pnoun	Z2
Mendavia	pnoun	Z2
Mendaza	pnoun	Z2
Mendexa	pnoun	Z2
Mendigorría	pnoun	Z2
Mendoza	pnoun	Z2
Mengabril	pnoun	Z2
Mengamuñoz	pnoun	Z2
Mengíbar	pnoun	Z2
menisco	noun	O4.3
menor	adj	Z5 A13.7- A5
menos	adj	Z5 A13.7- A5
menos	adv	Z5 A13.7- A5
mensaje	noun	Q1.2 Q1.1 Q1.3 Y2
mensual	adj	N6+ Q4.2
mensualmente	adv	N6+ Q4.2
menta	noun	L3 F1 F2 B3
mental	adj	X2 B2 X2 S1.2.6-
mentalmente	adv	X2 B2 X2 S1.2.6-
mentar	verb	L3/F1/F2/B3
mente	noun	E6+ E2- S8+ A1.3 X1 S1.2.6-
mentira	noun	A5.2- M1 T2++ M6 A3+
mentolado	adj	X3.1 X3.5
mentor	noun	S2.1 S2.2 S5 S7 X2 P1
menudito	adj	N3.2
menudito	noun	F1
Menàrguens	pnoun	Z2
Mequinenza	pnoun	Z2
Meranges	pnoun	Z2
mercado	noun	I2.2 M7
Mercadona	pnoun	Z3
Mercurio	noun	Z1 W1 S9 T1.1.1
merecedor	verb	S1.1.4+ G2.2+
merecer	verb	S1.1.4+
merecidamente	adv	S1.1.4+ E4.1+
merecido	adj	S2.1 S2.2 S1.1.4
merecimiento	noun	S1.1.4+ P1
merengue	noun	F1
merienda	noun	F1
mermelada	noun	F1
mero	adj	A11.1-
Mersch	pnoun	Z3
Meruelo	pnoun	Z2
mes	noun	T1.3
mesa	noun	Q2 P1 F1
meses	noun	T1.1
Mesopotamia	noun	Z2 M7
Mestanza	pnoun	Z2
Mesía	pnoun	Z2
metal	noun	O1.1 K2
Metauten	pnoun	Z2
meter	verb	M2
metodista	adj	S2.1 S2.2 S5 S9 X2.1 A5.1 S5
metodología	noun	X4.2
metro	noun	O4 N5
metros	noun	O4 N5
metáfora	noun	Q3 X2.2 X2.5 A2.1+
metálico	adj	O4.1
metódicamente	adv	X2 Z5 Y1
Mexicali	pnoun	Z2
mexicano	adj	Z2 S2
Mezalocha	pnoun	Z2
mezcla	noun	A2.1 O1
mezclado	adj	A2.1
mezclar	verb	A2.1
mezclarse	verb	A2.1
mezquita	noun	S9 H1 S5
Meñaka	pnoun	Z2
mg	noun	N3.5
mi	adj	Z5 Z8 A9
mi	pron	Z5 Z8 A9
Miajadas	pnoun	Z2
Miami	pnoun	Z2
Mianos	pnoun	Z2
Mianyang	pnoun	Z2
micro	adj	Y2 N3.2
microbiano	adj	L1 B1
microbiológico	adj	L1 B1
microclima	noun	W4
Micronesia	pnoun	Z2
microondas	noun	O3
micrófono	noun	Q2.1 O3
miedo	noun	E5- X2
miedoso	adj	S2mf
miel	noun	F1
miembro	noun	S5+ S2mf
miembros	noun	S2 B1 G1
Miengo	pnoun	Z2
mientras	conj	Z5 T1
Miera	pnoun	Z2
Mieres	pnoun	Z2
Mieza	pnoun	Z2
migración	noun	M1
migrado	adj	M1
miguel	pnoun	S2.2 Z1 S9
Miguelturra	pnoun	Z2
Migueláñez	pnoun	Z2
Mijares	pnoun	Z2
Mijas	pnoun	Z2
mil	adj	Z5 I1 N1
mil	noun	N1
mil	num	Z5 I1 N1
milagrero	adj	S9 A1 A13.3+ S2.1 S2.2
Milagro	pnoun	Z2
milagro	noun	S9 A1 A13.3+ A5.1+ X2.6- O4.2+ E4.1+
Milagros	pnoun	Z2
milagroso	adj	S9 A1 A13.3+ A5.1+ E4.1+
milenario	adj	T1.3
Milenio	pnoun	T1.3
milenrama	noun	L3 B3
militar	adj	G1 S7 G3 S5
militares	noun	G1 S7 G3 S5
Milla	pnoun	N3.3 N3.7
Millana	pnoun	Z2
Millanes	pnoun	Z2
Millares	pnoun	Z2
Millena	pnoun	Z2
millones	noun	I1 N1 E2+
millones	num	I1 N1 E2+
millón	noun	I1 N1 E2+
millón	num	I1 N1 E2+
Milmarcos	pnoun	Z2
Milwaukee	pnoun	Z2
Milán	pnoun	Z2
mimado	adj	E2+ S7.4+ A1.1.1
mina	noun	I4 G3 I4 H1c N5+ Z8
Minaya	pnoun	Z2
mineral	adj	X3.5 X3.1
mineral	noun	O1
Minessota	pnoun	Z2 M7
Minglanilla	pnoun	Z2
Mingorría	pnoun	Z2
minimizar	verb	N5---
ministerio	noun	G1.1c S9 S7
ministro	noun	G1.2 S2.1 S7 S3.1
Minneapolis	pnoun	Z2
minorista	noun	I2.2 S2
minoría	noun	N5- G1 A4.1- A10-
Minsk	pnoun	Z2
minuciosamente	adv	A4.2+
minuto	noun	N3.2- Q1.2 T1.3
minutos	noun	N3.2- Q1.2 T1.3
Mira	pnoun	Z2
mira	verb	A1.6 X3.4
Mirabel	pnoun	Z2
Mirabueno	pnoun	Z2
mirada	noun	A1.6 X3.4
Mirafuentes	pnoun	Z2
Miralcamp	pnoun	Z2
Miralrío	pnoun	Z2
Miramar	pnoun	Z2
Mirambel	pnoun	Z2
Mirandilla	pnoun	Z2
Miraveche	pnoun	Z2
Miravet	pnoun	Z2
miricetina	noun	O1
Mironcillo	pnoun	Z2
mirra	noun	S9 O1.1
mirto	noun	L3
mirtáceas	noun	L3
mis	adj	Z5 A8 A9+
misión	noun	X7+
Mislata	pnoun	Z2
misma	adj	A6.1+++
mismo	adj	A6
mismos	adj	A6.1+++
Missouri	pnoun	Z2
misterio	noun	X2.2- X2.5- A6.2-
misterioso	adj	A6.2-
misticismo	noun	X2.1 X3 X5.2+ S9
mistral	adj	W4 A12+ Z3
mitad	adj	Z5 N3
mitigar	verb	A2.1
mito	noun	S9 Q2.2 A5.2- Q2.2
mitra	noun	S9 H5
mitrado	adj	S9 S5 S7 G1
mixto	adj	A2.1+ S1.1.3+ K3 A6.3+
miércoles	noun	T1.3
Miño	pnoun	Z2
ml	noun	N3.4
mm	noun	N3.3
mnemotécnico	adj	X2.3 P1
Moaña	pnoun	Z2
Mocejón	pnoun	Z2
Mochales	pnoun	Z2
Moclinejo	pnoun	Z2
Moclín	pnoun	Z2
modalidad	noun	A4.1
modelización	noun	A5.4- A4.1
modelo	noun	Y1 C1 S2mf B5 I3.2 S2mf I1 O2 A5.4- A4.1 X4.2 A5.1+++
moderación	noun	N5
moderadamente	adv	A13.4
moderado	adj	N5
moderar	verb	N5
moderno	adj	T3- T3---
modificación	noun	A2.1+
modificado	adj	A2.1+
modificar	verb	A2.1+
modo	noun	A7
Moeche	pnoun	Z2
Mogadiscio	pnoun	Z2
Mogarraz	pnoun	Z2
Mogente	pnoun	Z2
Moguer	pnoun	Z2
Mogán	pnoun	Z2
Mohernando	pnoun	Z2
moho	noun	L2
mohoso	noun	L2
Moixent	pnoun	Z2
Moià	pnoun	Z2
mojado	adj	G1.2 O1.2 W4 X5.2-
Mojados	pnoun	Z2
mojar	verb	A2.1
Mojácar	pnoun	Z2
Molacillos	pnoun	Z2
mold	fw	O2/O4.4
Moldavia	pnoun	Z2
molde	noun	O2 O4.4
moldear	verb	O4.4 A2.1
moldeo	noun	O4.4/A2.1
Moldova	pnoun	Z2
molestar	verb	E6- A1.1.1 E3- A2.1+
molestia	noun	B2
molido	adj	O4.4 A2.1
Molinaseca	pnoun	Z2
Molinicos	pnoun	Z2
Molinillo	pnoun	Z2
molino	noun	I4/H1c
Molinos	pnoun	Z2
Molledo	pnoun	Z2
Mollerussa	pnoun	Z2
Mollina	pnoun	Z2
Molló	pnoun	Z2
molusco	noun	F1 L2
Molvízar	pnoun	Z2
Mombasa	pnoun	Z2
Mombeltrán	pnoun	Z2
Momblona	pnoun	Z2
Mombuey	pnoun	Z2
momento	noun	T1.2 T1.1.2 N3
Monachil	pnoun	Z2
monaguillo	noun	S9 S2.1
Monasterio	pnoun	Z2
monasterio	noun	S9 H1 M7
Moncada	pnoun	Z2
Moncalvillo	pnoun	Z2
Moncofa	pnoun	Z2
Monda	pnoun	Z2
Mondariz	pnoun	Z2
Mondariz-Balneario	pnoun	Z2
Mondoñedo	pnoun	Z2
Mondragón	pnoun	Z2
Mondéjar	pnoun	Z2
moneda	noun	I1
Monegrillo	pnoun	Z2
Monesterio	pnoun	Z2
monetario	adj	I1
Moneva	pnoun	Z2
Monfarracinos	pnoun	Z2
Monfero	pnoun	Z2
Monflorite-Lascasas	pnoun	Z2
Mongolia	pnoun	Z2
monja	noun	S9 S2.1f A1.7+
monje	noun	S9 S2
monjil	adj	S9 S2.1 E2- A1.7+
Monleras	pnoun	Z2
Monleón	pnoun	Z2
mono	adj	L2mfn G2.2- S2mf E2+
mono	noun	L2mfn G2.2- S2mf E2+
monocálcico	adj	O1
monoglicérido	noun	O1
monográfico	adj	Q4.1 X4.1
monoinsaturada	adj	O4
monoinsaturado	adj	O1.2 B2
monopolístico	adj	S7.1+
monosaturada	adj	O1.2 B2
monosaturado	adj	O1.2 B2
monoterpénico	adj	O1
Monreal	pnoun	Z2
Monrovia	pnoun	Z2
Monroy	pnoun	Z2
Monroyo	pnoun	Z2
Monsagro	pnoun	Z2
Monsalupe	pnoun	Z2
monstruoso	adj	A5.1--- N3.2+++ O4.2---
Mont-Ral	pnoun	Z2
Mont-Ras	pnoun	Z2
montado	adj	M2 A2.1
montaje	noun	A1.1.1 Q1.2 Q4
Montalbanejo	pnoun	Z2
Montalbo	pnoun	Z2
Montalbán	pnoun	Z2
Montalvos	pnoun	Z2
Montamarta	pnoun	Z2
Montanejos	pnoun	Z2
montano	noun	Z3
Montanuy	pnoun	Z2
montar	verb	M2 A2.1
montaraz	verb	S2.2/W3/L3 S1.2.4- A12+
Montarrón	pnoun	Z2
Montaverner	pnoun	Z2
montaña	noun	W3 A15- E2+ N3 O1
montañosa	adj	W3
Montblanc	pnoun	Z2
Montclar	pnoun	Z2
monte	noun	W3
Monteagudo	pnoun	Z2
Montearagón	pnoun	Z2
Montecorto	pnoun	Z2
Montederramo	pnoun	Z2
Montefrío	pnoun	Z2
Montehermoso	pnoun	Z2
Montejaque	pnoun	Z2
Montejo	pnoun	Z2
Montejícar	pnoun	Z2
Montellano	pnoun	Z2
Montemayor	pnoun	Z2
Montemolín	pnoun	Z2
Montenegro	pnoun	Z2
Monterde	pnoun	Z2
Monterrei	pnoun	Z2
Monterrey	pnoun	Z2
Monterroso	pnoun	Z2
Monterrubio	pnoun	Z2
Montesa	pnoun	Z2
Montesclaros	pnoun	Z2
Montesquiu	pnoun	Z2
Montevideo	pnoun	Z2
Montferri	pnoun	Z2
Montgai	pnoun	Z2
Montgat	pnoun	Z2
Montichelvo	pnoun	Z2
Montiel	pnoun	Z2
Montijo	pnoun	Z2
Montilla	pnoun	Z2
Montillana	pnoun	Z2
Montitxelvo	pnoun	Z2
Montizón	pnoun	Z2
Montmajor	pnoun	Z2
Montmaneu	pnoun	Z2
Montmeló	pnoun	Z2
Montorio	pnoun	Z2
Montoro	pnoun	Z2
Montreal	pnoun	Z2
Montroi	pnoun	Z2
Montroy	pnoun	Z2
Montseny	pnoun	Z2
Montserrat	pnoun	Z2
Monturque	pnoun	Z2
Montuïri	pnoun	Z2
Montán	pnoun	Z2
Montánchez	pnoun	Z2
Montón	pnoun	Z2
montón	noun	N5
monumental	adj	A11.1+
monumento	noun	O2 A10+
Monzón	pnoun	Z2
monástico	adj	S9 A1.7+ A1.8+
Monòver	pnoun	Z2
monótono	adj	X3.2 X5.2- A2.1-
Monóvar	pnoun	Z2
Mora	pnoun	Z2
mora	noun	L3 F1
Moradabad	pnoun	Z2
morado	adj	O4.3
moral	adj	G2.2+ E1
Moraleja	pnoun	Z2
Moralina	pnoun	Z2
Moralzarzal	pnoun	Z2
Morasverdes	pnoun	Z2
Moratalla	pnoun	Z2
Moratinos	pnoun	Z2
moratoria	noun	A1.7+
Moraña	pnoun	Z2
Morcillo	pnoun	Z2
morcillo	noun	F1 F1 O4.4 B1
Morcín	pnoun	Z2
morder	verb	B1 A12-
Morella	pnoun	Z2
Morelábor	pnoun	Z2
Morenilla	pnoun	Z2
Morentin	pnoun	Z2
Morga	pnoun	Z2
Moriles	pnoun	Z2
Morille	pnoun	Z2
morir	verb	L1- T2- A13.3 A4.2+ X5.2- A1.1.2 A1.1.1- E3+ B2-
Moriscos	pnoun	Z2
mormón	adj	S2.1 S2.2 S5 S9 X2.1 A5.1
Moronta	pnoun	Z2
Moros	pnoun	Z2
morrón	adj	F2 E3-
mortaja	noun	A10.1- A5.1- B2- L1- O2
mortal	noun	L1- A13.3 L1 S2mf A4.2+ X5.2- E3+ B2-
mortificación	noun	S9 A12- E5+
mortificar	verb	S9 A12- E5+
Morés	pnoun	Z2
Moríñigo	pnoun	Z2
Mos	pnoun	Z2
mosaico	noun	C1 O4.3
mosca	noun	L2
moscada	adj	X3.1 O1.1
Moscardón	pnoun	Z2
Moscovita	adj	Z2 Z2 S2.1 S2.2
Moscú	noun	Z2 O4.6-
Moscú	pnoun	Z2
Mosqueruela	pnoun	Z2
mosqueta	noun	L3
mostaza	noun	F1 L3
mostrar	verb	A10
Mosul	pnoun	Z2
mota	noun	O2
moteado	adj	O4.3
Motilleja	pnoun	Z2
motivación	noun	A2.2 X5.2+
motivado	adj	A2.2 X5.2+
motivador	verb	A2.2 X5.2+
motivo	noun	A1
Motril	pnoun	Z2
mover	verb	M2 M1 A2.1+ S7.1+ A1.7+
movilidad	noun	M1/N3.8+ A2.1+ O2 K6 Q1.3
movilizar	verb	A1.5.1 G3 M1 N3.8+ A2.1+ O2 K6 Q1.3
movimiento	noun	M1 S5+c K2
Moya	pnoun	Z2
Moyuela	pnoun	Z2
Mozambique	pnoun	Z2
Mozoncillo	pnoun	Z2
Mozota	pnoun	Z2
Mozárbez	pnoun	Z2
MPC	abbr	Z3c
mucha	adj	Z5f A13+ N5.2+
mucha	pron	Z5f A13+ N5.2+
muchacha	noun	S2.1f L2f
muchacho	noun	S2.2m L2m Z4
muchas	adj	Z5 A13.2+ N5.2+
mucho	adj	Z5mf A13+ N5.2+
mucho	pron	Z5mf A13+ N5.2+
muchos	adj	Z5 A13.3+ N5.2+
Mucientes	pnoun	Z2
Muduex	pnoun	Z2
Mudá	pnoun	Z2
Muel	pnoun	Z2
muerte	noun	L1- A5.1- E4.1- A13.3 A4.2+ L1- X5.2- A1.1.2 A1.1.1- E3+ B2-
muerto	adj	L1- X5.2- A1.1.2 E3+ B2-
Mues	pnoun	Z2
muestra	noun	I1 O1
muffin	noun	F1
Mugardos	pnoun	Z2
mujer	noun	S2.2
mujeres	noun	S2.2
Mula	pnoun	Z2
mulo	adj	L2m
multa	noun	G2.1
Multan	pnoun	Z2
multilateral	adj	S1.1.3 S5
multiplicado	adj	N2 N5+/A2.1
multiplicador	noun	N5+/A2.1
multiplicar	verb	N2 N5+ A2.1
multitud	noun	N5+
Mundaka	pnoun	Z2
mundial	adj	W1
mundo	noun	W1
Munera	pnoun	Z2
Mungia	pnoun	Z2
municipal	adj	G1.2
municipio	noun	Z3
Muniesa	pnoun	Z2
Munilla	pnoun	Z2
Muntanyola	pnoun	Z2
Munébrega	pnoun	Z2
Mura	pnoun	Z2
Muras	pnoun	Z2
Murchante	pnoun	Z2
Murcia	noun	Z2 M7
Murcia	pnoun	Z2
murciano	adj	Z2 S2.1 S2.2
Murero	pnoun	Z2
Muriel	pnoun	Z2
Murieta	pnoun	Z2
Murla	pnoun	Z2
Muro	pnoun	Z2
muro	noun	Z2
Muros	pnoun	Z2
Murtas	pnoun	Z2
Murueta	pnoun	Z2
Muruzábal	pnoun	Z2
mus	noun	Z3c
muselina	noun	O1.1 F1
museo	noun	H1 K4
Museros	pnoun	Z2
musical	adj	K2 K4 K2 E2+ E3+
Muskiz	pnoun	Z2
muslo	noun	B1 A7+
musulmán	adj	S2.1 S2.2 S5 S9 X2.1 A5.1 A4.1
Mutiloa	pnoun	Z2
Mutriku	pnoun	Z2
mutuo	adj	S1.1.2+
Mutxamel	pnoun	Z2
Muxika	pnoun	Z2
Muxía	pnoun	Z2
muy	adv	A13.3
Muíños	pnoun	Z2
Muñana	pnoun	Z2
Muñico	pnoun	Z2
Muñogalindo	pnoun	Z2
Muñogrande	pnoun	Z2
Muñopedro	pnoun	Z2
Muñopepe	pnoun	Z2
Muñosancho	pnoun	Z2
Muñotello	pnoun	Z2
Muñoveros	pnoun	Z2
Myanma	pnoun	Z2
Myanmar	pnoun	Z2
Mysore	pnoun	Z2
mágico	adj	S9 A5.1+ A11.1+
mágnums	pnoun	Z3
Málaga	pnoun	Z2
Mánchester	pnoun	Z2
máquina	noun	A1.1.1 O2 Y2
mármol	noun	O1.1 O2
mártir	noun	S9 E1 S2.1 S1.1.3
más	adj	A13.3 N6++ Z5
más	adv	A13.3 N6++ Z5
máscara	noun	A10- O2 B5 B1 L2
máximo	adj	N5.1+ Z1
máximo	noun	N5.1+ Z1
médico	noun	B2
Mélida	pnoun	Z2
Méntrida	pnoun	Z2
Mérida	pnoun	Z2
método	noun	X4.2
México	noun	Z2 Z3c S2mf M7
México	pnoun	Z2
méxico	pnoun	Z2
mínimo	adj	N5---
mínimo	noun	N5--- A13.7+
mío	pron	A9 Z8
mística	noun	X2.1 X3 X5.2+ S9
místico	adj	S2.1 S2.2 S9 X2.1 X5.2+
Mónaco	pnoun	Z2
Móstoles	pnoun	Z2
móvil	adj	M1 N3.8+ A2.1+ O2 K6 Q1.3
múltiple	adj	N5+ N2
Múnich	pnoun	Z2
músculo	noun	B1 S1.2.5+ S2mf E3-
música	noun	K2 K4
músico	noun	K2 S2mf
n	noun	Z5
N.	noun	N4
N.	num	N4
n.	noun	N4
n.	num	N4
Nabarniz	pnoun	Z2
Nabaskoze	pnoun	Z2
nabo	noun	L3 F1
nacer	verb	B1
Nacimiento	pnoun	Z2
nacional	adj	W1
nacionalidad	noun	G1.1c S5+c
nación	noun	G1
nada	pron	Z5 Z8 A2 A5 E1 N5.2+
nadar	verb	M4 M1 N5.2+
nadie	pron	Z5 Z8 S2
Nagoya	pnoun	Z2
Nagpur	pnoun	Z2
Naha	pnoun	Z2
Naipyidó	pnoun	Z2
Nairobi	pnoun	Z2
Nalda	pnoun	Z2
Nalec	pnoun	Z2
Nambroca	pnoun	Z2
Namibia	noun	Z2
Namibia	pnoun	Z2
Nanchang	pnoun	Z2
Nanchong	pnoun	Z2
Nankín	pnoun	Z2
Nanning	pnoun	Z2
Nantong	pnoun	Z2
Nanyang	pnoun	Z2
napolitano	adj	Z2 S2.1 S2.2 E3 E5 G2.1
naranja	adj	O4.3
naranja	noun	L3 F1
Narboneta	pnoun	Z2
nariz	noun	X3.5 B1
Narros	pnoun	Z2
Narón	pnoun	Z2
nasal	adj	B1
Nashik	pnoun	Z2
Nashville	pnoun	Z2
nata	noun	F1
Natal	pnoun	Z2
natamicina	noun	O1
natillas	noun	F1
nativo	adj	M6 S2mf M7 A6.2+
natural	adj	X3.1 A6.2+ W5 A5.4
naturaleza	noun	X2 A6.2+ A9+ A5.4+ W3 W5 B1 K2 X9.1+
naturalmente	adv	A6.2+
Nauru	pnoun	Z2
Nava	pnoun	Z2
Navacarros	pnoun	Z2
Navacerrada	pnoun	Z2
Navaconcejo	pnoun	Z2
Navadijos	pnoun	Z2
Navaescurial	pnoun	Z2
Navafría	pnoun	Z2
Navahermosa	pnoun	Z2
Navahondilla	pnoun	Z2
Navajas	pnoun	Z2
Navajún	pnoun	Z2
Naval	pnoun	Z2
Navalacruz	pnoun	Z2
Navalafuente	pnoun	Z2
Navalagamella	pnoun	Z2
Navalcarnero	pnoun	Z2
Navalcán	pnoun	Z2
Navaleno	pnoun	Z2
Navales	pnoun	Z2
Navalilla	pnoun	Z2
Navalmanzano	pnoun	Z2
Navalmoral	pnoun	Z2
Navalmoralejo	pnoun	Z2
Navalonguilla	pnoun	Z2
Navalosa	pnoun	Z2
Navalpino	pnoun	Z2
Navaluenga	pnoun	Z2
Navamorales	pnoun	Z2
Navamorcuende	pnoun	Z2
Navaquesera	pnoun	Z2
Navarcles	pnoun	Z2
Navardún	pnoun	Z2
Navaridas	pnoun	Z2
Navarra	noun	Z2 M7 S1.2.5+
Navarredondilla	pnoun	Z2
Navarrete	pnoun	Z2
Navarrevisca	pnoun	Z2
navarro	adj	Z2 S2.1 S2.2 S1.2.5+
Navarrés	pnoun	Z2
Navascués	pnoun	Z2
Navasfrías	pnoun	Z2
Navata	pnoun	Z2
Navatalgordo	pnoun	Z2
Navatejares	pnoun	Z2
Navezuelas	pnoun	Z2
Navia	pnoun	Z2
Navàs	pnoun	Z2
Navès	pnoun	Z2
NAWRU	abbr	Z3c
Nayaf	pnoun	Z2
Nazar	pnoun	Z2
nazareno	adj	S9 Z1 S6
Nebreda	pnoun	Z2
necesariamente	adv	A7+ S6+
necesario	adj	A7+ S6+
necesidad	noun	S6
necesitar	verb	S6+
nectarina	verb	F1 L3
Neda	pnoun	Z2
negativamente	adv	Z6 S8- A5.1-
negativo	adj	Z6 A5.1-
negociable	verb	Q2.2 I1 A5
negociación	noun	Q2.2 I1 A5
negocio	noun	Q2.2 I1 A5
Negredo	pnoun	Z2
Negreira	pnoun	Z2
negro	adj	O4.3
Neila	pnoun	Z2
Nepal	noun	S9 T1.3
Nepal	pnoun	Z2
Nepas	pnoun	Z2
Neptuno	noun	Z1 W1 S9 T1.1.1
Nerja	pnoun	Z2
Nerpio	pnoun	Z2
Nerva	pnoun	Z2
nervio	noun	B1
nervios	noun	B2
Nesquik	pnoun	F2 Z3
Nestares	pnoun	Z2
neta	adj	N5 I1.1 I2.1 I2.2
neto	adj	N5 I1.1 I2.1 I2.2
neutro	adj	S5- O4.1
Nevada	pnoun	Z2
nevado	noun	Z2
nevera	noun	O4.6- O3
neófito	noun	S2.1 S5 X2 P1
ni	conj	Z6 A1.8-
niacina	noun	O1
Niamey	pnoun	Z2
Nicaragua	noun	Z2
Nicaragua	pnoun	Z2
nicotinamida	noun	O1
nido	noun	L2 H4 M6
Niebla	pnoun	Z2
niebla	noun	W4 O1.2
nieto	noun	S4mf
Nieva	pnoun	Z2
nieve	noun	W4 Q4.3-
Nigeria	noun	Z2 W2-
Nigeria	pnoun	Z2
Nigrán	pnoun	Z2
Nigüelas	pnoun	Z2
Nigüella	pnoun	Z2
Niharra	pnoun	Z2
Nilo	noun	Z2
Ningbo	pnoun	Z2
ninguna	adj	Z5 Z8 A1.8-
ninguna	pron	Z5 Z8 A1.8-
ninguno	adj	Z5 Z8 A1.8-
ninguno	pron	Z5 Z8 A1.8-
ningún	adj	Z5 Z8 A1.8-
ningún	pron	Z5 Z8 A1.8-
nirvana	noun	S3 S9 E1 E3+
nivel	noun	A6.1- N3.7 N5 S5+ A5.1 X9.1 A4.1 S7.1 O4.4 A4.2+ Q2.2 M2
niveles	noun	A6.1- N3.7 N5 S5+ A5.1 X9.1 A4.1 S7.1 O4.4 A4.2+ Q2.2 M2
Niza	pnoun	Z2
niño	noun	S2
niños	noun	S2mf P1 A4.1 B1 E1+ E3
no	adv	S8- Z4 Z6 Z5
Noain (elortzibar)	pnoun	Z2
Noalejo	pnoun	Z2
noble	adj	O4
Noblejas	pnoun	Z2
noche	noun	T1.3
noción	noun	A1.6 X2.1
Noez	pnoun	Z2
Nogales	pnoun	Z2
Nogueras	pnoun	Z2
Nogueruelas	pnoun	Z2
Noia	pnoun	Z2
Noja	pnoun	Z2
Nolay	pnoun	Z2
Nombela	pnoun	Z2
nombre	noun	Q2.2
Nombrevilla	pnoun	Z2
nominal	verb	S7.1 A3 I1.3 Q3
nonagésimo	adj	N4 N5
nonagésimo	noun	N4 N5
nonagésimo	num	N4 N5
Nonaspe	pnoun	Z2
noreste	noun	M6 M7
Noreña	pnoun	Z2
norma	noun	G2.1 A6.2+ I2.1.1
normal	adj	A6.2+
normal	adv	A6.2+
normalidad	noun	A6.2+
normalización	noun	A6.2+/A2.1
normalizar	verb	A6.2+ A2.1 Q2.2
normalmente	adv	A6.2+
Normando	adj	T3+++
Normandía	noun	Z1mf Z2 S2mf
normativa	noun	S6+ G2.1
normativo	adj	S6+ G2.1
noroeste	adj	Z2 W3 M6 M7
norte	noun	M6 W3
Noruega	noun	Z2 Z3c O4.6-
Noruega	pnoun	Z2
Noruego	adj	Z2 Z2 Q3 S1.1 S1.2mf
nos	pron	Z5 Z8 A9
nosotras	pron	Z5f Z8f
nosotros	pron	Z8m
nota	noun	X3.1 X3.4 X3.5
notable	adj	A5.1+ A11
notable	noun	A11.1 A13 S2.1 S2.2 P1
notablemente	adv	A5.1+ A13 A13.3 Z5
notar	verb	X3.4+ A11.2+ Q2.2 X2.2+ S1.2.4+ G2.1
noticia	noun	Q1 Q4
Nottingham	pnoun	Z2
Novales	pnoun	Z2
Novallas	pnoun	Z2
novatada	noun	S7.2 S1.2.4 P1
novedad	noun	T3
novela	noun	A6.2- Q4.1
novelar	verb	Q3
Novelda	pnoun	Z2
novelista	noun	Q4.1 S2mf
Novelé	pnoun	Z2
noveno	adj	N4 N5
noveno	noun	N4 N5
noveno	num	N4 N5
noventa	adj	N1 T3
noventa	num	N1 T3
Novetlè	pnoun	Z2
noviembre	noun	T1.3
Noviercas	pnoun	Z2
Novillas	pnoun	Z2
novillos	noun	S7.2 S1.2.4 P1
Novosibirsk	pnoun	Z2
Novés	pnoun	Z2
Noáin (valle de Elorz)	pnoun	Z2
NSFR	abbr	Z3c
Nuakchot	pnoun	Z2
nube	noun	O1.2 O4.3 A12- W4 N5
nudo	noun	A1.1.1 O2 X2.5- N3.8
nudoso	adj	O4.5
Nueno	pnoun	Z2
nuestra	adj	S2.2 Z5 A9
nuestra	pron	Z8 S2.1 A9
nuestras	adj	S2.2. Z5 A9
nuestras	pron	Z8 S2.1 A9
nuestro	adj	S2mf S2.1 Z5 A9
nuestro	pron	Z8 S2.2 A9
nuestros	adj	S2mf S2.1 Z5 A9
nuestros	pron	Z8 Z5 S2.1 A9
nueva	adj	T3- T1.1 A5 A6 A8
nuevas	adj	T1.1 A5 A6 A8
nueve	adj	N1
nueve	num	N1
nuevo	adj	T3- T1.1 A5
nuevos	adj	T3-T1.1 A5
nuez	noun	F1 L3
Nules	pnoun	Z2
Nulles	pnoun	Z2
nulo	adj	Z2
numerada	noun	N1 N5 Q1.3 K2 Q4.2
numeroso	adj	N5+
nunca	adv	Z5 Z6 T2-
nutricional	adj	B2
nutriente	noun	O1 F1/A5.1+
nutrir	verb	A1.1.1 B3
nutritivo	adj	B3
Nuévalos	pnoun	Z2
Nuñomoral	pnoun	Z2
nº	noun	N3.7
Nájera	pnoun	Z2
Nápoles	noun	Z2 Z3c A1.3+
Nápoles	pnoun	Z2
Náquera	pnoun	Z2
Níger	pnoun	Z2
Níjar	pnoun	Z2
Nívar	pnoun	Z2
núcleo	noun	B1 O1 A11.1+
número	noun	N1 N5 Q1.3 K2 Q4.2
Núremberg	pnoun	Z2
o	conj	Z5 A1.8-
o	noun	Z5 A1.8-
O.	noun	N4
O.	num	N4
o.	noun	N4
o.	num	N4
Obanos	pnoun	Z2
obedecer	verb	S7.1-
obediencia	noun	S7.1-
Obejo	pnoun	Z2
obesidad	noun	B2
obispo	noun	S2mf S9 S7.1+
objetivo	adj	G2.2 S5- S1.2
objetivo	noun	G2.2 S5- S1.2 X7+ P1
objeto	noun	O2
obligación	noun	S6+ G1.1 I1.3 T1.3 I3.1 I2.1.1
obligado	adj	S6+ A7+
obligar	verb	S6 S7.1+ E3
obligatoriamente	adv	S6+ A7+
obligatorio	adj	S6+ A7+
obra	noun	A1.1.1 I3.1
obras	noun	H1 S7
observación	noun	X3.4 Q2.1 X2.4 X2.1
observador	noun	X3.4 S2mf Q4.2 I3.2 S2mf Q2.1 X2.4 X2.1
observar	verb	X3.4 Q2.1 X2.4 X2.1 G2.1+
obstante	conj	Z5 S8-
obstáculo	noun	S8- E4.1-
obtención	noun	A9+ X9.2+ A2.1+ A2.2
obtención	noun	A9+ X9.2+ A2.1+ A2.2
obtener	verb	A9+
obtenido	adj	A9+
obviamente	adv	A11.2+ A7+ Z4
obvio	adj	A11.2+ A7+
Obón	pnoun	Z2
ocasional	adj	N6- A1.1.1 K5.1
ocasionar	verb	A1.1.1 K5.1
ocasiones	noun	A1.1.1 K5.1
ocasión	noun	A1.1.1 K5.1
ocaso	noun	T1.2 W2 T1.3 W2 T2-
Ocaña	pnoun	Z2
OCDE	abbr	Z3c
Ocentejo	pnoun	Z2
Ochagavía	pnoun	Z2
ochenta	adj	N1 T3
ochenta	num	N1 T3
ocho	adj	N1
ocho	num	N1
Ochánduri	pnoun	Z2
Oco	pnoun	Z2
ocre	adj	O4.3
octavo	adj	N4 N5
octavo	noun	N4 N5
octavo	num	N4 N5
octogésimo	adj	N4 N5
octogésimo	noun	N4 N5
octogésimo	num	N4 N5
octubre	noun	T1.3
ocultar	verb	A10-
ocultismo	noun	A10- S9 X2.1 A5.1 A15-
ocultista	adj	A10- S9 X2.1 A5.1 A15-
ocupación	noun	I3.1 A1.1.1
ocupado	adj	A1.1.1/N5+ H4
ocurrir	verb	A3
océano	noun	W3 M4
Ocón	pnoun	Z2
Odesa	pnoun	Z2
odiar	verb	E2- A5.1-
Odieta	pnoun	Z2
odio	noun	E2- A5.1-
Odèn	pnoun	Z2
Odón	pnoun	Z2
Oencia	pnoun	Z2
oeste	noun	Z2 Z1mf W3
oeste-este	port	Z2 W3 M6 M7
ofender	verb	S1.2.4- G2.1-
oferta	noun	I2.2
ofertar	verb	I2.2 A1.1.1
oficial	adj	G1 S7 S2mf
oficial	noun	G1 S7 S2mf
oficialmente	adv	G1.1 S7.4+
oficina	noun	I2.1 H1c I2.1 H2c S7.1+ I3.1 S9 S8+
ofrecer	verb	A9-
Ogassa	pnoun	Z2
Ogíjares	pnoun	Z2
oh	intj	Z4
Ohaillo	pnoun	Z2
Ohanes	pnoun	Z2
Oia	pnoun	Z2
Oiartzun	pnoun	Z2
Oibar	pnoun	Z2
Oiz	pnoun	Z2
Ojacastro	pnoun	Z2
ojo	noun	B1 O4.4
ojos	noun	B1 X3.4+ A1.3+
Ojos-Albos	pnoun	Z2
Ojén	pnoun	Z2
Ojós	pnoun	Z2
Okayama	pnoun	Z2
Okondo	pnoun	Z2
ola	noun	W3/M4 N5
Olaberria	pnoun	Z2
Olaibar	pnoun	Z2
Olazagutía	pnoun	Z2
Olazti	pnoun	Z2
Olba	pnoun	Z2
oleanólico	adj	O1
oleico	noun	O1/F1
Oleiros	pnoun	Z2
Olejua	pnoun	Z2
oleorresina	noun	O1
oler	verb	X3.5 X3 A8
olfativa	adj	X3.5
olfativamente	adj	X3.5
Oliana	pnoun	Z2
Oliete	pnoun	Z2
Oliola	pnoun	Z2
Olite	pnoun	Z2
Olius	pnoun	Z2
Oliva	pnoun	Z2
oliva	noun	L3/F2
olivar	verb	L3
Olivares	pnoun	Z2
Olivella	pnoun	Z2
Olivenza	pnoun	Z2
olivo	noun	L3
olla	noun	O2
Ollaran	pnoun	Z2
Ollauri	pnoun	Z2
Olmedo	pnoun	Z2
Olocau	pnoun	Z2
Olombrada	pnoun	Z2
olor	noun	X3.5
Oloritz	pnoun	Z2
Olost	pnoun	Z2
Olot	pnoun	Z2
Olvan	pnoun	Z2
Olvena	pnoun	Z2
Olvera	pnoun	Z2
olvidar	verb	X2.2-
Olvés	pnoun	Z2
Olèrdola	pnoun	Z2
Olóriz	pnoun	Z2
OMFIF	abbr	Z3c
Omsk	pnoun	Z2
OMTS	abbr	Z3c
Omán	pnoun	Z2
Oncala	pnoun	Z2
once	num	N1 T3
Onda	pnoun	Z2
Ondara	pnoun	Z2
Ondarroa	pnoun	Z2
Onil	pnoun	Z2
Onitsha	pnoun	Z2
online	noun	Y2
Ontinyent	pnoun	Z2
Ontiñena	pnoun	Z2
Ontur	pnoun	Z2
Ontígola	pnoun	Z2
Onzonilla	pnoun	Z2
Onís	pnoun	Z2
oolong	noun	F2
opcional	adj	S6-
operacional	adj	A1.1.1
operación	noun	N2 B3 I2.2 G3 A1.1.1 X2.4
operador	noun	Q1.3/S2m A1.1.1/S2m
operar	verb	A1.1.1 B3
operativo	adj	A1.1.1
opinión	noun	X2.1 A5 X6
oponer	verb	S8- E2- A6.1-
Oporto	pnoun	Z2
oporto	pnoun	Z3
oportunidad	noun	A1.4 T1 T1.2 T1.3 T1.1.2
oposición	noun	G1 A5 S8- E2- S7.3+ A6.1-
oprimir	verb	A1.1.1
optimismo	noun	X2.6+ A5.1+
optimista	adj	X2.6 A5.1+ S1.2
opulento	adj	N5
opus dei	noun	S9 S5 A4.1 S5 I3
Oquillas	pnoun	Z2
oración	noun	S9 Q2.2 A7+
oral	adj	B1 Q2.1 P1
oralmente	adv	B1 Q2.1 P1 Z5
Orba	pnoun	Z2
Orbaizeta	pnoun	Z2
Orbara	pnoun	Z2
Orbita	pnoun	Z2
Orcajo	pnoun	Z2
Orce	pnoun	Z2
Orcera	pnoun	Z2
orden	noun	S2 S9 A2 A4 X2
ordenación	noun	S2 S9 A2 A4 X2
ordenado	adj	S1.1.1
ordenador	noun	Q1.3
ordenamiento	noun	S2 S9 A2 A4 X2
ordenar	verb	S1.1.1
Ordes	pnoun	Z2
Ordesa	pnoun	Z2
ordesano	adj	Z2 M7
ordeña	noun	F4
ordeñar	verb	F4
ordeño	noun	F4
ordinario	adj	A6.2+ N6+ O4.1 T2++ S1.2.4--
ordinario	noun	S1.2.4--
Ordis	pnoun	Z2
Ordizia	pnoun	Z2
Orduña	pnoun	Z2
Orea	pnoun	Z2
orear	verb	A1.1.1
oreja	noun	B1 F1
Orejana	pnoun	Z2
Orendain	pnoun	Z2
Orense	noun	Z2 M7
Orera	pnoun	Z2
Orexa	pnoun	Z2
organismo	noun	G1.2
organización	noun	G1 S5
organizadamente	adv	S7.1 O4.1 S5 Z5
organizado	adj	S7.1+ O4.1 S5+
organizar	verb	S7.1+ O4.1 S5+
organizativo	adj	G1 S5
organoléptica	adj	X3/A9+
Organyà	pnoun	Z2
Orgaz	pnoun	Z2
orgullo	noun	E4.2+ S1.2.3+ E4.2+ S1.2 S7.2+ O4.2+
orgánico	adj	W5 F4
Oria	pnoun	Z2
orientación	noun	M6 A6.2+
orientación	noun	M6 P1
orientado	adj	M6 P1
origen	noun	T2 M7
original	adj	T3 A5.4+ A6.2-
original	noun	A5.4+ T3- A6.2-
originariamente	adv	M6 M7 A6.2
originario	adj	M6 M7 A6.2
Orihuela	pnoun	Z2
Orio	pnoun	Z2
Oristà	pnoun	Z2
Orkoien	pnoun	Z2
Orlando	pnoun	Z2
Ormaiztegi	pnoun	Z2
oro	adj	O4.3
oro	noun	O1
Orontze	pnoun	Z2
Oronz	pnoun	Z2
Oropesa	pnoun	Z2
Oroso	pnoun	Z2
Orotz-Betelu	pnoun	Z2
Oroz-Betelu	pnoun	Z2
Orozko	pnoun	Z2
Orpesa	pnoun	Z2
Orpí	pnoun	Z2
Orreaga	pnoun	Z2
Orrios	pnoun	Z2
ortiga	noun	L3 F1 B3
Ortigueira	pnoun	Z2
ortografía	noun	Q3 P1 A5
ortosifón	noun	L3 F2 B3
Ortuella	pnoun	Z2
Orxa	pnoun	Z2
Orxeta	pnoun	Z2
Orán	pnoun	Z2
orégano	noun	F1 L3 B3
Orés	pnoun	Z2
Orís	pnoun	Z2
Orísoain	pnoun	Z2
Osaka	pnoun	Z2
oscense	adj	Z2 S2.1 S2.2
oscilar	verb	A6.3 M3
oscuridad	noun	W2- O4.3
oscuro	adj	O4.3
Oseja	pnoun	Z2
Oslo	pnoun	Z2
oso	noun	L2mfn I2.1 S2mf M2 E2+ A8 A9+ A1.1.1 M6 B1 E3-
Osor	pnoun	Z2
Osornillo	pnoun	Z2
Osuna	pnoun	Z2
Oteiza	pnoun	Z2
Otero	pnoun	Z2
otorgado	verb	A9
otorgar	verb	A9
Otos	pnoun	Z2
otoño	noun	T1.3
otra	adj	A4.1f A6.1-f
otra	pron	Z8 A6.1-f N5++
otras	adj	A4.1f A6.1-f
otras	pron	Z8 A4.1-f A6.1-f S2.1-f N5++
otro	pron	Z8 A6.1-m N5++
otros	adj	A4.1mf A6.1-mf
otros	pron	Z8 A4.1-mf A6.1-mf S2mf N5++
Otsagabia	pnoun	Z2
Ottawa	pnoun	Z2
Otxandio	pnoun	Z2
Otívar	pnoun	Z2
Ourense	pnoun	Z2
Ourol	pnoun	Z2
Outes	pnoun	Z2
ovalado	adj	A1.1.1/O4.4
oveja	noun	L2 F4
Oviedo	pnoun	Z2
ovina	adj	L2
ovino	adj	L2
oxigenación	noun	O1.3
oxigenar	verb	O1.3 A1.4+ S8+
oxígeno	noun	O1.3 A1.4+ S8+
oyente	adj	S2.1 S2.2 S5 X2.3
oyente	noun	S2.1 S2.2 S5 X2.3
Oyón-Oion	pnoun	Z2
Oza-Cesuras	pnoun	Z2
Oímbra	pnoun	Z2
oír	verb	X3.2
Oña	pnoun	Z2
Oñati	pnoun	Z2
óptimo	adj	A5.1+++
p	noun	Z5
p-cimeno	noun	O1
P.	noun	N4
P.	num	N4
p.	noun	N4
p.	num	N4
Pablo	pnoun	Z1 S9
paciencia	noun	E3+ K5.2%
paciente	noun	B2- S2mf E3+
pacientes	noun	B2- S2mf E3+ E4
pacífico	adj	E3+ Z2 Z3c O1.2
pacífico	noun	E3+ Z2 Z3c O1.2
padecer	verb	E4.1- B2- X3 A5.1- A2.1 S7.4+
Paderne	pnoun	Z2
Padiernos	pnoun	Z2
padre	noun	S4 B1 S4m S9 S2.2m S2.1 S7 P1 S5
Padrenda	pnoun	Z2
Padrón	pnoun	Z2
Padul	pnoun	Z2
Padules	pnoun	Z2
pagado	adj	I1.2 A9+ I1.1/I3.1
paganismo	noun	S9- X2.1 A5.1
pagano	adj	S2mf S9- X2.1 A5.1
pagar	verb	I1.2 A9+ I1.1 I3.1
pago	noun	I1.1 A9+
Paiporta	pnoun	Z2
paisaje	noun	F4 W3 C1 M6
país	pnoun	G1.1c W3 F4/M7
paja	adj	O4.3
paja	noun	L3
Pajarejos	pnoun	Z2
Pajaroncillo	pnoun	Z2
Pajarón	pnoun	Z2
pajizo	adj	O4.3
Pakistán	pnoun	Z2
pala	noun	A1.1.1 O2
palabra	noun	Q3 Q2.1 S9 X2.1
palabras	noun	Q3 Q2.1 S9 X2.1
palacio	noun	H1 S7.1+
Palaciosrubios	pnoun	Z2
paladar	noun	B1 X3.1
Palafolls	pnoun	Z2
Palafrugell	pnoun	Z2
Palamós	pnoun	Z2
Palanques	pnoun	Z2
Palaos	pnoun	Z2
Palau	pnoun	Z2
Palau-Sator	pnoun	Z2
Palau-Saverdera	pnoun	Z2
Palembang	pnoun	Z2
Palencia	noun	Z2 M7
Palencia	pnoun	Z2
Palenciana	pnoun	Z2
palentino	adj	Z2 S2.1 S2.2
Palenzuela	pnoun	Z2
Palermo	noun	Z2 M7 E3 E5 G2
Palestina	noun	Z2 M7 S9 A15
palestino	adj	Z2 S2.1 S2.2 A15
palet	noun	O2
paletizado	adj	O2
paliar	verb	A5.1+/A2.1 N5-/A2.1
palillo	noun	O2
palito	noun	O1 N3.2-
Pallejà	pnoun	Z2
pallet	noun	O2
palma	noun	L3
Palmera	pnoun	Z2
palmera	noun	Z2
palmero	adj	Z2
Palo	pnoun	Z2
paloma	noun	L2mfn E2+ M1 S7.2+
Palomas	pnoun	Z2
Palomeque	pnoun	Z2
Palomera	pnoun	Z2
Palomero	pnoun	Z2
palpable	adj	A11.2+ A7+
palpablemente	adv	A11.2+ A7+
Pals	pnoun	Z2
Pampaneira	pnoun	Z2
Pampliega	pnoun	Z2
Pamplona	noun	Z2 M7
Pamplona	pnoun	Z2
pamplonica	adj	Z2 S2.1 S2.2
Pamplonés	adj	Z2 S2.1 S2.2
pan	noun	F1
panameño	adj	Z2 S2.1 S2.2
Panamá	noun	Z2 B5 M1 M7
Panamá	pnoun	Z2
panceta	noun	F1 F1
Pancorbo	pnoun	Z2
Pancrudo	pnoun	Z2
panecillo	noun	F1 N3.2-
Paniza	pnoun	Z2
panqueque	noun	F1
Panticosa	pnoun	Z2
Pantoja	pnoun	Z2
pantoténico	noun	O1
Pantón	pnoun	Z2
papa	noun	G1 G1.1 S2.1 S9 X2.1 F1 S7.1+
papada	noun	F1 F1
Papatrigo	pnoun	Z2
papaya	noun	L3 F1 B3
papel	noun	O1.1
papila	noun	B1
papisa	noun	G1 G1.1 S2.2 S9 X2.1
papá	noun	S2 S5
paquete	noun	O2 A1.8+ Y2 X9.2-/S2mf
paquistaní	adj	Z2 S2.1 S2.2
Paquistán	noun	Z2 M7
par	noun	N1
para	conj	Z5
parabólico	adj	O4 X4.1
Paracuellos	pnoun	Z2
parada	noun	A1.1.1
Paradas	pnoun	Z2
Paradela	pnoun	Z2
parado	adj	A1.1.1
parafinado	adj	O4.5 O4.1
Paraguay	noun	Z2
Paraguay	pnoun	Z2
paraguayo	adj	Z2 S2.1 S2.2
paralelepipédico	adj	O4.4
paralelo	adj	A6.1+ T1.1.2 M6 W3
parar	verb	A1.1.1
parar	art	A1.1.1
Parauta	pnoun	Z2
paraíso	noun	S9 M7 A5.1+++
parcela	noun	M7
parcelar	noun	M7
Parcent	pnoun	Z2
parcial	adj	S2mf A13.6 N5.1-
parcialmente	adv	A13.6 N5.1-
Parda	pnoun	O4.3
Pardilla	pnoun	Z2
pardilla	noun	Z2
Pardines	pnoun	Z2
pardo	adj	O4.3
Pardos	pnoun	Z2
pardusco	adj	O4.3
parduzco	adj	O4.3
parece	verb	A8 A6.1
parecer	verb	X3 X2
parecerse	verb	A1.1.1
parecido	adj	A6.1+
parecía	verb	A8 A6.1
pared	noun	H2
Paredes	pnoun	Z2
Pareja	pnoun	Z2
pareja	noun	N5c S4c
parentesco	noun	S4 S5
parición	noun	B3/B1
pariente	noun	A13 A6 S4mf Q3% S4 S5
Parla	pnoun	Z2
parlamentario	adj	G1.1 S2mf S7
parlamento	noun	G1.2
Parlavà	pnoun	Z2
parmesano	noun	Z2
paro	noun	Z2
parque	noun	M2 M7 M7 L3
Parres	pnoun	Z2
parrilla	noun	O2
Parrillas	pnoun	Z2
parroquia	noun	S9 M7 H1 G1
Partaloa	pnoun	Z2
parte	noun	G2.1 X2.2 O1 N5.1-
partes	noun	O1 X2.2 N5.1-
participación	noun	S1.1.3 A9+ I2.1.2 I2.1.2 I1.3.1 G1
participado	adj	S1.1.3+ A9+
participante	noun	S1.1.3 S2mf A9+
participar	verb	S1.1.3+ A9+
particular	adj	A6.2-
partida	noun	K5.2 N5 M1 F2 B3 F1 G3% K1
partidario	adj	S8+
partido	adj	O4.1 A2.1
partido	noun	G1 S7 K5.1
partidos	noun	G1 K5.1
partir	verb	A2.1
parto	noun	B1 T2+ E5+-
partícula	noun	O2 O1 Y1
parvulario	noun	H1 P1 T3-
parábola	noun	Q3 K4 O4 X4.1
parámetro	noun	A1.7+ N3.1 N2 Y2
París	pnoun	Z2
pasa	noun	F1 L3
pasado	adj	M6 T1.1.1 Z5
pasado	noun	M6 T1.1.1 Z5
Pasaia	pnoun	Z2
pasajero	noun	M3 S2mf M4 S2mf M5 S2mf
pasar	verb	A1.1.1 M1
pascua	noun	S9 T1.3 E2+
pascual	adj	S9 T1.3 Z1 E2+
Pascualcobo	pnoun	Z2
pasear	verb	M1
pasiflora	noun	L3 B3 F2
pasivo	adj	Q3 X5.2- A1.1.1-
pasión	noun	X5.2+ S3.2 S9@ E2+++
paso	noun	H1 M7 M1 A3 T1 A1.1.1-
paso	verb	H1 M7 M1 A3 T1 A1.1.1-
pasta	noun	F1 O1.1
pastar	verb	F4
pastel	noun	F1
pastelera	noun	F1/S2m
pastelito	noun	F1 N3.2-
pasterizado	noun	A1.1.1/F2
pasteurizado	adj	X4.2 A4.1
pasteurizar	verb	A2.1
pastizal	noun	F4 W3/L3 I1
pasto	noun	F4
Pastor	noun	Z2
pastor	noun	F4/S2m
pastoreo	noun	F4/S2 A1.1.1
Pastores	pnoun	Z2
pastores-elaboradores	port	F4/S2 A1.1.1/S2
pastoso	adj	O4.5
Pastrana	pnoun	Z2
Pastriz	pnoun	Z2
pasó	verb	M1 M7 T1.1
pata	noun	L2mfnc F1 K5.1 E2+/S2mf M1 A1.9 M2
patata	noun	F1 L3
patatar	verb	F1/L3
Paterna	pnoun	Z2
paterno	adj	S4 S7 S5
patio	noun	H3 P1
Patna	pnoun	Z2
pato	noun	L2mfnc F1 K5.1 E2+ S2mf M1 A1.9 M2
Patones	pnoun	Z2
patria	noun	G1.2 S2
patrimonial	adj	A9+
patrimonio	noun	I1.1+ X2.2++ S1.1.4+ A9+ S4 A9+ S1.1.1 N5+ T1.1.1
patriótico	adj	S6+
patrocinado	adj	A9-/I1.1
patrón	noun	X4.2 O4.1 O4.3 B5/Q1.2 S7.1+/S2mf
Pau	pnoun	Z2
paulatinamente	adv	T2++
pausa	noun	T2- T1.3
Pavlova	pnoun	Z1 F1
Pavías	pnoun	Z2
Paymogo	pnoun	Z2
paz	noun	E3+ X2
Pazuengos	pnoun	Z2
país	noun	G1.1 W3
países	noun	G1.1c W3 F4 M7 K2 L1
paño	noun	O1.1
pañuelo	noun	B5
Paüls	pnoun	Z2
PDE	abbr	Z3c
pecado	noun	G2.2- S9 A15- A5.1-
pecar	verb	G2.2- S9 A15- A5.1-
Pechina	pnoun	Z2
pecho	noun	B1
pechuga	noun	B1 F1 F1
peculiar	adj	A6.2-
pecuniaria	adj	I1
pedagogo	noun	S2.1 S2.2 P1 S5
pedagogía	noun	X2 P1
pedagógicamente	adv	X2.3 P1
pedagógico	adj	X2.3 P1
pedazo	noun	N5
pedir	verb	Q2.2 Q2.1 S7.1+ Q2.2
Pedralba	pnoun	Z2
Pedraza	pnoun	Z2
Pedreguer	pnoun	Z2
Pedrera	pnoun	Z2
Pedrezuela	pnoun	Z2
pedro	pnoun	S2.1 Z1 S9
Pedro-Rodríguez	pnoun	Z2
Pedroche	pnoun	Z2
Pedrola	pnoun	Z2
Pedroso	pnoun	Z2
PEF	abbr	Z3c
pegajoso	adj	O4.5
Pegalajar	pnoun	Z2
pegar	verb	E3- A1.1.1 A1.7+ A9+%
Pego	pnoun	Z2
Peguerinos	pnoun	Z2
Pekanbaru	pnoun	Z2
Pekín	pnoun	Z2
Pelabravo	pnoun	Z2
pelador	noun	O1.1
Pelahustán	pnoun	Z2
pelar	verb	A2.1
Pelarrodríguez	pnoun	Z2
Pelayos	pnoun	Z2
Peleagonzalo	pnoun	Z2
peligro	noun	A15-
Peligros	pnoun	Z2
peligroso	adj	A1.9 A15-
pelo	noun	B1
pelota	noun	O2 O4.4 K5.1 B1 K1 O4.4
película	noun	Q4.3 K4
pena	noun	E4.1- G2.1
Penagos	pnoun	Z2
penal	adj	G2.1
pendiente	adj	T1.1.3 B5 W3
Penelles	pnoun	Z2
penetrar	verb	M1
penitencia	noun	S9 E3 S8 S1.1.4 S1.2.5+
penitente	adj	S9 E3 S8 S1.1.4 S1.2.5+
pensado	adj	X2.1
pensamiento	noun	X2.1 X4.1
pensar	verb	X2.1
pensionista	noun	S2.1 S2.2 P1 S5
pensión	noun	I1.1/T3+
Penàguila	pnoun	Z2
Peníscola	pnoun	Z2
peor	adv	A5.1--
pepe	noun	S2 Z1
pepinillo	noun	L3 F1
Pepino	pnoun	Z2
pepita	noun	O1.1 F1 L3
Peque	pnoun	Z2
pequeño	adj	A5 A13.7
Pequín	noun	Z2 M7
pera	noun	L3 F1
Peracense	pnoun	Z2
Perafita	pnoun	Z2
Perafort	pnoun	Z2
Peralada	pnoun	Z2
Peralejos	pnoun	Z2
Perales	pnoun	Z2
Peralta	pnoun	Z2
Peraltilla	pnoun	Z2
Peralveche	pnoun	Z2
Peramola	pnoun	Z2
Peranzanes	pnoun	Z2
Perarrúa	pnoun	Z2
percepción	noun	X4.1 X3.4 X2.5+
percibir	verb	A9+ X4.1 X3.4 X2.5+ X3.4+ A11.2+ Q2.2 X2.2+
perder	verb	X9.2- A9- M6 A5.3- L1-
perdido	adj	E6- X9.2- A9- M6 A5.3- L1- S2mf
Perdiguera	pnoun	Z2
perejil	noun	L3 F1
Pereruela	pnoun	Z2
perfeccionar	verb	A5.1+++
perfección	noun	A5.1+++
perfectamente	adv	A5.1+ A13.2
perfecto	adj	A5.1+
perfil	noun	B1 A4.1
perforación	noun	M7/N3.7+ B2
perfumado	adj	X3.5
perfumar	verb	X3.5
perfume	noun	X3.5 O1.2
Periana	pnoun	Z2
perifollo	noun	L3
periodismo	noun	Q4.2 P1 A5.4+
periodista	noun	Q4.2 I3.2 S2mf A5.4+
periodo	noun	T1.3 B1 Q3 P1/T1.3
periodístico	adj	Q4.2 A5.4+
perito	adj	X2.2+/S2m
periódico	adj	N6+
perjudicar	verb	A15-
perjuicio	noun	A1.1.2 S8- L1-
perla	noun	C1 O1.1 I1 L2-
Perm	pnoun	Z2
permanecer	verb	M8
permanente	adj	T2+++
permanentemente	adv	T2+++
permiso	noun	S7.4+
permite	verb	A2.1 A9+
permitido	adj	S7.4+ S8+ X2.1 I1.1 A9+
permitir	verb	S7.4+ S8+
pero	conj	Z5 A2.2- A6.1-
Peromingo	pnoun	Z2
Perosillo	pnoun	Z2
perro	noun	L2mfn E6 E2
persa	adj	Z2 Z2 Q3 S2mf
Persia	noun	Z2 M7
persia	pnoun	Z3
Persio	pnoun	Z1
persistencia	noun	T2++
persistente	adj	T2++
persistir	verb	T2++
persona	noun	S2mfc
personaje	noun	S1.2 S2mf A11.1+ S2mf
personal	adj	S1.2.1+ S2 S5- K5.1
personalidad	noun	S1.2.1+ S2 S5- K5.1
personalmente	adv	S5-
personas	noun	S2
perspectiva	noun	O4.1 X4.1
pertenecer	verb	A9+ A1.2+ S5+
perteneciente	adj	A9+
Perth	pnoun	Z2
perturbación	noun	E3- S8-
Pertusa	pnoun	Z2
peruano	adj	Z2 Z2 S2mf
período	noun	T1.1 T1.3
Perú	pnoun	Z2
pesada	adj	N3.5+
pesadez	noun	B2
pesadilla	noun	X4.1 A5.1- A5.1-
Pesaguero	pnoun	Z2
pesar	verb	N3.5 X2.1 E6- A2.1+
pesca	noun	K5.1 L2 F4 M4 X2.4
pescado	noun	F1
pescador	noun	F4 M4 S2.2m K5.1 M4 S2.2m
pescar	verb	K5.1 L2 F4 M4 X2.4
Pescueza	pnoun	Z2
pese	verb	N3.5 X2.1 E6- A2.1+
pesetas	noun	I1 T3+
Peshawar	pnoun	Z2
peso	noun	N3.5 E6-
Pesoz	pnoun	Z2
Pesquera	pnoun	Z2
petición	noun	Q1.2
Petra	pnoun	Z2
Petrer	pnoun	Z2
Petrés	pnoun	Z2
petróleo	noun	O1.2
Petín	pnoun	Z2
Peñacaballera	pnoun	Z2
Peñacerrada-Urizaharra	pnoun	Z2
Peñafiel	pnoun	Z2
Peñaflor	pnoun	Z2
Peñalba	pnoun	Z2
Peñalsordo	pnoun	Z2
Peñalver	pnoun	Z2
Peñalén	pnoun	Z2
Peñaparda	pnoun	Z2
Peñarandilla	pnoun	Z2
Peñarroya-Pueblonuevo	pnoun	Z2
Peñarrubia	pnoun	Z2
Peñascosa	pnoun	Z2
Peñausende	pnoun	Z2
Peñíscola	pnoun	Z2
ph	abbr	Y1
Phoenix	pnoun	Z2
piadosamente	adv	X2.1 Z5 S9
piadoso	adj	S2.1 S2.2 X2.1 S9
piano	noun	K2
PIB	abbr	I4 Z3c
picada	adj	A2.1/A1.1.1/X3.1
picadillo	noun	F1
picado	adj	O4.4 A2.1 A1.1.1
picadora	noun	O2
picante	adj	X3.1
Picanya	pnoun	Z2
picar	verb	A2.1 A1.1.1 X3.1
Picassent	pnoun	Z2
picatoste	noun	F1
pico	noun	L2 N5.1+ A5.1+++ W3 O2 A2.1/A1.1.1/X3.1
picota	adj	O4.3
picota	noun	F1 L3
picoteo	noun	F1
picón	noun	F1 L2
Picón	pnoun	Z2
pie	noun	B1N1
piedad	noun	A1 A1.6 A2 X2.1 S9
Piedrabuena	pnoun	Z2
Piedrahíta	pnoun	Z2
Piedralaves	pnoun	Z2
Piedramillera	pnoun	Z2
Piedratajada	pnoun	Z2
piel	noun	B1 O1.1 F1
Piera	pnoun	Z2
pierna	noun	F1 B1 F1
pieza	noun	N5.1-
Pilar	pnoun	Z2
Pilas	pnoun	Z2
pilau	noun	F1
Piles	pnoun	Z2
piloto	noun	M5/I3.2/S2mf X2.4
Piloña	pnoun	Z2
pimentón	noun	F1 L3
pimienta	noun	F1 L3
pimiento	noun	F1/L3
Pinarejo	pnoun	Z2
Pinarejos	pnoun	Z2
Pinarnegrillo	pnoun	Z2
pinchar	verb	A1.1.1 A2.1
pincho	noun	O2 F1
Pinedas	pnoun	Z2
Pinet	pnoun	Z2
Pinillos	pnoun	Z2
pino	noun	L3
Pinofranqueado	pnoun	Z2
Pinoso	pnoun	Z2
Pinseque	pnoun	Z2
pintado	adj	C1
pintar	verb	A2.1 C1
Pinto	pnoun	Z2
pintor	noun	C1 S2mf
pintoresco	adj	O4.2+
pintura	noun	O4.3
Pinós	pnoun	Z2
pionero	noun	T2+ T2+ S2mf
Pionyang	pnoun	Z2
Piornal	pnoun	Z2
Pioz	pnoun	Z2
pipa	noun	F1 G3
piperita	noun	O1.1
Piqueras	pnoun	Z2
Pira	pnoun	Z2
Piracés	pnoun	Z2
pirenaica	adj	Z3
pirenaico	adj	Z3
Pirineo	pnoun	Z2
Pirineos	noun	Z2
pirámide	noun	H1 O4.4
piso	noun	H2
pistacho	adj	O4.3
pistacho	noun	L3 F1
pisto	noun	F1
Pitarque	pnoun	Z2
Pitiegua	pnoun	Z2
Pitillas	pnoun	Z2
Pittsburgh	pnoun	Z2
Pizarra	pnoun	Z2
pizarra	noun	O2 P1
Pizarral	pnoun	Z2
pizca	verb	N5-
pizza	noun	F1
Piélagos	pnoun	Z2
Piérnigas	pnoun	Z2
piña	noun	F1 L3
Piñor	pnoun	Z2
Piñuécar-Gandullas	pnoun	Z2
piñón	noun	F1 L3
placentero	adj	A5.1+ X3+ O4.2+
placer	noun	E4.2+ K1
Plan	pnoun	Z2
plan	noun	X7+ C1 H1
plancha	noun	O2 O3
planear	verb	X7+
Planes	pnoun	Z2
planeta	noun	W1 W5 A1.3
planicie	noun	W3 M7
plano	adj	O4.4 X3 O4.1
plano	noun	Q1.2 W3 C1 H1 G3
Planoles	pnoun	Z2
planta	noun	L3 I4 H1c O2
plantación	noun	F4
plantar	verb	F4 M2
plantilla	noun	O4.1 B5
Plasencia	pnoun	Z2
Plasenzuela	pnoun	Z2
plasmar	verb	Q1
plastificado	noun	A1.1.1
plata	adj	O4.3
plata	noun	O1 O2
plata	pnoun	O1.1 I1 O2
plataforma	noun	M3/M7 Y2
plato	noun	O2 F1
plaza	noun	H1 M7
plazo	noun	T1.1 I1
pleita	noun	G2.1
Pleitas	pnoun	Z2
plenamente	adv	A13.2 N5.1+
Plenas	pnoun	Z2
pleno	adj	N5
Plentzia	pnoun	Z2
Pliego	pnoun	Z2
Plou	pnoun	Z2
pluma	noun	O2 P1
plurianual	adj	T1.3+
Plutón	noun	Z1 W1 S9 T1.1.1
plántago	noun	L3 B3
plástico	adj	O1.1 O4.5
plástico	noun	O1.1
plátano	noun	L3 F1
población	noun	S2 N5c G1 S2
poblado	adj	S2 H4
poblador	adj	M7/S2
Poblete	pnoun	Z2
Poboleda	pnoun	Z2
pobre	adj	I1.1- A5.1- N5-
pochar	verb	A2.1
poco	pron	Z5 Z8 A6.1-
pocos	adj	Z5 Z8 A6.1-
pocos	noun	N5-
podar	verb	F4 N5-/A2.1
podemos	verb	S7 G1.2
poder	noun	A1.1.1 S7.1+ O3 S1.2.5+ N2 S7 G1
poder	verb	S7
poderoso	adj	S7.1+ S1.2.5+ N3
podrá	verb	A1.1.1 S7.1+ O3 S1.2.5+ N2 S7 G1
podría	verb	A1.1.1 S7.1+ O3 S1.2.5+ N2 S7 G1
podía	verb	A1.1.1 S7.1+ O3 S1.2.5+ N2 S7 G1
poema	noun	Q3 C1
poeta	noun	Q1 S2
Poio	pnoun	Z2
Pol	pnoun	Z2
Polaciones	pnoun	Z2
polaco	adj	Z2
Polanco	pnoun	Z2
polarización	noun	A6.1-
Polentinos	pnoun	Z2
poleo	noun	L3 F2 B3
Poleñino	pnoun	Z2
polialcohol	adj	O1.2
policial	adj	G2.1 G2.2 A15 G1
policromado	adj	O4.5
policía	noun	S2 G2.1 A15
polideportivo	noun	H2 P1 K5.1
polifenol	noun	O1
polifenólicar	verb	O1
poliinsaturado	adj	O1.2 B2
Polinyà	pnoun	Z2
polipropileno	noun	O1
Pollença	pnoun	Z2
pollo	noun	F1 L2 F4
Pollos	pnoun	Z2
Polonia	noun	Z2
Polonia	pnoun	Z2
Polop	pnoun	Z2
Polopos	pnoun	Z2
polvo	noun	O1.1 B4
Polán	pnoun	Z2
Polícar	pnoun	Z2
polígono	noun	O4.4 I4/M7
política	noun	G1 S7
políticas	noun	G1 I2
político	adj	G1 P1 G1.2 S2mf
político	noun	G1 P1 G1.2 S2mf
políticos	adj	G1 S2mf
Pomer	pnoun	Z2
Pompadour	pnoun	Z3
ponche	noun	F2
pone	verb	A9 M1 M6
poner	verb	M2
ponerse	verb	A2.1
Ponferrada	pnoun	Z2
Ponga	pnoun	Z2
Ponteareas	pnoun	Z2
Ponteceso	pnoun	Z2
Pontecesures	pnoun	Z2
Pontedeume	pnoun	Z2
Pontedeva	pnoun	Z2
Pontevedra	noun	Z2 M7
Pontevedra	pnoun	Z2
Pontils	pnoun	Z2
Pontons	pnoun	Z2
Ponts	pnoun	Z2
pontífice	noun	G1 G1.1 S2.1 S9
Pontós	pnoun	Z2
popular	adj	E2+ X2.2
popularidad	noun	E2+ X2.2
popularmente	adv	E2+/X2.2
poquito	adv	A6.1--
por	prep	Z5
porcentaje	noun	N5 I1
porcentual	adj	N5
porción	noun	N5.1- O2
Porcuna	pnoun	Z2
poro	noun	B1 O2
porque	conj	Z5 A2.2
Porqueira	pnoun	Z2
Porqueres	pnoun	Z2
Porrera	pnoun	Z2
Porreres	pnoun	Z2
Portaje	pnoun	Z2
portal	noun	H2 Y2
Portas	pnoun	Z2
Portbou	pnoun	Z2
Portezuelo	pnoun	Z2
porteño	adj	Z2 S2.1 S2.2
Portilla	pnoun	Z2
Portillo	pnoun	Z2
Portland	pnoun	Z2
Porto	pnoun	Z2
Portomarín	pnoun	Z2
Portugal	noun	Z2 Z3c
Portugal	pnoun	Z2
Portugalete	pnoun	Z2
portugués	adj	Z2 S2.1 S2.2 Q3
Porzuna	pnoun	Z2
Posadas	pnoun	Z2
poseer	verb	A9+ E1 S9%
posesión	noun	A9+ S9
posibilidad	noun	A7+ A5 A1.1.1 S7.1+ O3 S1.2.5+ N2 G1
posibilidades	noun	A7+ A5 A1.1.1 S7.1+ O3 S1.2.5+ N2 G1
posibilitar	verb	S7.4+ S8+
posible	adj	A7+
posiblemente	adv	A7+
posición	noun	M6 M7 S7.1 I3.1 N4 S1.1.1 A1.1.1 K5.1
positivo	adj	A5.1+ A7+ N2
posterior	adj	N4 T2
posteriormente	adv	N4 T2
postgrado	adj	P1
postgusto	noun	X3.1
postre	noun	F1 F1
potable	adj	F2/B1
potaje	noun	F1
potasio	noun	O1
potencia	noun	A7+ O3 A5 S7.1+
potenciación	noun	S1.2.5+/A2.1
potenciado	adj	S1.2.5+/A2.1
potencial	adj	A7+ O3 A5 S7.1+
potenciar	verb	S1.2.5+/A2.1
potente	adj	X3.1 X3.5 O4.3
Potes	pnoun	Z2
Potries	pnoun	Z2
Poveda	pnoun	Z2
Povedilla	pnoun	Z2
Poyatos	pnoun	Z2
Pozaldez	pnoun	Z2
Pozalmuro	pnoun	Z2
Pozanco	pnoun	Z2
Pozo-Lorente	pnoun	Z2
Pozoamargo	pnoun	Z2
Pozoantiguo	pnoun	Z2
Pozoblanco	pnoun	Z2
pozoblanco	pnoun	Z3
Pozohondo	pnoun	Z2
Pozondón	pnoun	Z2
Pozuelo	pnoun	Z2
poético	adj	Q3 C1
pp	noun	G1 S7
PPM	abbr	N3
practicante	noun	S1.1.3 S5 S9 S2mf
practicar	verb	A1.1.1 A13.4 A1.6
Pradales	pnoun	Z2
Pradejón	pnoun	Z2
Prades	pnoun	Z2
Pradillo	pnoun	Z2
Prado	pnoun	Z2
Pradoluengo	pnoun	Z2
Pradosegar	pnoun	Z2
Praga	pnoun	Z2
Pratdip	pnoun	Z2
Pravia	pnoun	Z2
pre-envasado	noun	T1.1.1 A10
pre-fermentativo	noun	A2.1
preaviso	noun	X2.2+/A15-
precalentar	verb	A1.1.1 O4.6+
precario	adj	A15- I2 I3
precedente	noun	A3+
preceder	verb	N4
preceptivo	adj	S7.1 G2.1 P1 S9
precepto	noun	S7.1 G2.1 P1 S9
preceptor	noun	P1 S7.1 S5
preciado	adj	A5.1
precio	noun	I1.3
precios	noun	I1.3 N3
precioso	adj	A5.1+ O4.2+
precipitación	noun	W4
precisamente	adv	A4.2+ A5.3+
precisar	verb	A4.2+ A5.3+
precisión	noun	A5.3+
preciso	adj	A4.2+ A5.3+
predecir	verb	Q2.2 T1.1.3 X2.6+
predeterminado	adj	X7+ X6+/N4
predicación	noun	S9 Q2
predicar	verb	Q2.2
predicción	noun	T1.1.3
predominante	adj	N5++ A11.1+ A11.2+
predominar	verb	N5++ A11.1+ A11.2+
preferencia	noun	E2+
preferente	adj	E2+ A11.1+
preferentemente	adv	E2++
preferible	adj	E2++
preferiblemente	adv	E2+
preferido	adj	E2+
preferir	verb	E2++
pregunta	noun	X4.1 Q1 X2.3 X2.4 Q2.2
preguntar	verb	Q1 X2.3 X2.4
prehistórico	adj	T3+++ T1.1.1
Preixana	pnoun	Z2
Preixens	pnoun	Z2
prejuicio	noun	A2.2 X2.1 S8- A6.1- E2- G2.2- S5+
prelado	noun	S9 S2.1 S7 G1.1
prelaticio	adj	S9 G1.1
prematuro	adj	T4+
premiado	adj	A5.1+ S7.3
premiar	verb	A9+ A5.1+ I1.3+
premio	noun	S7.3
prensa	noun	A1.1.1 X8+ S7.1+ E6- Q4.2c O2 Q4.1 I2.1c
prensado	adj	O4.1 A2.1
prensar	verb	A2.1
preocupar	verb	E6-
preparación	verb	O4.1/T1.1.1/A1.1.1
preparado	adj	O4.1 T1.1.1 A1.1.1
preparar	verb	A1.1.1 A2.1+
preparativo	adj	O4.1/T1.1.1/A1.1.1
preparatorio	adj	A1.1.1/N4
presencia	noun	A9- A2.2 Q2.2 S1.1.3+ Q4.3 O4.1 K4 T1.1.2 A3+
Presencio	pnoun	Z2
presenta	verb	A9- A2.2 Q2.2 S1.1.3+ Q4.3 O4.1 K4 T1.1.2 A3+
presentación	noun	Q4 O4.1 Q2.2 K4 O4.1 K5 S1.1.1 A3+ T2+
presentado	adj	S1.1.1 A2 S1.1.3+ Q1/Q2/Q3 Q4 O4.1 A8 A3+
presentar	verb	S1.1.1 A2 S1.1.3+ Q1 Q2 Q3 Q4 O4.1 A8 A3+
presente	adj	T1.1.2 A3+
presente	noun	T1.1.2
preservación	noun	S8+ A9+/A2.1- F1 L2
preservar	verb	S8+ A9+ A2.1- F1 L2
presidencia	noun	S7.1+ G1.1
presidencial	adj	G1.1 S7.1+
presidente	noun	G1.1 S7.1+ S2mf
presidir	verb	S7.1+
presión	noun	N3.5 S7.1+ E6-
preso	noun	G2.1 S2mf A1.7- S2mf
prestado	verb	A9- I1.1
prestamista	noun	S2f A9- I1.1
prestar	verb	A9- I1.1
prestigio	noun	S7.2+ A5.1+ A11.1+
prestigioso	adj	A11.1+ X2.2
presunto	adj	X2.1
presupuestaria	adj	I1
presupuestario	adj	I1
presupuesto	noun	I1 G1.1 I1 I1.3-
pretender	verb	X8+
prevalecer	verb	X9.2+ S7.1+
prevenir	verb	X2.2+/A15-
prever	verb	X2.6+ Q2.2 T1.1.3
previamente	adv	N4
previo	adj	N4
previsible	adj	X2.6+
previsión	noun	X2.6+
previsto	adj	X2.6+ Q2.2/T1.1.3
Priego	pnoun	Z2
prima	noun	S4mf
primaria	noun	X3.5/X3.1/T2
primario	adj	X3.5 X3.1 T2
primavera	noun	T1.3
primer	adj	Z5 Z8 N1 N4
primera	adj	Z5 Z8 S2.2 N1 N4
primeras	adj	Z5 S2.2 T1.1 N4
primerizo	noun	S2.1 S2.2
primero	adj	N4
primero	noun	N4 P1
primero	num	N4
primeros	adj	Z5 Z8 S2.2 N4
primitivo	adj	T3+ S1.2.4-
primo	noun	S4mf
primordialmente	adv	A13.2 S6 Z4
princesa	noun	S7.1+ S2.1
principal	adj	A11.1+
principales	adj	S7 A5 A6
principalmente	adv	A13.2 N4
principianta	noun	S2.2 P1 A5 T2+
principiante	noun	S2.1 P1 A5 T2+
principiar	adv	T2+
principio	noun	T2+ G2.2+ X2.1 S9 X4.1
principios	noun	T2+ G2.2+ X2.1 S9 X4.1
prioridad	noun	A11.1+
prioritario	adj	A11.1+
priorizar	verb	A11.1+/A2.1
Prioro	pnoun	Z2
prisa	noun	N3.8+
prisionero	noun	G2.1 S2mf A1.7+ S2mf
prisión	noun	G2.1 H1
privado	adj	A10- S5- G1.1- G3 S2mf B1
privilegiado	adj	A5.1+ A10-
privilegio	noun	A5.1+ G2.1 S7.1+ S7.2+
pro	verb	E2+ I3.2+/S2mf X9.1+/S2mf
Proaza	pnoun	Z2
probabilidad	noun	A7 N1
probable	adj	A7+
probablemente	adv	A7+
probar	verb	A1.1.1 X3.1
problema	noun	A12- X4.1 N2 B2- P1
problemas	noun	A12- X4.1 N2 B2- P1
problemático	adj	A12-
procedencia	noun	M7
procedente	adj	M1 A1.2+
proceder	verb	A1.1.1 M7
procedimiento	noun	X4.2
procesado	adj	A1.1.1/A2.1
procesar	verb	A1.1.1 A2.1
procesión	noun	S1.1.1 M1 S5 S9 M1
proceso	noun	A1.1.1 I4
prociclicidad	noun	I1 I1/A2.1
proclamar	verb	Q2.2 S7
prodigio	noun	S9 A1 A13.3 X6 X9.2+
prodigioso	adj	S9 A1 A13.3 X6 X9.2+
producción	noun	A1.1.1 K4 K3 Q4.3
producción	noun	I4
produce	verb	K4 S7.1+ A1.1.1
producido	adj	A2.2 A1.1.1 K4 K3 Q4.3 F4 A2.1+
producir	verb	A1.1.1 I4
producirse	verb	A1.1.1
productividad	noun	I2.1/N5+
productivo	adj	X9.2+
producto	noun	O2
productor	noun	S2 I4
profesar	verb	S9 X1
profesional	adj	I3.2+ I3.1 X9.1+
profesión	noun	I3.1
profesor	noun	S2 S7.2 P1
profesora	noun	S7.1 S2.2 S5 P1
profeta	noun	T1.1.3 S9 S2mf Q2.1
profetisa	noun	S2.2 S9 T1.1.3 Q2.1
profetizar	verb	S9 T1.1.3 Q2.1
profundidad	noun	X3.1
profundizado	adj	N3.3+ N3.3+/A2.1 A4.2+
profundo	adj	X3.1 X3.5 O4.5
profuso	adj	O4.5 X3.1 X3.5
programa	noun	G1 T2 Y2 P1 K1 K2 K4 X7+ Q4.3 Q1.2 I2.2 S1.1.1
programadamente	adv	T2 Z5
programar	verb	A1.1.1
programas	noun	T2 P1
progresar	verb	A5.1+ A2.1 T2++ A2.1+ M1
progresivamente	adv	A5.1+/A2.1 T2++ A2.1+ M1
progresivo	adj	G1.2 T3--- N3.8- Q3 G1.2 S2mf
progresión	noun	N5+/A2.1 A5.1+/A2.1 M1 N2% K2%
progreso	noun	A5.1+ A2.1 T2++ A2.1+ M1 M1%
prohibición	noun	F2 S7.4-
prohibido	adj	S7.4-
prohibir	Verb	S7.4-
prohibir	verb	S7.4-
prolongación	noun	H1 T1.3+ A2.1 N3.2+ A2.1 N5+ A2.1 Q1.3 B4 M1
prolongado	adj	O4.5 X3.1 T2++
prolongar	noun	A2.1
prolongar	verb	A2.1
promedio	noun	A6.2+
promesa	noun	S6+ A7+ X9.1+
prometer	verb	S6+ A7+
promoción	noun	S7.1+ A2.1 I2.2 Q2.2 S8+
promover	verb	S8+ I2.2 Q2.2 S7.1+ A2.1
promovido	adj	S8+ I2.2/Q2.2 S7.1+/A2.1
prontitud	noun	T4+
pronto	adv	Z5 T4+
pronunciado	adj	X3.1
pronunciar	verb	Q3 Q2.2
propia	adj	A9+ S2mf
propiedad	noun	H1 H3 A9+
propietario	noun	A9+ S2
propilenglicol	noun	O1
propio	adj	A9+ S2mf
propios	adj	A9+ S2mf
proponer	verb	Q2.2 X7+ X4.1 G1.2 Q2.2 S4
proporcionado	adj	A9/A1.1.1
proporcionar	verb	A9 A1.1.1
proporción	noun	A2.2 N3.2 O4.2 N5.1- N5 A2.2 N3.2 S1.1.2
proposición	noun	Q2.2 X4.1 S3.2 Q2.2
propuesta	noun	Q2.2 X4.1 S3.2 Q2.2
propósito	noun	X7+ A2.2 A1.5.1
prosa	noun	Q3
proseguido	adj	T2++
proseguir	verb	T2++
protagonismo	noun	A11.1+
protagonista	noun	S2mf/K1 A11.1+++
proteccionista	noun	S8+/A15+ A10-
protección	noun	S8+ A15+ A10-
proteger	verb	A1.1.1 A15+
protegido	adj	A1.1.1/A15+
protestante	adj	S2.1 S2.2 S5 S9 X2.1 A4.1
protestantismo	noun	S5 S9 X2.1 A5.1 S5
proteína	noun	O1
protocolo	noun	G2.1
proveedor	noun	I2.2 I2.2/S2mc
proveer	verb	I2.2
provenir	verb	M7
providencia	noun	A9+ S8+ S9
providencial	adj	S9 S8+ S9
provincia	noun	M7
provisional	adj	T1.3
provisión	noun	A9-
provisto	adj	A9+ S6+
provitamina	noun	O1
provocar	verb	A2.2 E3 X5.2+ O4.2+ S3.2
proximidad	noun	N4 T1.3-
proyección	noun	A10+ A2.2
proyectado	adj	A10+ X7+ X2.6+ M2 O4.4 X3.2 Q2.2 X2.1
proyectar	verb	A10+ X7+ X2.6+ M2 O4.4 X3.2 Q2.2 X2.1
proyecto	noun	I2.1 P1 H1 Y1 G1.1
proyectos	noun	I1 P1 H1 Y1
próximo	adj	N4
prudencial	adj	S1.2.6+
prudente	adj	S1.2.6+
prueba	noun	P1 X2.4 B3
Prullans	pnoun	Z2
Pruna	pnoun	Z2
práctica	noun	X4.2
prácticamente	adv	A13.4 A1.6
práctico	adj	A1.6 A3+ A1.5.2 A3+ A1.6 Q3 S1.2
práctico	adv	A13.4
práctico	noun	P1 X2.4
Prádena	pnoun	Z2
Préjano	pnoun	Z2
préstamo	noun	S2f A9- I1.1
príncipe	noun	S7.1+ S2.2m
prórroga	noun	T1.1.3
próximo	adj	N4 T1.3-
psicología	noun	Y1 X1 P1
psicológicamente	adv	X1 P1 Z5
psicológico	adj	X1 P1 S2mf
psicólogo	noun	Y1  S2.1 S2.2 S5 P1
psoe	noun	G1 S7
PSSC	abbr	Z3c
PTF	abbr	Z3c
pu-erh	pnoun	L3 Z2 F2 B3
publicación	noun	Q4 A3+ A10+
publicado	adj	Q4 A10+ Q2.2 I2.1.2/Q2.1 X2.2+
publicar	verb	Q4 A10+ Q2.2 I2.1.2 Q2.1 X2.2+
publicidad	noun	Q4
publicitario	adj	I2.2 Q2.1 X2.2+ A10+
puchero	noun	O1.1/F1
pudin	noun	F1
pudo	verb	A1.1.1 S7.1+ O3 S1.2.5+ N2 S7 G1
Puebla	pnoun	Z2
pueblo	noun	M7
pueda	verb	A1.1.1 S7.1+ O3 S1.2.5+ N2 S7 G1
puede	verb	A1.1.1 S7.1+ O3 S1.2.5+ N2 S7 G1<
pueden	verb	A1.1.1 S7.1+ O3 S1.2.5+ N2 S7 G1<
puedo	verb	A1.1.1 S7.1+ O3 S1.2.5+ N2 S7 G1<
Puendeluna	pnoun	Z2
puente	noun	H1 W3 A2.2 S3.1 H2 M4 B1 B3 O2 K5.2 M1
Puentedura	pnoun	Z2
puericultor	noun	S2.1 S2.2 S5
puericultura	noun	S5 P1
puerro	noun	F1 L3
puerta	noun	H1 H2 S8 O1 O2
Puertas	pnoun	Z2
puerto	noun	H1 M7 W3
Puertollano	pnoun	Z2
Puertomingalvo	pnoun	Z2
pues	conj	Z5 A13 A2.2
puesto	adj	A9 H1 I2
Pueyo	pnoun	Z2
Puig-Reig	pnoun	Z2
Puigcerdà	pnoun	Z2
Puigdàlber	pnoun	Z2
Puiggròs	pnoun	Z2
Puigpelat	pnoun	Z2
Puigpunyent	pnoun	Z2
Pujalt	pnoun	Z2
Pujerra	pnoun	Z2
Pulgar	pnoun	Z2
Pulianas	pnoun	Z2
pulido	adj	O4.5 X3.1
pulmón	noun	B1 F1 F1
Pulpí	pnoun	Z2
pulverizar	verb	A1.1.1 A2.1
Pune	pnoun	Z2
puntación	noun	Q3 X4.1
Puntagorda	pnoun	Z2
Puntallana	pnoun	Z2
punto	noun	N3 N3.7- Q3 K5.1 I1
puntos	noun	I1 N3 N3.7- Q3 K5.1
puntuación	noun	Q3 K5 N5% X4.1
puntual	adj	T4 S1.2.4+
puntualidad	noun	T4 S1.2.4+
Punxín	pnoun	Z2
pupilo	noun	S2.1 S2.2 P1
pupitre	noun	O2 H5 P1
Puras	pnoun	Z2
Purchena	pnoun	Z2
pureza	noun	A5.4+ O4.1 A4.2+
purificante	adj	B3
puro	adj	X3.1 A5.4+
Purujosa	pnoun	Z2
Purullena	pnoun	Z2
puré	noun	F1
puso	verb	A9 M1 M6
Putian	pnoun	Z2
Puçol	pnoun	Z2
Puértolas	pnoun	Z2
puñadito	noun	N5 A12- N3.1-
puñado	adj	N5 A12-
pyme	noun	Z3c I3
página	noun	Q1.2 T1.3
Pájara	pnoun	Z2
pájaro	noun	L2mfn S2.1f
pálido	adj	O4.3 O4.1
pánico	noun	E5-
párrafo	noun	Q3 N5 N3.7
párroco	noun	S9 S2.1 S5 G1
pérdida	noun	L1- N5.2- I1.2
pérez	pnoun	Z1
pétalo	noun	L3 F1
Pétrola	pnoun	Z2
Pías	pnoun	Z2
pío	adj	S9 X3.2
Píñar	pnoun	Z2
Pórtugos	pnoun	Z2
pública	adj	G1 P1 S2f
públicamente	adv	A3+ A10+
público	adj	K1 S2mfc S2mfc S1.1.3+ S5+c A10+
público	noun	K1 S2mfc S2mfc S1.1.3+ S5+c A10+
púrpura	adj	O4.3
q	noun	Z5
Q.	noun	N4
Q.	num	N4
q.	noun	N4
q.	num	N4
Qatar	noun	Z2 M7 S7 I1
Qatar	pnoun	Z2
qatarí	adj	Z2 S2 S2.1 S2.2 S7 I1
Qingdao	pnoun	Z2
Qingyuan	pnoun	Z2
Qinhuangdao	pnoun	Z2
Qiqihar	pnoun	Z2
Qom	pnoun	Z2
Quart	pnoun	Z2
Quartell	pnoun	Z2
Quatretonda	pnoun	Z2
Quatretondeta	pnoun	Z2
que	adj	Z5 Z8
que	con	Z5 Z8
que	pron	Z5 Z8
Quebec	noun	Z2 O4.6-
quebradizo	adj	O4.5 O4.1
queda	verb	X7 T1.2
quedar	verb	M8 T2++ M6 N5.2+ A10+ A1.2+ N3.2 A5.1+ B2- S3.1 A1.1.1 X9.2+
quedó	verb	X7 T1.2
queixo	verb	F1
queja	noun	Q2.2 E2- B2-
quejar	verb	Q2.2 E2-
Quel	pnoun	Z2
Quemada	pnoun	Z2
quemagrasa	noun	B2+ K5.1
quemar	verb	O4.6+ E1 A1.5.1
Quer	pnoun	Z2
Queralbs	pnoun	Z2
quercetina	noun	O1
querer	noun	X7+ A2 S7 X2 P1
querer	verb	X7+
Quero	pnoun	Z2
Querol	pnoun	Z2
Querétaro	pnoun	Z2
quería	verb	X7+ A2 S7 X2
Quesa	pnoun	Z2
Quesada	pnoun	Z2
quesero	noun	S2 I4
quesería	noun	I4 I2
quesería-granja	port	F1/I4/H1c
queso	noun	F1
quesuco	noun	F1
Quetta	pnoun	Z2
Quicena	pnoun	Z2
quiche	noun	F1
quiebra	noun	I1.2+
quien	pron	Z8
quienes	pron	Z5 Z8
quiere	verb	X7+ A2 S7 X2
quiero	verb	X7+ A2 S7 X2
Quijorna	pnoun	Z2
quimera	noun	A1.4 A5.1 A10- X9.2-
quimérico	adj	A1.4 A5.1 A10- X9.2-
quince	num	N1
quincoagésimo	adj	N4 N5
quincoagésimo	noun	N4 N5
quincoagésimo	num	N4 N5
Quintanabureba	pnoun	Z2
Quintanaortuño	pnoun	Z2
Quintanapalla	pnoun	Z2
Quintanavides	pnoun	Z2
Quintanaélez	pnoun	Z2
Quintanilla	noun	Z2
Quinto	pnoun	Z2
quinto	adj	N4 N5
quinto	noun	N4 N5 P1
quinto	num	N4 N5
Quiroga	pnoun	Z2
Quirós	pnoun	Z2
Quismondo	pnoun	Z2
quitar	verb	A2.1 A1.8-
Quito	pnoun	Z2
quizá	adv	A7+
quizás	adv	A7+
quién	pron	Z5 Z8
Quiñonería	pnoun	Z2
qué	adj	Z5 Z8
qué	pron	Z5 Z8
Quéntar	pnoun	Z2
química	noun	P1 O1 Y1
químico	adj	S2.1 S2.2 X3 O1 P1 Y1
químico	noun	S2.1 S2.2 X3 O1 P1 Y1
r	noun	Z5
R.	noun	N4
R.	num	N4
r.	noun	N4
r.	num	N4
Rabanales	pnoun	Z2
Rabanera	pnoun	Z2
Rabat	pnoun	Z2
rabia	noun	E3-
rabo	noun	L2 F1
Rabós	pnoun	Z2
racial	adj	S5+
racimo	noun	N5+/A1.1.1
racional	adj	S1.2.6+ X2.1
racionalidad	noun	S1.2.6+ X2.1
ración	noun	N5/F1
radical	adj	G1.2 S2mf O1% N5+ A2.1 A11.1+
radicalmente	adv	A11.1+ O1% N5+ A2.1 A11.1+
radio	noun	Q4.3
Rafael	noun	Z1 S2 S9
Rafal	pnoun	Z2
Rafelbunyol	pnoun	Z2
Rafelcofer	pnoun	Z2
Rafelguaraf	pnoun	Z2
Rajadell	pnoun	Z2
Rajkot	pnoun	Z2
Raleigh	pnoun	Z2
ralentización	noun	N3.8-
ralentizar	verb	N3.8-
rallado	adj	O4.1 A2.1
ralladura	noun	O4.1 A2.1
rallar	verb	A2.1/A1.1.2
rama	noun	L3
ramaje	noun	L3
Ramiro	pnoun	Z2
Ramirás	pnoun	Z2
ramita	noun	L3 N3.2-
ramón	pnoun	Z1
Ranchi	pnoun	Z2
Rangún	pnoun	Z2
Rapariegos	pnoun	Z2
ras	noun	N3.7-
rasa	noun	N3.7- A5.1 O4.4
Rascafría	pnoun	Z2
rasgo	noun	O4.1
Rasines	pnoun	Z2
Rasquera	pnoun	Z2
Rasueros	pnoun	Z2
rata	noun	L2mfn G2.2- S2mf Q2.2 A1.9
ratificar	verb	S7.4+
ratio	noun	N2
rato	noun	T1.2 T1.1.2 N3
ratón	noun	Q1.3 L1
Rawalpindi	pnoun	Z2
raza	noun	F4 A4.1
razonable	adj	S1.2.6+ A5.1+ I1.3-
razonamiento	noun	X2.1 Q2.2 S1.2.6+
razones	noun	Q2 X2.1 S1.2.6+ X2.1
razón	noun	X2 X7 S1.2.6+
raíl	noun	Q1.2 M3
raíz	noun	L3 F1
rápido	adj	N3.8+
reaccionar	verb	A1.1.1 A6.1- B2- Y1
reacción	noun	A1.1.1 A6.1- B2- Y1
Real	pnoun	Z2
real	adj	X1 G1.2
real	adv	A5.2 I1
real	noun	I1
realidad	noun	A3 X2
realismo	noun	A3+ A1.6 C1 X2.1
realista	adj	A3+ A1.6 S1.2.6+
realización	noun	A3
realizado	adj	A1.1.1+
realizar	verb	A1.1.1+
realmente	adv	A5
reanimar	verb	A1.1.1 B3
reaparecer	verb	A10+ N6+
reaprovechar	verb	S8+ A1.5.1 S7.1+ N6+
rebaja	verb	A1.8- I1.3-
rebajar	verb	A1.8- I1.3-
rebanar	verb	A2.1/A1.1.2
rebaño	noun	F4 L1
rebelde	adj	G1.2 A6.1- S8- A6.1- G3 S2mf G1.2 A6.1- S2mf A6.1- S2mf
rebelión	noun	E3- G1.2 A6.1-
reblandecerse	verb	A2.1 X3.3
reblandecimiento	noun	A2.1/X3.3
Rebollar	pnoun	Z2
Rebollo	pnoun	Z2
rebozar	verb	A2.1 A9
recapitalización	noun	I2.1 I2.1/I1
Recas	pnoun	Z2
recepción	noun	H2
receptora	noun	A9+/S2m Q1.3
receta	noun	Q1.2
rechazar	verb	X7- A1.9 S1.1.3-
recibido	verb	S1.1.2
recibir	verb	S1.1.2
reciente	adj	T3-
recientemente	adv	T3-
Recife	pnoun	Z2
recio	noun	S1.2.5+ O4.1 S6+ X5.2+
recipiente	noun	O2
recitar	verb	Q2.2
recién	adv	T3-
reclamación	noun	Q2.2/E2-
recoger	verb	A9+ M2 B4 A2.1
recogido	adj	A9+ M2 B4 A2.1
recolección	verb	A9+ I1
recolección	noun	A1.1.1 A9 F4
recolectar	verb	A1.1.1 A9 F4
recomendación	noun	Q2.2 X2
recomendar	verb	Q2.2 E2+ S1.2.1
recompensa	noun	S1.1.4+
recompensar	verb	S1.1.4+
recomposición	noun	N5.1+ A1.1.1
reconfortante	adj	A5.1+ B3
reconocer	verb	X2.2
reconocimiento	noun	X2.2+ X2.5+ G2.1+ S1.1.1
reconstituyente	adj	B3 A5.1+
reconstrucción	noun	H1 N6+ S7.1+ A2.1 A1.1.1 X2.1 T1.1.1
reconstruir	verb	X2.1 T1.1.1 H1 N6+ S7.1+ A2.1 A1.1.1
recopilación	noun	N5+
recordar	verb	X2.2
recorrido	noun	M1 N5.1+
recortar	verb	A1.1.1 A2.1+
recorte	noun	A1.1.1 A2.1+
rectificación	noun	A5.3+/A2.1
rectificamos	verb	A5.3+/A2.1
rectificar	verb	A5.3+/A2.1
recto	adj	O4.4 A5.2+
rector	noun	P1 S2.1 S2.2 S5 S7.1
rectora	noun	P1 S2.1/S2.2 S5 S7.1
recubierto	adj	A2.1/A10
recubrir	verb	A2.1 A10
Recuerda	pnoun	Z2
recuerdo	noun	X2.2 O2
recuperación	noun	B2+ A2.1+
recuperar	verb	B2+ A2.1+
recurrente	adj	N6+
recurso	noun	G2.1 X4.2 A1.1.1 I1.1 I2.1.1 Q2.1 Q1.2
recursos	noun	I1 Y1
recíproca	adv	N2 S1.1.2+ N2%
recíproco	adj	N2 S1.1.2+ N2%
red	noun	Q1.3 A4.1 O2
redacción	noun	Q1.2
redondeado	adj	O4.4
redondear	verb	A2.1 T3
Redondela	pnoun	Z2
redondeo	noun	A2.1/T3
redondez	adj	O4.4
redondo	adj	O4.4 O4.5 X3.1
redondo	noun	F1 F1
Redován	pnoun	Z2
reducción	noun	N5- A2.1
reducido	adj	A2.1/N5-
reducir	verb	A2.1 N5-
Redueña	pnoun	Z2
reemplazar	verb	A2.1
reestructuración	noun	A2.1+ S7.1/A2.1
reestructurar	verb	A2.1+ S7.1/A2.1
referencia	noun	A5.1+++ Q2.2 Q1.2 A4.1
referente	adj	E2+ A5 A11 S3 S5
referido	adj	A2.2 S3.1 X2.5+ Q1.1
referir	verb	A2.2 S3.1 X2.5+ Q1.1
refinado	adj	O4.5 X3.1 O4.2
refinamiento	noun	O4.5/X3.1/O4.2
refinanciación	noun	I1
refinar	verb	O4.5 A2.1 O4.1
reflejado	adj	A10+ Y1 M2 X3.4 X2.1 A5.1
reflejar	verb	A10+ Y1 M2 X3.4 X2.1 A5.1
reflejo	noun	O4.3 X3.4
reflexionar	verb	X2.1
reflexión	noun	X3.4 Y1 M2 A2.2 A10+ X2.1
reforma	noun	G1 P1 A2.1+
reformar	verb	G1 P1 A2.1+
reforzado	adj	O4.1/A2.1 N5+/A2.1
reforzar	verb	S1.2.5+ S1.2.5+/A2.1
refrescante	adj	X3.1 O4.6 X3
refrescar	verb	A2.1 O4.6 X3
refrigeración	noun	O4.6-
refrigerado	adj	A2.1 O4.6-
refugio	noun	A15+/M7 A10-
regalar	verb	A9- X9.1+
regaliz	noun	L3 F1 F2 B3
Regencós	pnoun	Z2
regenerado	adj	T2+/N6+ A2.1+
regional	adj	W3 M7
regir	verb	S7.1+
registrado	adj	A5.4+
registrar	verb	X2.4 G2.1 K3 Q1.2 G2.1 Q1.2 G1.1 N3.1 A9+ A2.1+
registro	noun	Q1.2 A4
región	noun	W3 M7
regla	noun	S9 B2 B4 O2 C1 P1 N3.7 S3.2
reglamento	noun	G2.1 A1.7+ G1.1
regreso	noun	M1 A9- N6 S1.1.2+ I1.1 G1.1 Q1.2 M3 K5.1 Y2 M6
regulación	noun	G2.1 A1.7+/G1.1 A2.1+
regulado	adj	A6.2+ N6+ O4.1 I3.1 T2++ A13.3 N6+/S2mf G3/S2mf
regulador	adj	G2.1 A1.7+/G1.1
regular	adj	A6.2+ N6+ O4.1 I3.1 T2++ A13.3 N6+ S2mf G3 S2mf
regular	verb	A6.2+ A2.1 A1.7+ G1.1
regusto	noun	X3.1
rehogado	adj	F1 O4.6+/F1
Reina	pnoun	Z2
reina	noun	S7.1+ S2.1f S3.2 S2.2m K5.2
reinar	verb	G1 S7
reino	noun	M7
Reinosa	pnoun	Z2
Reinoso	pnoun	Z2
reja	noun	O2
rejilla	noun	O2
rejuvenecedor	adj	B3 T3
rejuvenecer	verb	T3-/A2.1
relacionado	adj	A2.2
relacionar	verb	A2.2 S3.1 X2.5+ Q2.1
relaciones	noun	A2.2 S3.1 X2.5+ Q2.1
relación	noun	A2.2 S3.1 X2.5+ Q2.1 X2 S2
relajado	adj	E3+ K1 A1.7-
relajante	adj	B3 A5.1
relajar	verb	E3+ K1 A1.7-
relativamente	adv	A13 A6
relativo	adj	A13.1 A6 Q3% X2.2
relevancia	noun	A1.2+ A11.1+
relevante	adj	A1.2+ A11.1+
religiosamente	adv	A1.1.1 S9
religioso	noun	S2.1 S2.2 P1 S5 A5.1 A4 A9+ A10
religión	noun	S9 P1 X2 S3 A1 A5.1 A9+ A10
rellenar	verb	N5.1+
relleno	adj	A1.8/A2.1/N5+
Relleu	pnoun	Z2
Rellinars	pnoun	Z2
Rello	pnoun	Z2
remarcar	verb	X5.1+ Q2.2 A1.1.2 A10+
remediar	verb	B2 A1.4 S7.4 S8+
remedio	noun	B2 A1.4 S7.4 S8+
remineralizante	adj	B3 O4.1
remisión	noun	N5-/A2.1 Q2.2
remitir	verb	I1.1 A9- G2.1 T2-
remojar	verb	A2.1 A1.8
remojo	noun	A2.1/A1.8
remolacha	noun	L3 F1
Remolinos	pnoun	Z2
Remondo	pnoun	Z2
remontado	adj	A2.1/M6
remontar	verb	A1.1.1
remontarse	verb	A1.1.1
remover	verb	A1.1.1 M1
remuneración	noun	I1.1
Rena	pnoun	Z2
Renau	pnoun	Z2
rendición	noun	I1.1/N5 S7.1-
rendimiento	noun	X9.2 A1.1.1
renegociado	adj	Q2.2
renegociar	verb	Q2.2
Renera	pnoun	Z2
Renieblas	pnoun	Z2
renta	noun	I1.1
rentabilidad	noun	I1.1
rento	noun	S7.1- A2.1+ A1.1.1 A9- I2.2
Reocín	pnoun	Z2
repartido	adj	M1/I2
repartir	verb	M1 I2
repasar	verb	X9 X2.4 P1
repaso	noun	X9 X2.4 P1
repentino	adj	N3.8+ A2.1+
repercusión	noun	A2.2
repetición	noun	N6+ X9 X2.4 P1 A2.1+
repetidamente	adv	N6+ X9 X2.4 A2.1+
repetido	adj	N6+ X9 X2.4 P1 A2.1+
repetir	verb	A1.1.1 N6+
replicar	verb	A6.1+ N6+
repollo	noun	L3 F1
reponer	verb	A2.1 N5+ N6+
reposar	verb	O4.6+ A2.1 T1.3
reposo	adj	O4.6+/A2.1/T1.3
repostería	noun	F1
reprensión	noun	A1.3 A5.1- E2- E6- E4.2- S8-
representación	noun	G1.1 C1 Q1.1 K1
representante	noun	A6.2+ G1.1 A4.1
representar	verb	Q1.1 S1.1.3 K4 A6.1
representativo	adj	A6.2+ G1.1 A4.1 S1.1.3 Q2.1 S2mf G1.1 S2mf I2.2 S2mf
reprimir	verb	S8- A1.3 A5.1- E2- E6- E4.2-
reprochar	verb	Q2.2 G2.2 E2- E6- E4.2-
reproducción	noun	A6.1+ A5.4- A1.1.1 N6+ S3.2 B1
republicano	adj	G1.2 G1.2 S2mf
república	noun	G1.2 S5+ M7 G1
República de côte d'ivoire	pnoun	Z2
República de guinea-bissau	pnoun	Z2
República de guinea-bisáu	pnoun	Z2
República democrática de timor-leste	pnoun	Z2
Requejo	pnoun	Z2
Requena	pnoun	Z2
requerimiento	noun	X7+
requerir	verb	X7+
requesón	noun	F1 A4.1
requisito	noun	X7+ S6+
resaltar	verb	A11.1+
reseco	adj	T3+ O4.1 X3
resentimiento	noun	E2- E6- E4.2-
reserva	noun	A1.8/A10
reservado	adj	A1.8/A10
reservar	verb	A1.8 A10
residencia	noun	H1 H4
residencial	adj	H4
residual	noun	N5.2+ X9.2- N3.2-/A2.1
resina	noun	L3 O1
resistencia	noun	S8- S1.2.5+
resistente	adj	O4.5 O4.1
resolución	noun	X6+ X9.2+ X4.2 N3.6 O4.1
resolver	verb	X6+ X9.2+
respectar	verb	A6.1- E6-
respectivamente	adv	A6.1-
respectivo	adj	A6.1-
respecto	conj	Z5 A9 A2.1
respetable	adj	S7.2+ G2.2+ S1.2.4+ A5.1+
respetar	verb	S7.2 X2
respeto	noun	S7.2+ E2+
respetuoso	adj	S7.2+ G2.2+ S1.2.4+ A5.1+
respirar	verb	B1 A3 L1
respiratorio	adj	B2 B1
responder	verb	Q2.1 X6 X2.4
responsabilidad	noun	A5 S1.1
responsable	adj	S6+ S7.1
respuesta	noun	Q1 Q2.1 X6 X2.4
restante	adj	T2++ M8 N5.2+
restar	verb	N2
restauración	verb	A2.1+
restaurante	noun	F1 H1
resto	noun	N5.2+
restricción	noun	A1.7+
restrictivo	adj	A1.7+
restructuración	noun	S7.1/A2.1 A2.1+
resucitar	verb	B3 T2+ N6+ S9 A2.1+ A11.1+ E1+ S7
resulta	verb	I1 K5.2 P1
resultado	noun	K5.2 N2 A2.2 A5 I2.1 X9.2
resultados	noun	I1 K5.2 P1 A5 A9
resultante	adj	A2.2+
resultar	verb	A8 A2.1+ O4.2+
resumen	noun	N3.8+ Q2.1
resumir	verb	Q2.2 N3.8+
resurrección	noun	B3 T2+ N6+ S9 A2.1+ A11.1+ E1+ S7
retardado	adj	N3.8- T4-
Retascón	pnoun	Z2
retención	noun	A9+
retener	verb	A9+
Retiendas	pnoun	Z2
retirar	verb	N5- M1
retomar	verb	T2+ N6+
retorcido	adj	A2.1 O4.2 O4.4
retornar	verb	M1 A9- N6 S1.1.2+ I1.1 G1.1/Q1.2 M3 K5.1 Y2 M6
retorno	noun	M1 A9- N6 S1.1.2+ I1.1 G1.1 Q1.2 M3 K5.1 Y2 M6
Retortillo	pnoun	Z2
retrasar	verb	T4-
retraso	noun	T4- P1
retronasal	adj	X3.1
Retuerta	pnoun	Z2
retíralir	verb	N5-/M1
reunir	verb	S5+
reunión	noun	S5 A1.8+
Reus	pnoun	Z2
revelación	noun	A10+
revelar	verb	A10+
Revellinos	pnoun	Z2
rever	verb	X3.4 N6 S1.1.1 N6
revigorizante	adj	B3 O4.1
Revillarruz	pnoun	Z2
revisado	adj	A5.1/A5.3
revisar	verb	A5.1 A5.3
revisión	noun	X2.4 X2.4/A5.3
revista	noun	Q4.2
revitalizante	adj	B3 O4.1
revivir	verb	B3 X5
revocación	noun	A9- T2-
revolucionario	adj	T3--- G1.2 A2.1+ M1 S7 A5 S2mf
revolución	noun	T3--- G1.2 A2.1+ M1 S7 A5
revolver	verb	A1.1.1 M1
rey	noun	S7.1+ S2.2m G1
Reyero	pnoun	Z2
Rezmondo	pnoun	Z2
Reznos	pnoun	Z2
Reíllo	pnoun	Z2
reír	verb	A2 A10 E4.1+
riachuelo	noun	W3 M4 N5+ M7 O1.2 A13.7 N3.2-
Riad	pnoun	Z2
Rialp	pnoun	Z2
Rianxo	pnoun	Z2
Riaza	pnoun	Z2
Riaño	pnoun	Z2
Ribadavia	pnoun	Z2
Ribadedeva	pnoun	Z2
Ribadeo	pnoun	Z2
Ribadesella	pnoun	Z2
Ribadumia	pnoun	Z2
Ribaforada	pnoun	Z2
Ribafrecha	pnoun	Z2
Ribatejada	pnoun	Z2
Ribeira	pnoun	Z2
ribera	noun	W3/M4
Ribesalbes	pnoun	Z2
ribete	noun	O4.4
Ribota	pnoun	Z2
ricardo	pnoun	Z1
Richmond	pnoun	Z2
Ricla	pnoun	Z2
rico	adj	X3.1 X3.5 O4.3 I1
Ricote	pnoun	Z2
ridiculizar	verb	Q2.2 S1.2.4- S7.2-
ridículo	noun	Q2mf S1.2.4- S7.2-
Riello	pnoun	Z2
Rielves	pnoun	Z2
riesgo	noun	A15- A1.4 I1 I2 I2.1.3
rigidez	noun	O4.5 S3.1- A10-
riguroso	adj	A1.7+ A4.2+
Rillo	pnoun	Z2
Riner	pnoun	Z2
Riocabado	pnoun	Z2
Riodeva	pnoun	Z2
Riofrío	pnoun	Z2
Riogordo	pnoun	Z2
Rioja	pnoun	Z2
Riola	pnoun	Z2
Riolobos	pnoun	Z2
Rionansa	pnoun	Z2
Riosa	pnoun	Z2
Riotorto	pnoun	Z2
Riotuerto	pnoun	Z2
Ripoll	pnoun	Z2
Ripollet	pnoun	Z2
riqueza	noun	I1.1+
riquísimo	adj	X3.1 A5.1+++
Risco	pnoun	Z2
risotto	noun	F1
ritmo	noun	N6 T1.1 K2 Q3
Riudarenes	pnoun	Z2
Riudaura	pnoun	Z2
Riudecanyes	pnoun	Z2
Riudecols	pnoun	Z2
Riudoms	pnoun	Z2
Riumors	pnoun	Z2
rival	noun	S7.3 S7.3+ S2mf
Rivas-Vaciamadrid	pnoun	Z2
rizada	adj	O4.4 M2 M1
rizado	adj	O4.4 M2 M1
Rizhao	pnoun	Z2
rizoma	noun	L3 B3
riñón	noun	B1 F1
rió	verb	A2 A10 E4.1+
Riópar	pnoun	Z2
Riós	pnoun	Z2
RMC	abbr	Z3c
Roa	pnoun	Z2
roa	verb	M4
Roales	pnoun	Z2
roberto	pnoun	Z1
Robladillo	pnoun	Z2
roble	noun	L3 T3 A4.1
Robleda	pnoun	Z2
Robleda-Cervantes	pnoun	Z2
Robledo	pnoun	Z2
Robledollano	pnoun	Z2
Robregordo	pnoun	Z2
Robres	pnoun	Z2
robustez	noun	S1.2.5+ O4.1 S7,1
robusto	adj	O4.5 X3.1 X3.5 O4.1
roca	noun	M1 M2 E5- K2 O2 O1.1 F1
Rocafort	pnoun	Z2
rociar	verb	A1.1.1
rocosa	adj	W3/L3
rodado	adj	M1 M2 A1.1.1
rodaja	noun	O4.4 N5 F1 F1
rodeado	adj	M6 A1.8+ A10- G3
rodear	verb	M6 A1.8+ A10- G3
Rodeiro	pnoun	Z2
Rodesia	noun	Z2
Rodezno	pnoun	Z2
rodilla	noun	B1 E3-
rodillo	noun	O2
Rodonyà	pnoun	Z2
Rodríguez	pnoun	S2 Z1
Rois	pnoun	Z2
roja	adj	O4.3
Rojales	pnoun	Z2
Rojas	pnoun	Z2
rojizo	adj	O4.3-
rojo	adj	O4.3
rol	noun	I3.1 K4 S1.1.1 A1.1.1
Rollamienta	pnoun	Z2
rollo	noun	O2 O4.4
Rollán	pnoun	Z2
Roma	noun	Z2 S9
Roma	pnoun	Z2
Romangordo	pnoun	Z2
romano	adj	Z2 Z2 S2mf T1.1.1 S2mf
Romanones	pnoun	Z2
Romanos	pnoun	Z2
Romanzado	pnoun	Z2
romero	noun	L3 F1 B3
romper	verb	A1.1.2 A1.1.1 A1.9 S5- T2- E4.1- A2.2 A2.1+ T1.3 Q2.1
romántico	adj	S3.2 Q4 S5 S3.2mf
Roncal	pnoun	Z2
roncal	adj	Z2
Roncesvalles	pnoun	Z2
Ronda	pnoun	Z2
ronda	noun	M1 M6 N5 K5.1 F2 B3 F1 K2% G3% O4.4 Z5
rooibos	noun	F2 L3 A4 B3
Roquetes	pnoun	Z2
rosa	adj	O4.3
rosa	noun	L3
rosado	adj	O4.3-
rosal	noun	L3
Rosalejo	pnoun	Z2
Rosario	pnoun	Z2
rosbif	noun	F1
rosca	noun	F1 O4.4
Roses	pnoun	Z2
Rossell	pnoun	Z2
Rosselló	pnoun	Z2
rostro	noun	B1
rosáceo	adj	O4.3-
Rota	pnoun	Z2
roto	adj	S2mf A1.1.2 A1.1.1 A1.9 S5- T2- E4.1- A2.2 A2.1+ T1.3 Q2.1
rotundo	adj	A7+ E3- N3.5+
Roturas	pnoun	Z2
Royuela	pnoun	Z2
rozar	verb	A1.1.1
Ruanda	pnoun	Z2
Ruanes	pnoun	Z2
Rubena	pnoun	Z2
Rubiales	pnoun	Z2
rubio	adj	O4.3
Rubite	pnoun	Z2
Rubiá	pnoun	Z2
Rubió	pnoun	Z2
Rubí	pnoun	Z2
rubí	adj	O4.3
Rucandio	pnoun	Z2
rudimento	noun	P1 T2 X2.5
rudo	adj	X3.3 O4.5 S1.2.4- O4.2- A5.1- S1.2.5+ S1.2.1- X9.1+
Rueda	pnoun	Z2 A4
rueda	noun	O4.4
Ruente	pnoun	Z2
Ruesca	pnoun	Z2
Ruesga	pnoun	Z2
Rugat	pnoun	Z2
rugosidad	noun	O4.5
rugoso	adj	O4.5
Ruhrgebiet	pnoun	Z2
ruibarbo	noun	L3 F1
Ruidera	pnoun	Z2
ruido	noun	X3.2+ A1.9 K2
ruidoso	adj	X3.2+ A1.9 K2
Ruiloba	pnoun	Z2
rulo	noun	O4.4
Rumania	noun	Z2
Rumania	pnoun	Z2
rumano	adj	Z2 S2.1 S2.2
Rumanía	pnoun	Z2
rumiante	noun	L2mfn S5+c
Rupià	pnoun	Z2
ruptura	noun	X9.2- A1.1.2 Q2.2 T2- B2-
rural	adj	F4/M7
Rus	pnoun	Z2
rusco	noun	L3 B3
Rusia	noun	Z2 M7 O4.6-
Rusia	pnoun	Z2
ruso	adj	Z2 Z2 S2mf Q3 O4.6-
ruso	noun	Z2 Z2 S2mf Q3 O4.6-
ruta	noun	M2 M6 X4.2
Rute	pnoun	Z2
rutina	noun	A6.2+ X4.2 K4
rutinario	adj	A6.2+
Rwanda	pnoun	Z2
Rábade	pnoun	Z2
Rábano	pnoun	Z2
Rábanos	pnoun	Z2
Ráfales	pnoun	Z2
Rágama	pnoun	Z2
Rágol	pnoun	Z2
rápido	adj	N3.8+
régimen	noun	G1.2 S7
ría	noun	W3 M4 N5+ M7 O1.2 E4.1+
rígido	adj	S2mf O4.5 S3.1- A10-
río	noun	W3 M4 N5+ M7 O1.2 Z2 M7 Z2 E4.1+
rítmico	adj	N6+ K2
Ródenas	pnoun	Z2
Róterdam	pnoun	Z2
Rótova	pnoun	Z2
rúbrica	verb	Q1.2 Q2.2
rústicamente	adv	A6.3 S1.2.4-
rústico	adj	A6.3 S1.2.4-
s	noun	Z5
S.	noun	N4
S.	num	N4
S.	pnoun	S9 S2.2 G2.2+ S2.2
s.	noun	N4
s.	num	N4
S.L.	abbr	I2
Sabadell	pnoun	Z2
sabatina	noun	P1 T1.3 Q2.1
sabe	verb	X2.2+ X2.3
saber	noun	X2.2+ P1 X2.3
saber	verb	X2.2+ P1 X2.3
Sabero	pnoun	Z2
Sabiote	pnoun	Z2
Sabiñán	pnoun	Z2
Sabiñánigo	pnoun	Z2
sabor	noun	X3.1
saborear	verb	X3 X3.1
sabroso	adj	X3.1
sabía	verb	X2.2+ P1 X2.3
sacapuntas	noun	O2 P1
sacar	verb	N5- M2 A1.8-
Sacañet	pnoun	Z2
Sacecorbo	pnoun	Z2
Saceda-Trasierra	pnoun	Z2
Sacedón	pnoun	Z2
sacerdote	noun	S2.1 A4.1 S9 A9- S1.1.3
sacerdotisa	noun	S2.2 A4.1 S9 A9- S1.1.3
Saceruela	pnoun	Z2
saciante	adj	B3 O4.1 N5.2
Sacramenia	pnoun	Z2
sacramental	adj	S9 N6 S1.1.3 A2.2+
Sacramento	pnoun	Z2
sacramento	noun	S9 N6 S1.1.3 A2.2+
sacrificar	verb	S9 A9- X7
sacrificio	noun	S9 A9- X7
sacristán	noun	S9 S2.1 S8
sacristía	noun	S9 H2
Sada	pnoun	Z2
Saelices	pnoun	Z2
Sagra	pnoun	Z2
sagrado	adj	S9 S7.2+
sagrario	noun	S9 H5 S7.2+
Sagunt	pnoun	Z2
Sagunto	pnoun	Z2
Sagàs	pnoun	Z2
Sahagún	pnoun	Z2
Sahún	pnoun	Z2
Sajazarra	pnoun	Z2
sal	noun	F1 O1.1
sal	verb	F1 O1.1 X3.1+ M1 A10+
sal#ir	verb	M1 A10+
sala	noun	H1 M7 Z1
salado	adj	X3.1
Salamanca	noun	Z2 M7
Salamanca	pnoun	Z2
salamantino	adj	Z2 S2.1 S2.2
salami	noun	F1
Salar	pnoun	Z2
salar	verb	A2.1 F1
Salares	pnoun	Z2
salarial	adj	I1.1 I1.1/I3.1
salario	noun	I1.1 I1.1/I3.1
Salas	pnoun	Z2
Salce	pnoun	Z2
Salcedillo	pnoun	Z2
salchicha	noun	F1
Saldaña	pnoun	Z2
Saldeana	pnoun	Z2
Saldes	pnoun	Z2
saldo	noun	I1
Salduero	pnoun	Z2
Saldías	pnoun	Z2
Saldón	pnoun	Z2
Salem	pnoun	Z2
salida	noun	A10+ M7 M1 H2
Salillas	pnoun	Z2
Salinas	pnoun	Z2
salir	verb	A10+ M7 M1
Sallent	pnoun	Z2
Salmeroncillos	pnoun	Z2
Salmerón	pnoun	Z2
salmo	noun	S9 E4 K2
Salmoral	pnoun	Z2
salmuera	noun	F1/O4.1 O1.2
Salobral	pnoun	Z2
Salobre	pnoun	Z2
Salobreña	pnoun	Z2
Salomó	pnoun	Z2
Salorino	pnoun	Z2
Salou	pnoun	Z2
salpicar	verb	M4 X3.2/O1.2 O1.2/N5- Q4.2/A11.2+
salpimentar	verb	A2.1 F1
salsa	noun	F1
salsear	verb	A2.1 F1
Salt	pnoun	Z2
salteada	adj	A2.1/F1
salteado	adj	A2.1
salteado	noun	F1
saltear	verb	A2.1 F1
Salteras	pnoun	Z2
salterio	noun	S9 K2 S2.2 Q4.1
Saltillo	pnoun	Z2
salud	noun	A1.3 A3 A15 B2
saludable	adj	A1.3 A3 A15 B2
saludo	noun	Q2.2 S1.2.4+ E1 X3
Salvacañete	pnoun	Z2
Salvadiós	pnoun	Z2
salvado	noun	F1 O1.1
salvador	adj	S8
salvaguardar	verb	A15+
Salvaleón	pnoun	Z2
salvar	verb	F1/O1.1
Salvatierra	pnoun	Z2
salvia	noun	L3 F1 B3
salvo	adj	E4.1 A15
salvo	conj	Z5
salón	noun	H2
Samaniego	pnoun	Z2
Samara	pnoun	Z2
Samboal	pnoun	Z2
Samoa	pnoun	Z2
Samos	pnoun	Z2
san	noun	S9 S2 A4.1
Sanaüja	pnoun	Z2
Sancedo	pnoun	Z2
Sanchidrián	pnoun	Z2
Sanchonuño	pnoun	Z2
Sanchorreja	pnoun	Z2
Sanchotello	pnoun	Z2
sancionado	adj	G2.1
sancionador	adj	G2.1
sancionadora	adj	G2.1
sanción	noun	G2.1
Sancti-Spíritus	pnoun	Z2
Sandiás	pnoun	Z2
Sando	pnoun	Z2
sandwich	noun	F1
saneado	adj	B4
saneamiento	noun	B4
sanear	verb	B4
Sangarcía	pnoun	Z2
Sangarrén	pnoun	Z2
sangre	noun	B2 O4.3
sangriento	adj	A13.3 Z4 B1 B2 O4.3
Sangüesa	pnoun	Z2
sanidad	noun	B2/B3/G1.1
sanitario	adj	B4 B4/S2
sano	adj	B2+ X9.2+ A5.1+
Sansol	pnoun	Z2
santa	adj	S9 S2.2 A4.1 A5.1+ E5+ S1.1.1
santa	noun	S9 S2.1 G2.2+ S2.1 A5.1+++ A4.1 E6
Santacara	pnoun	Z2
Santaella	pnoun	Z2
Santander	noun	Z2 M7
Santander	pnoun	Z2
santanderino	adj	Z2 S2.1 S2.2
Santanyí	pnoun	Z2
Santed	pnoun	Z2
Santesteban	pnoun	Z2
Santiago	noun	Z2 M7 S9
Santiago	pnoun	Z2
Santiago-Pontones	pnoun	Z2
santidad	noun	S9 S2.1 A4.1 A5.1+ E5+ S1.1.1
Santiponce	pnoun	Z2
Santiso	pnoun	Z2
Santiuste	pnoun	Z2
Santiz	pnoun	Z2
santo	adj	S2 S9
santo	noun	S9 S2.2 G2.2+ S2.2 A5.1+++ A4.1 E6
Santomera	pnoun	Z2
santoral	noun	S9 A4.1 S1.1.1 Q4.2
Santorcaz	pnoun	Z2
Santos	pnoun	Z2
Santovenia	pnoun	Z2
Santoyo	pnoun	Z2
Santoña	pnoun	Z2
Santpedor	pnoun	Z2
santuario	noun	S9 H1
Santurdejo	pnoun	Z2
Santurtzi	pnoun	Z2
Sanxenxo	pnoun	Z2
Sanzoles	pnoun	Z2
Saná	pnoun	Z2
saponina	noun	O1
Sapporo	pnoun	Z2
sardina	noun	F1 L2
SAREB	pnoun	Z3c
sargento	noun	G3 S7.1+ S2mf G2.1 S2mf
Saria	noun	Z2 G1 G2 S9
Sariego	pnoun	Z2
Sariegos	pnoun	Z2
Sariñena	pnoun	Z2
Saro	pnoun	Z2
Sarracín	pnoun	Z2
Sarral	pnoun	Z2
Sarreaus	pnoun	Z2
Sarria	pnoun	Z2
Sarriés	pnoun	Z2
Sarrión	pnoun	Z2
sarta	noun	N5 N4
Sartaguda	pnoun	Z2
Sartajada	pnoun	Z2
sartar	verb	N5 N4
Sartze	pnoun	Z2
sartén	noun	O2
Sarátov	pnoun	Z2
Sasamón	pnoun	Z2
satisfacción	noun	E4.2+ A5.1+
satisfacer	verb	E4.2+ A1.2+
satisfactorio	adj	E4.2+ A5.1+ A1.2+
satisfecho	adj	E4.2+ A1.2+
saturada	adj	O4/N5.1
saturado	adj	O4 N5.1
Saturno	noun	Z1 W1
Saucedilla	pnoun	Z2
Saucelle	pnoun	Z2
sauco	noun	L3
Saus, Camallera I Llampaies	pnoun	Z2
Sauvignon	noun	Z2
Sax	pnoun	Z2
Sayalonga	pnoun	Z2
Sayatón	pnoun	Z2
sazonador	noun	F1
sazonar	verb	A2.1 F1
sazón	verb	F1
Saúca	pnoun	Z2
saúco	noun	L3 B3
se	pron	Z5 Z8 S1.1
sea	verb	A3+
sean	verb	A3+
Seattle	pnoun	Z2
Sebastián	noun	Z2 M7
SEBC	verb	Z3c
sebo	noun	F1 O1.1
Sebúlcor	pnoun	Z2
SEC	abbr	A2.1/T2/A2.2
secadero	adj	O1.2- O1.2-/H1 O1.2-/H1/F1
secado	adj	A1.1.1 O1.2-
secante	adj	O4.5 X3.1 X3.3
secar	verb	A1.1.1 O1.2-
Secastilla	pnoun	Z2
sección	noun	N5.1-
seco	adj	O4.1 A5
secretamente	adv	A10 S7.4 Z5
secretario	noun	I3.2 S2mf S7.1+ S2mf G1
secreto	adj	A10- S7.4 G1
secreto	noun	A10-
secta	noun	S2 A5.1- A4.1 S9-
sectario	adj	S2 A5.1- A4.1 S9- A1.9 A1.8-
sectarismo	noun	S2 A5.1- A4.1 S9- A1.9 A1.8-
sector	noun	I1 H1
sectores	noun	I1 H1
sectorial	adj	I4
secuencia	noun	N4 K2 Y1% Q4.3% S9%
secular	adj	S9 A5.1 S5 A3 T1.1
secularismo	noun	S9 A5.1 S5 A3 T1.1
secularmente	adv	S9 A5.1 S5 A3 T1.1
secundaria	adj	P1 A11.1 B2 T1.3
secundariamente	adv	P1 A11.1 B2 T1.3 Z5
secundario	adj	N4
sed	noun	B1 F2 X7+ O1-2-
seda	noun	O1.1 B5 G2.1 S2mf%
sedante	adj	B3 O4.1
sedante	verb	B3/O4.1
Sedaví	pnoun	Z2
sede	noun	S7.1+/H1c
Sedella	pnoun	Z2
Sediles	pnoun	Z2
sedoso	adj	X3.1 O4.5 O4.2
Segart	pnoun	Z2
seglar	adj	S2.1  S2.2 S9 A4.1 T1.1
segmento	noun	N5.1-
Segorbe	pnoun	Z2
Segovia	pnoun	Z2
seguidamente	adv	N3.8+ T1.1.2/A11.1+ N4
seguido	adj	A1.1.1 A3 M1 Y2
seguimiento	noun	X2.4
seguir	verb	A1.1.1 A3 M1 Y2
segundo	adj	N4
segundo	noun	S7.3 N4
segundo	num	N4
Segura	pnoun	Z2
seguramente	adv	A7+
seguridad	noun	G1 A5 A15+ X2
Segurilla	pnoun	Z2
seguro	adj	A7+
seguro	noun	I1 A15+ A5.1+
según	prep	Z5 A9 S1.1
Seira	pnoun	Z2
seis	adj	N1 T3 T1.2
seis	num	N1 T3 T1.2
Selas	pnoun	Z2
Selaya	pnoun	Z2
seleccionado	adj	X7+
seleccionar	verb	X7+
selección	noun	X7+
selecto	adj	X7+ A5.1+
Sella	pnoun	Z2
sellar	verb	A2.1 Q1.2
Sellent	pnoun	Z2
Selva	pnoun	Z2
semana	noun	N6+ T1.1 T1.3
semanal	adj	N6+ T1.1 T1.3 Q4.2
semanas	noun	N6+ T1.1 T1.3 Q4.2
Semarang	pnoun	Z2
sembrar	verb	F4 A1.1.1
semestral	adj	T1.3 P1
semestralmente	adv	T1.3 P1 Z5
semestre	noun	P1 T1.3
semi-amargo	adj	X3.1
semi-blando	adj	O4.5 X3.3
semi-duro	adj	O4.5 X3.3
semi-extensivo	adj	A1.5.2+
semicurado	adj	T3 X3.5 X3.1
semidesnatado	adj	O4.1 A4
semielasticidad	noun	A2.1+ O4.5
semifermentado	adj	A2.1
semilla	noun	L3 F1
Semillas	pnoun	Z2
seminario	noun	P1
Sempere	pnoun	Z2
sen	noun	L3 F2 B3
Sena	pnoun	Z2
senado	adj	S7.1+
senador	noun	G1.2 S2mf
Senan	pnoun	Z2
Sencelles	pnoun	Z2
sencha	noun	F2 L3 A4 B3
sencillamente	adv	A13.6 A14 A12+ O4.1 S1.2
sencillez	noun	A13.6 A14 A12+ O4.1 S1.2
sencillo	adj	O4.2 X3 A12+
senda	noun	M3 M1 M6
Sendai	pnoun	Z2
Senegal	pnoun	Z2
Senija	pnoun	Z2
Seno	pnoun	Z2
seno	noun	Z2
sensacional	adj	A5.1 X3
sensación	noun	X3
sensibilidad	noun	X2.5+ E1 O4.1 B2-
sensiblemente	adv	A11.2+ A11.1+ A13.3 A12+
sensual	adj	X3 O4.2
sentado	adj	M8
Senterada	pnoun	Z2
sentido	noun	X2 M6
sentimental	adj	S2mf E1+ S1.1.2+ S3 X2.1
sentimiento	noun	E1 E1+ S1.1.2+ S3 X2.1
sentir	noun	E1 X3 X2.1
Sentmenat	pnoun	Z2
Senyera	pnoun	Z2
Senés	pnoun	Z2
separación	noun	A6.1- S3.1-
separado	adj	A6.1- S3.1-
separar	verb	A6.1- S3.1-
septiembre	noun	T1.3
septuagésimo	adj	N4 N5
septuagésimo	noun	N4 N5
septuagésimo	num	N4 N5
Sepulcro-Hilario	pnoun	Z2
Sepúlveda	pnoun	Z2
Sequeros	pnoun	Z2
sequía	noun	W4
sequía	noun	W4
ser	noun	A3+ L1 Z5 X2.4
ser	verb	A3+ L1 Z5 X2.4
Serang	pnoun	Z2
Serbia	pnoun	Z2
seriamente	adv	A13.3 Z4 E4.1-
serie	noun	N4c Q4.3c I4 K1
seriedad	noun	A11.1+ A15- E4.1-
serigrafiado	adj	Q1.2
Serinyà	pnoun	Z2
serio	adj	A11.1+ A15- E4.1- E6- S2mf
sermonear	verb	S9 Q2 A5.1- E2-
sermón	noun	S9 Q2 E2-
serpentear	verb	M1 M2 O4.4 A2.1+
serpiente	noun	L2mfn A15-E6-
Serra	pnoun	Z2
Serrada	pnoun	Z2
Serradilla	pnoun	Z2
Serranillos	pnoun	Z2
Serrato	pnoun	Z2
Serrejón	pnoun	Z2
servicio	noun	B4 H2 I2.2 S8+ G1 S7.1- A1.1.1 I3.1
servicios	noun	I1 S8+ G1
servido	adj	A1.1.1/M1
servidor	noun	S7.1- S2mf S8+
servir	verb	A1.1.1 M1
será	verb	A3+ L1 Z5
serán	verb	A3+ L1 Z5
sería	verb	A3+ L1 Z5
Seròs	pnoun	Z2
Serón	pnoun	Z2
Sesa	pnoun	Z2
sesenta	adj	N1 T3+
sesenta	num	N1 T3+
Seseña	pnoun	Z2
sesgado	adj	O4.4 S5+
sesión	noun	T1.3
Sesma	pnoun	Z2
sesquiterpeno	noun	O1
Sestao	pnoun	Z2
Sestrica	pnoun	Z2
Sesué	pnoun	Z2
seta	noun	F1 L3
Setcases	pnoun	Z2
setenta	adj	N1 T3+ T1.2
setenta	nm	N1 T3+ T1.2
Setiles	pnoun	Z2
Seva	pnoun	Z2
severo	adj	A5.1- S1.2.5+ S1.2.1- O4.2-
Sevilla	noun	Z2
Sevilla	pnoun	Z2
sevillano	adj	Z2 S2.1 S2.2 E4.1+
sexagésimo	adj	N4 N5
sexagésimo	noun	N4 N5
sexagésimo	num	N4 N5
sexo	noun	L2 S2 S3.2+ E1
sexto	adj	N4 N5
sexto	noun	N4 N5 P1
sexto	num	N4 N5
sexual	adj	L2 S3.2+ E1
Seychelles	pnoun	Z2
señalar	verb	Q1.1 M6 O4.2-
señaló	verb	Q1
señor	noun	S7.1+++ S2.2 S9
señora	noun	S7.1+++ S2.1 S9
Seúl	pnoun	Z2
Shanghái	pnoun	Z2
Shantou	pnoun	Z2
Sheffield	pnoun	Z2
Shenyang	pnoun	Z2
Shijiazhuang	pnoun	Z2
Shiraz	pnoun	Z2
Shizuoka	pnoun	Z2
SHSDB	pnoun	Z3c
si	conj	Z5 Z7
sibarita	noun	F1/S2mf
Siberia	noun	Z2 O4.6-
Sicilia	noun	Z2 M7 E3 E5 G2 A15-
siciliano	adj	Z2 S2.1 S2.2 E3 E5 G2 A1.3+ A15-
Sidamon	pnoun	Z2
sido	adj	A3+
sido	verb	A3+
sidra	noun	F2
siempre	adv	Z5 T1.1
siendo	verb	A3+
Sienes	pnoun	Z2
Siero	pnoun	Z2
Sierro	pnoun	Z2
siete	adj	N3 N1 T3 T1.2
siete	num	N3 N1 T3 T1.2
Sigeres	pnoun	Z2
sigla	noun	Q3
siglo	noun	T1.3
significado	noun	X2.1 A11.1+ Q3 X7+
significar	verb	Q1.1 X7+
significativamente	adv	A11.1+ N5+
significativo	adj	A11.1+ N5+
sigue	verb	A3 M1
siguiente	adj	N4 M1
Sigüenza	pnoun	Z2
Sigüés	pnoun	Z2
silencio	noun	X3.2- A10- Q1
Siles	pnoun	Z2
Silla	pnoun	Z2
silla	noun	H5 O2
Silleda	pnoun	Z2
Sils	pnoun	Z2
silvestre	adj	E3- X5.2+ A1.7- L1 O4.2- A6.2- A7- W3 L2
Simancas	pnoun	Z2
simbólico	adj	A6.2+ Q1.1 X4.1 M2 A5.4- A5.1-
similar	adj	A6.1+
simple	adj	A12+ O4.1 X9.1-
simple	fw	A4
simplemente	adv	A13.6
simplificar	verb	A12+/A2.1
simultanear	verb	T1.1.2 S1.1.3
simultáneamente	adv	T1.1.2 S1.1.3 Z5
simultáneo	adj	T1.1.2 S1.1.3
sin	prep	Z6 Z5
sinagoga	noun	S9 H1
Sinarcas	pnoun	Z2
sinceramente	adv	A5.2+ A5.4+ S1.1.3
sinceridad	noun	A5.2+ A5.4+ S1.1.3
sincero	adj	A5.2+ A5.4+ S1.1.3
Sineu	pnoun	Z2
Singapur	pnoun	Z2
Singra	pnoun	Z2
singular	adj	A6.2
singularidad	noun	A6.2 N5---
siniestro	adj	G2.2- A5.1- M6%
Sinlabajos	pnoun	Z2
sino	conj	Z5 A10- A2.2- A6.1-
sintetizar	verb	Q2.2
sintético	adj	A1.8+ A5 O1 P1 X2.5
siquiera	conj	Z5 A1.9
Siria	noun	Z2 M7
Siria	pnoun	Z2
sirio	adj	Z2 S2.1 S2.2
sirope	noun	O1.2 F1
Siruela	pnoun	Z2
Sisamón	pnoun	Z2
Sisante	pnoun	Z2
sistema	noun	X4.2 G2 I1 O3 Y2 B1 N2 G1.1c I2
sistemas	noun	I2 G2. X4.2 O3 M3 M4 Q1.3 Y2 B1 N2 G1.1c I1
sistemático	adj	X4.2 N4 X2.4
sistémica	adj	N5.1 X4.2 B3
sistémico	adj	N5.1 X4.2 B3
Sitges	pnoun	Z2
sitio	noun	M7
situación	noun	A3+ M6 M7
situado	adj	A1.1.1
situar	verb	A1.1.1
Siurana	pnoun	Z2
Siétamo	pnoun	Z2
Smith	pnoun	Z3
SNCE	abbr	Z3c
so	prep	Z5
Soba	pnoun	Z2
Sober	pnoun	Z2
soberanía	noun	S7.1+
Sobradiel	pnoun	Z2
Sobradillo	pnoun	Z2
Sobrado	pnoun	Z2
sobrante	adj	N5.2+
sobrasado	adj	F1
sobre	noun	O2 I1---
sobre	prep	M6 Z5
Sobremunt	pnoun	Z2
sobrepeso	noun	B2
sobresaliente	adj	A13 A13.2 S2.1 S2.2 P1 A5 A11.1
sobresalientemente	adv	A13 A13.2 Z5 P1 A5 A11.1
Sobrescobio	pnoun	Z2
sobrino	noun	S4m
sobrio	adj	O4.2 N5 F2 S1.2.6+ E4.1-
social	adj	A1 S1.1.1 I1.1 G1.1 L1 X2 S2mf
sociales	adj	A1 S1.1.1 I1.1 G1.1 L1 X2 S2mf
socialista	adj	G1.2
socialmente	adv	A1 S1.1 I1.1 G1.1 L1 X2
sociedad	noun	S2 S5+c I2.1 G1.2 S3.1
socio	noun	S5+c A6.1+/X2.1 P1 G1 S3
Socovos	pnoun	Z2
socrático	adj	X2 X2.4 P1
Socuéllamos	pnoun	Z2
sodio	noun	O1
sofisticado	adj	O4.2 A5.1+
sofreír	verb	A2.1 O4.6
sofrito	noun	A2.1/O4.6/F1
software	noun	Y2
Sofía	noun	Z1 Z2 M7
Sofía	pnoun	Z2
soja	noun	F1 L3
Sojuela	pnoun	Z2
sol	noun	K1 W4 W1 W2 W4 Z3 M5 O1 B2+ N3.2+ O1.3
sola	adj	A14 A1.8- A1.9 S1.1.3-
solamente	adv	A14 S1.2.3 A1.8- A1.9 S1.1.3-
solana	nnoun	W4 W4/M7
Solapur	pnoun	Z2
solar	noun	W1 W2 O3 H1
Solarana	pnoun	Z2
soldado	noun	A1.1.1 G3 G3 S2mf I2
soleado	adj	W4
solemne	adj	O4.2 A5.2+
soler	verb	A6.2+
solicitar	verb	S7.1+ Q1.2 S7.1+ Q2.2
solicitud	noun	Q2.1 Q1.2
solidago	noun	L3 B3
Soliedra	pnoun	Z2
Solimania	pnoun	Z2
Solivella	pnoun	Z2
Sollana	pnoun	Z2
solo	adj	A14 S5- N5--- S5- S3.2-
solo	adv	A14
solomillo	noun	F1 F1
Solosancho	pnoun	Z2
Solsona	pnoun	Z2
soltar	verb	A1.1.1
solubilidad	noun	O4.1/O1.2
soluble	adj	O4.1
solucionar	verb	X2.4 A1.5.2+
solución	noun	X2.4 A1.5.2+
solvencia	noun	I1.1+
Solórzano	pnoun	Z2
Somalia	noun	Z2
Somalia	pnoun	Z2
someter	verb	A1.1.1 S7.1+ S7.2-
sometido	adj	A1.1.1 S7.1+ S7.2-
sometimiento	noun	A1.1.1 S7.1+ S7.2-
Somiedo	pnoun	Z2
somnífero	noun	B3
Somolinos	pnoun	Z2
Somontín	pnoun	Z2
somos	verb	A3+ L1 Z5
Somosierra	pnoun	Z2
son	verb	A3+ L1 Z5
Sondika	pnoun	Z2
Soneja	pnoun	Z2
sonido	noun	X3.2
sonreír	verb	E4.1+ A1.4+
sonriente	adj	S2mf E4.1+ A1.4+
sonrisa	noun	E4.1
Sonseca	pnoun	Z2
sopa	noun	F1
Sopeira	pnoun	Z2
Sopela	pnoun	Z2
sopera	adj	O2
soporte	noun	M2 S8+ S1.2.5+ M7 E2+ A8 A9+ A1.1.1
Soportújar	pnoun	Z2
Sopuerta	pnoun	Z2
Sora	pnoun	Z2
Sorbas	pnoun	Z2
sorber	verb	A1.1.1
sorbo	verb	F2
Sordillos	pnoun	Z2
Soria	noun	Z2
Soria	pnoun	Z2
soriano	adj	Z2 S2.1 S2.2
Soriguera	pnoun	Z2
Sorihuela	pnoun	Z2
Sorlada	pnoun	Z2
sorprendente	adj	X2.6-
sorprender	verb	X2.6-
sorprendido	adj	X2.6-
sorpresa	noun	X2.6-
Sort	pnoun	Z2
Sorvilán	pnoun	Z2
Sorzano	pnoun	Z2
Soses	pnoun	Z2
sospecha	noun	X2.1 A5.1- A7 G2.1- N5---
sospechoso	adj	X2.1 A5.1- A7 G2.1- N5---
sostenibilidad	noun	T2++
sostenible	adj	T2++
sostenido	adj	T2++
Sotalbo	pnoun	Z2
Sotillo	pnoun	Z2
sotobosque	noun	W3 W5
Sotodosos	pnoun	Z2
Sotorribas	pnoun	Z2
Sotosalbos	pnoun	Z2
Sotoserrano	pnoun	Z2
Sotragero	pnoun	Z2
Sotresgudo	pnoun	Z2
Sotés	pnoun	Z2
soufflé	noun	F1
Southampton	pnoun	Z2
Soutomaior	pnoun	Z2
soy	verb	A3+ L1 Z5
soñar	verb	X2 X2.1 X7++
Sr.	pnoun	S2.2
Sra.	pnoun	S2.1
SRI	abbr	Z3c
Srinagar	pnoun	Z2
Sta.	pnoun	S9 S2.1 G2.2+ S2.1
STC	abbr	Z3c
stevia	noun	F1 L3
Stockton	pnoun	Z2
stuileza	noun	A11.2- X9.1+
Stuttgart	pnoun	Z2
su	adj	Z5 A9+
Suances	pnoun	Z2
suave	adj	X3.1 X3.3 O4.5
suavemente	adv	E3+ X3.2 O4.3
suavidad	noun	O4.1
Suazilandia	noun	Z2
Suazilandia	pnoun	Z2
subasta	noun	I2.2
subcampeón	noun	S7.3
subcomisión	noun	S7.1+/S5+c
subgobernador	noun	S7.1+/S2mf
subida	noun	M1/M6
subir	verb	M1 M6
Subirats	pnoun	Z2
subjetivo	adj	E1 X2
sublíneo	adj	O4.4 A4.1 Q1.3 X4.2 Q3 Q1.2 Q2.1/K4 S7.1
subordinado	adj	S7.1-
subsector	noun	I1 H1
subterráneo	adj	M3c G2.1- S5+c A10- M6 G2.1-
subyacente	adj	A10-
suceder	verb	A2.1+ A3+ X7-
sucesivo	adj	N4
sucralosa	noun	O1
suculento	adj	X3.1+
sucursal	noun	S5+c I2.1/H1c
Sudanell	pnoun	Z2
sudanés	adj	Z2 S2.1 S2.2
sudar	verb	B1 F1 O1.2 O4.6+
Sudáfrica	pnoun	Z2
Sudán	noun	Z2
Sudán	pnoun	Z2
Sueca	pnoun	Z2
Suecia	noun	Z2
Suecia	pnoun	Z2
sueco	adj	Z2 S2.1 S2.2
Suellacabras	pnoun	Z2
suelo	noun	M7 W5
suelto	adj	A1.7- A9- N3.2+ A4.2- G2.2- B2-
Suera	pnoun	Z2
Sueras	pnoun	Z2
suero	noun	F2 O1.2 B3
suerte	noun	I1 A1.4+
sueño	noun	B3 T1.3
suficiencia	noun	N5.1+ X9.1
suficiente	adj	A13 A14.4 S2 A5 A6 P1 N5
suficiente	noun	A13 A14.4 S2 A5 A6 P1 N5
suficientemente	adv	A13.3 A14.4 S2 A5 A6 N5
suflé	noun	F1
Suflí	pnoun	Z2
sufrido	adj	S2mf E4.1- B2- X3 A5.1- A2.1 S7.4+
sufrimiento	noun	E4.1- B2- X3 A5.1- A2.1 S7.4+
sufrir	verb	E4.1- B2- X3 A5.1- A2.1 S7.4+
sugerencia	noun	Q2.2
sugerir	verb	Q2.2
suicidio	noun	L1- A3-
Suiza	noun	Z2 O4.6-
Suiza	pnoun	Z2
suizo	adj	Z2 Z2 S2mf Z2 S2mfnc
sujeto	adj	M2 A1.1.1 X2.1 S7.1+ A1.7+ X6+ X5.1+ A15+ A1.7+
Sukarrieta	pnoun	Z2
sulfito	noun	O1
sulfuroso	adj	O1
Sumacàrcer	pnoun	Z2
sumar	verb	N5++ N2
sumergir	verb	M2 X5.2 M1
sumidad	noun	N5.1- Q2
suministrado	adj	A9-
suministro	noun	A9-
Sunbilla	pnoun	Z2
suntuoso	adj	X3 O4 A5.1
Sunyer	pnoun	Z2
superar	verb	X9.2+ X9.2+/S7.3 A5.1++
superficial	adj	A4.2- A8 S1.2 A11.1-
superficie	noun	N3.6 M7
superior	adj	A2 A5.1 A6.1 P1 S7.1 S2.1 S2.2 S5 S7 E1
superioridad	noun	A5.1++ S7.1++ S1.2.3+ A6.1-
superiormente	adv	A5.1++ S7.1++ S1.2.3+ A6.1-
supermercado	noun	I2.2 M7
supersticioso	adj	S9 X2.1 A5.1-
superstición	noun	S9 X2.1 A5.1-
supervisada	adj	S7.1+
supervisar	verb	S7.1+
supervisión	noun	S7.1+
supervisor	adj	S7.1+
supervivencia	noun	A3+ T2++ L1+
superávit	noun	N5.2+ I2
suponer	verb	X2.1 A5.2
supremo	adj	A5.1+++ S7.1+++
supuesto	noun	X2
Suqian	pnoun	Z2
sur	noun	M6 W3
Surabaya	pnoun	Z2
Surakarta	pnoun	Z2
Surat	pnoun	Z2
sureste	noun	M6 M7
surgir	verb	T2 M2
Surinam	pnoun	Z2
Suriname	pnoun	Z2
surtido	adj	A9-
sus	adj	Z5 A9
Susa	pnoun	Z2
susceptible	adj	S1.2.5- E6-
suscitar	verb	A2.2
suscrito	adj	Q4.2/I2.2 Q1.2 X2.1/A6.1+
suspender	verb	A5.1 A1.9 A1.1.1 X2.4 P1 E6-
suspendido	adj	A5.1 A1.9 A1.1.1 S2.1 S2.2. X2.4 E6-
suspirar	verb	Q2.2 X3.2 E4.1-
Susqueda	pnoun	Z2
sustancial	adj	N3.2+ A11.1+
sustancioso	adj	O4.1
sustantiva	adj	Q3
sustentado	adj	S8+ A1.1.1 K5.1 I1.1 A10+
sustituir	verb	A2.1
sustituto	noun	A2.1 O1
sutil	adj	X3.1 X3.5 O4.5 A5
suyo	pron	A9 N5 Z8
Swazilandia	pnoun	Z2
sábado	noun	T1.3
Sádaba	pnoun	Z2
sánchez	pnoun	Z1
Sástago	pnoun	Z2
sé	verb	Z5 A3+ X2.2 X2.3
séptimo	adj	N4 N5
séptimo	noun	N4 N5 P1
séptimo	num	N4 N5
sésamo	noun	L3 F1
sí	adv	Z5 Z8 A5.2
sí	pron	Z5 Z8 A5.2
Sídney	pnoun	Z2
símbolo	noun	A6.2+ Q1.1 X4.1 M2
síndrome	noun	B2- A1.9
síntesis	noun	A1.8+ A5 Y1 O1 X2.5 X2.4
síntoma	noun	B2- A4.2+
sódico	adj	O1.1
sólido	adj	O1.1 O4.5
Sóller	pnoun	Z2
sólo	adv	A14 A1.8- A1.9 S1.1.3-
sótano	noun	H2 M7 A10- W2-
súbito	adj	N3.8+
Súria	pnoun	Z2
t	noun	Z5
T.	noun	N4
T.	num	N4
t.	noun	N4
t.	num	N4
tabaco	noun	L3 F3
Tabernas	pnoun	Z2
Taberno	pnoun	Z2
tabla	noun	O1.1 F1
Taboada	pnoun	Z2
Taboadela	pnoun	Z2
Tabriz	pnoun	Z2
Tabuenca	pnoun	Z2
Tacoronte	pnoun	Z2
tacto	noun	X3.3
Tafalla	pnoun	Z2
Tagamanent	pnoun	Z2
Tahal	pnoun	Z2
Taian	pnoun	Z2
Taichung	pnoun	Z2
Tailandia	noun	Z2 M7
Tailandia	pnoun	Z2
tailandés	adj	Z2 S2.1 S2.2mf
Tainan	pnoun	Z2
Taipéi	pnoun	Z2
taiwanés	adj	Z2
Taiyuan	pnoun	Z2
Taizhou	pnoun	Z2
Tajahuerce	pnoun	Z2
Tajueco	pnoun	Z2
tal	adj	Z5 S3
Talamanca	pnoun	Z2
Talamantes	pnoun	Z2
Talarn	pnoun	Z2
Talarrubias	pnoun	Z2
Talavera	pnoun	Z2
Talaván	pnoun	Z2
Talayuela	pnoun	Z2
Talayuelas	pnoun	Z2
Tales	pnoun	Z2
tales	adj	Z5 S3 Z1
tales	noun	Z5 S3 Z1
talismán	noun	S9 A5.1 O1
tallo	noun	L3
Talveila	pnoun	Z2
Tamajón	pnoun	Z2
Tamames	pnoun	Z2
Tamarón	pnoun	Z2
tamaño	noun	N3.2 N3.4 N3.1 O4.1
también	adv	N5++ Z5
tambor	noun	K2 O2 X3.2 A1.1.1 Q2.2 A1.9 E3-
tamizada	adj	A2.1
tamizado	adj	O4.5
tamizar	verb	A2.1
Tampa	pnoun	Z2
Tampico	pnoun	Z2
tampoco	adv	Z5 A6 N5 A3-
Tamurejo	pnoun	Z2
tan	adj	Z5 A13 A6 N5
Tanarrio	pnoun	Z2
tanatorio	noun	H1 A10.1- A5.1- B2- L1- O2
Tangshan	pnoun	Z2
tanino	noun	O1
tanque	noun	O2 N3.4
tanto	adj	A13.3 N6+ N5.1
tanto	adv	Z5 A6.1 A13 N5 N3.1 T1.3+
tanto	conj	Z5 A6.1 A13 N5
tanto	noun	N5+++ T1.3
Tanzania	noun	Z2 M7
Tanzania	pnoun	Z2
Tanzanía	pnoun	Z2
tapa	noun	O2 F1 F1 F1
tapado	verb	A10 A1.1.1
tapar	verb	A10 A1.1.1
tapioca	noun	L3 F1
Tapioles	pnoun	Z2
Taradell	pnoun	Z2
Taragudo	pnoun	Z2
Taramundi	pnoun	Z2
Tarancón	pnoun	Z2
Taransaud	pnoun	Z3
Taravilla	pnoun	Z2
Tarazona	pnoun	Z2
Tardajos	pnoun	Z2
tardar	verb	T1.1
tarde	adv	T4- L1- T1.1
Tardelcuende	pnoun	Z2
Tardienta	pnoun	Z2
Tardáguila	pnoun	Z2
tardío	adj	T4-
tarea	noun	A1.1.1 P1
Tarifa	pnoun	Z2
tarjeta	noun	B5 Q1.2 O1.1 I1.1 O2 Q1.1 K5.2
Taroda	pnoun	Z2
tarraconense	adj	Z2 S2.1 S2.2
Tarragona	noun	Z2 M7
Tarragona	pnoun	Z2
Tarrés	pnoun	Z2
tarta	noun	F1
tartaleta	noun	F1 N3.2-
Tartanedo	pnoun	Z2
tartárico	adj	O1
tartera	noun	O2
tasa	noun	N3.8 I1.3
tasación	noun	I1.3
Taskent	pnoun	Z2
Tasmania	noun	Z2
tatin	noun	F1
Tauste	pnoun	Z2
Tavertet	pnoun	Z2
Tavèrnoles	pnoun	Z2
Tayikistán	pnoun	Z2
taza	noun	N3.4 O2
Tazacorte	pnoun	Z2
tánica	adj	O1
tánico	adj	O1
TBHQ	noun	O1
te	pron	Z5 Z8 A9
teanina	noun	O1
teatral	adj	K4 E1 N5.2+
teatro	noun	H1 K1 K4 P1
Teba	pnoun	Z2
techo	noun	H2 B1 M3
tecnología	noun	Y1 P1
tecnológicamente	adv	Y1 P1
tecnológico	adj	Y1 P1
teflón	noun	O1.1 B4/O2 O2
Tegucigalpa	pnoun	Z2
Tegueste	pnoun	Z2
Teguise	pnoun	Z2
Teherán	pnoun	Z2
Teià	pnoun	Z2
teja	adj	O4.3
Tejada	pnoun	Z2
Tejadillos	pnoun	Z2
Tejado	pnoun	Z2
Tejeda	pnoun	Z2
tejer	verb	A2.1
tejocote	noun	L3 F2 B3
tela	noun	O1.1
Telde	pnoun	Z2
Telefónica	pnoun	Q1.3
telefónica	adj	Q1.3 A3 O3
telefónico	adj	Q1.3 A3 O3
telemática	adj	Y2
telemático	adj	Y2
televisar	verb	Q4.3 M7 O3
televisión	noun	Q4.3 M7 O3
Tella-Sin	pnoun	Z2
teléfono	noun	Q1.3
tema	noun	X2
temas	noun	X2
Tembleque	pnoun	Z2
temer	verb	E5- A1.9
temeroso	adj	E5- A1.9 S2mf
temor	noun	A2 E5
temperatura	noun	O4.6
templado	adj	A1.1.1/O4.6
templar	verb	A1.1.1 O4.6
templario	adj	S9 S2.1 G3
templo	noun	S9 H1
tempo	noun	T1
temporada	noun	T1.3
temporal	adj	T1.3 A1.9 O1.2 E6-
tempranillo	noun	L3/F2 L3
temprano	adj	T4+ T1.1.1 L3
tendencia	noun	A5 X2
tendencial	adj	A6.2+ A8
Tendilla	pnoun	Z2
Tenebrón	pnoun	Z2
tenedor	noun	O2
tenencia	noun	A9+
tener	verb	A9+
tenido	adj	A9+ Z5 A2.2 S4
tenis	noun	K5.1
tensión	noun	B1 O3 N3.5 S7.1+
tentación	noun	O4.2+ S3.2
tentador	adj	O4.2 X3
tentempié	noun	F1
tenue	adj	O4.3 X3.1
Teo	pnoun	Z2
teobromina	noun	O1
teofilina	noun	O1
teología	noun	S9 X2.1 P1
teoría	noun	X2 X2.4 X4.1
tercer	adj	N4
tercera	adj	N1 N4 N5Q4.2
tercero	adj	N4 N5
tercero	noun	N4 P1
tercero	num	N1
terciario	adj	X3.5 N4
tercio	noun	N4 N5 N1
tercio	num	N4 N5 N1
Teresa	pnoun	Z2
Teresina	pnoun	Z2
terminar	verb	T2- O4.1
termosellada	adj	A1.7+/O4.6+
ternera	noun	L2 F1
ternero	noun	L2 F4
ternura	noun	E3+ B2-
Teror	pnoun	Z2
Terque	pnoun	Z2
terracota	adj	O4.3
Terrades	pnoun	Z2
Terradillos	pnoun	Z2
Terrassa	pnoun	Z2
Terrateig	pnoun	Z2
terremoto	noun	E6- W3 W4 W5
terreno	noun	W3 M7
Terrer	pnoun	Z2
terrible	adj	A5.1- E5- E6-
terriblemente	adv	A5.1- A13.3 E5- E6-
Terriente	pnoun	Z2
Terrinches	pnoun	Z2
territorio	noun	G1.2
Terroba	pnoun	Z2
terroso	adj	O4.5 X3.1
Teruel	noun	Z2 M7
Teruel	pnoun	Z2
Terzaga	pnoun	Z2
tesoro	noun	I1.1++
Testamento	noun	Q4.1 S9 L1- A3- A9 S1.1.2
Testar	verb	S1 S1.1.2 L1- A3- A9
testigo	noun	G2.1 S2mf X3.4 S2mf S9 S2mf S9 A10+ X3.4 G2.1
tetero	verb	F2/O2
Teulada	pnoun	Z2
Teverga	pnoun	Z2
texto	noun	Q1.2 Q4.1 P1
textura	noun	O4.5
texturar	verb	O4.5
teína	noun	O1
teólogo	noun	S2 S9 X2.1 A4.1
teórico	adj	A1.6 X2 Y1
teórico	noun	P1 X2.4 Q1.2
técnico	adj	Y1 I4 X9.1
técnico	noun	Y1/S2mf X9.1+/S2mf
término	noun	T2+ M6 O4.1
Thermomix	pnoun	O3
Thiruvananthapuram	pnoun	Z2
Thrissur	pnoun	Z2
tiamina	noun	O1
Tiana	pnoun	Z2
Tianjin	pnoun	Z2
Tibi	pnoun	Z2
tibio	adj	O4.6 X5.2- A5 A5.2-
Tiedra	pnoun	Z2
Tielmes	pnoun	Z2
tiempo	noun	T1
tiempos	noun	T1.1 X2 K5.1
tienda	noun	I2.2 H1c I4 H1c I2.2 I3.1
tiene	verb	A9+ A2.2 S4 A15
tienen	verb	A9+ A2.2 S4 A15
Tierga	pnoun	Z2
tierno	adj	T3- O4.5
tierra	noun	F4 O1.1
Tierz	pnoun	Z2
Tierzo	pnoun	Z2
Tiflis	pnoun	Z2
tigre	noun	L2mfn E3-
Tijarafe	pnoun	Z2
tijera	noun	O2
Tijuana	pnoun	Z2
tila	noun	L3 F2 B3
tilo	noun	L3
Timor-leste	pnoun	Z2
Tinajas	pnoun	Z2
Tinajo	pnoun	Z2
Tineo	pnoun	Z2
tinerfeño	noun	Z2
tinta	noun	O1.2
tinte	noun	O4.3 O1
tinto	adj	O4.3
tinto	noun	F2
tipo	noun	A4.1
tipos	noun	S2 I2 Q1.2
tira	verb	A9-/A1.1.1
Tirapu	pnoun	Z2
tirar	verb	A9- A1.1.1
Tirgo	pnoun	Z2
Tiruchirappalli	pnoun	Z2
Tirupur	pnoun	Z2
tisana	noun	F2 L3 B3
Titaguas	pnoun	Z2
titular	adj	A9+/S2mf Q4.2
Titulcia	pnoun	Z2
titulización	noun	I1 I1.1
Tiurana	pnoun	Z2
Tivenys	pnoun	Z2
Tivissa	pnoun	Z2
Tiétar	pnoun	Z2
Tiñosillos	pnoun	Z2
típico	adj	A6.2+
típico	noun	A6.2+
Tobar	pnoun	Z2
Tobarra	pnoun	Z2
Tobed	pnoun	Z2
Tobía	pnoun	Z2
Tocina	pnoun	Z2
tocino	noun	F1 F1
tocoferol	noun	O1
toda	adj	Z5 S2 A4 A9
todas	adj	Z5 S2 A4 A9
todavía	adv	Z5 T1.1
todo	pron	Z5 Z8 S2 A4 A9
Todolella	pnoun	Z2
todos	adj	Z5 S2 S2 A4 A9
tofe	adj	O4.3 X3.1
tofe	noun	F1
toffee	noun	F1
Toga	pnoun	Z2
Togo	pnoun	Z2
Tokio	pnoun	Z2
Tolbaños	pnoun	Z2
Toledo	pnoun	Z2
Tollos	pnoun	Z2
Tolocirio	pnoun	Z2
Tolosa	pnoun	Z2
Tolox	pnoun	Z2
Toluca	pnoun	Z2
Tolva	pnoun	Z2
toma	verb	A10 G3 S7.2- S7.4-
tomar	verb	A1.1.1 A9+
Tomares	pnoun	Z2
tomate	noun	F1 L3
Tomelloso	pnoun	Z2
tomillo	noun	L3 F1 B3
Tomiño	pnoun	Z2
Tona	pnoun	Z2
tonalidad	noun	O4.3
tonelería	noun	I4/H1c
Tonga	pnoun	Z2
tonificante	adj	B3
tono	noun	O4.3
topacio	adj	O4.3
Topas	pnoun	Z2
toque	noun	N5
Toques	pnoun	Z2
Tordehumos	pnoun	Z2
Tordellego	pnoun	Z2
Tordelrábano	pnoun	Z2
Tordera	pnoun	Z2
Tordesillas	pnoun	Z2
Tordesilos	pnoun	Z2
Tordillos	pnoun	Z2
Tordoia	pnoun	Z2
Tordómar	pnoun	Z2
torear	verb	C1 E3- E5+ Q2.1- A5.1- A5.1-
Torelló	pnoun	Z2
Toreno	pnoun	Z2
Torija	pnoun	Z2
Toril	pnoun	Z2
Torla-Ordesa	pnoun	Z2
Torlengua	pnoun	Z2
Tormantos	pnoun	Z2
Tormellas	pnoun	Z2
tormenta	noun	E3- G3 W4 A12- O1.2
Tormos	pnoun	Z2
Tormón	pnoun	Z2
Tornabous	pnoun	Z2
Tornavacas	pnoun	Z2
torno	noun	M1
Tornos	pnoun	Z2
Toro	pnoun	Z2
toro	noun	B4 L2mn Q2.1- A5.1- A5.1- E3- E5+
Toronto	pnoun	Z2
torpedo	noun	L2 M3 M5 G3
Torquemada	pnoun	Z2
Torralba	pnoun	Z2
Torralbilla	pnoun	Z2
torre	noun	N3.7+ H1
Torre-Cardela	pnoun	Z2
Torre-Pacheco	pnoun	Z2
Torre-Serona	pnoun	Z2
Torreadrada	pnoun	Z2
Torrebaja	pnoun	Z2
Torrebesses	pnoun	Z2
Torreblacos	pnoun	Z2
Torreblanca	pnoun	Z2
Torreblascopedro	pnoun	Z2
Torrecaballeros	pnoun	Z2
Torrecampo	pnoun	Z2
Torrechiva	pnoun	Z2
Torrecuadradilla	pnoun	Z2
Torredelcampo	pnoun	Z2
Torredembarra	pnoun	Z2
Torredonjimeno	pnoun	Z2
torrefacta	noun	X3.5/X3.1
torrefactado	adj	X3.5 X3.1
torrefacto	adj	X3.5 X3.1
Torrefarrera	pnoun	Z2
Torregalindo	pnoun	Z2
Torregamones	pnoun	Z2
Torregrossa	pnoun	Z2
Torrehermosa	pnoun	Z2
Torreiglesias	pnoun	Z2
Torrejoncillo	pnoun	Z2
Torrelacárcel	pnoun	Z2
Torrelaguna	pnoun	Z2
Torrelameu	pnoun	Z2
Torrelapaja	pnoun	Z2
Torrelara	pnoun	Z2
Torrelavega	pnoun	Z2
Torrelavit	pnoun	Z2
Torrella	pnoun	Z2
Torrellas	pnoun	Z2
Torrelobatón	pnoun	Z2
Torrelodones	pnoun	Z2
Torremayor	pnoun	Z2
Torremejía	pnoun	Z2
Torremenga	pnoun	Z2
Torremocha	pnoun	Z2
Torremochuela	pnoun	Z2
Torremolinos	pnoun	Z2
Torremontalbo	pnoun	Z2
Torremormojón	pnoun	Z2
Torrent	pnoun	Z2
Torrenueva	pnoun	Z2
Torreorgaz	pnoun	Z2
Torrepadre	pnoun	Z2
Torreperogil	pnoun	Z2
Torrequemada	pnoun	Z2
Torres	pnoun	Z2
Torresandino	pnoun	Z2
Torrescárcela	pnoun	Z2
Torresmenudas	pnoun	Z2
Torrevelilla	pnoun	Z2
Torrevieja	pnoun	Z2
torrezno	noun	F1 F1
Torreón	pnoun	Z2
Torrico	pnoun	Z2
Torrijas	pnoun	Z2
Torrijos	pnoun	Z2
Torrox	pnoun	Z2
Torrubia	pnoun	Z2
torta	noun	F1 I1.1 O4.1
Tortellà	pnoun	Z2
tortita	noun	F1 N3.2-
Tortosa	pnoun	Z2
Tortuera	pnoun	Z2
Tortuero	pnoun	Z2
tortura	noun	E3- B2- E4.1---
Torvizcón	pnoun	Z2
Torà	pnoun	Z2
Torás	pnoun	Z2
Tosantos	pnoun	Z2
Toscana	noun	Z2
toscano	adj	Z2 S2.1 S2.2m
tosco	adj	O4.5
Toses	pnoun	Z2
Tosos	pnoun	Z2
tostada	noun	F1
tostado	adj	O4.3 O4.5 X3.1 X3.5
tostar	verb	A2.1
total	adj	N5.1+ A13.2 I1 S5
total	noun	N5.1+ A13.2 I1 S5
totalmente	adv	N5.1+ A13.2 I1 S5
total|totalmente	adv	A13.2 N5.1+
Totalán	pnoun	Z2
Totana	pnoun	Z2
Totanés	pnoun	Z2
Toulouse	pnoun	Z2
Touro	pnoun	Z2
Tous	pnoun	Z2
Toén	pnoun	Z2
Trabada	pnoun	Z2
Trabadelo	pnoun	Z2
trabajador	adj	S2 I1 X8+ I3.1 A1.1.1 X9.2+ A2.1+ A2.2 X8+ A1.1.1
trabajadores	noun	S2 I1 X8+ I3.1 A1.1.1 X9.2+ A2.1+ A2.2 X8+ A1.1.1
trabajar	verb	A1.1.1 I3
trabajo	noun	I3.1
Trabanca	pnoun	Z2
Trabazos	pnoun	Z2
tradicional	adj	A6.2+
tradicionalmente	adv	A6.2+
tradición	noun	S1.1.1 T1.1.1 A6.2+
traducción	noun	Q3 A2.1+
traducir	verb	Q3 A2.1+
traer	verb	A1.1.1 M2
Tragacete	pnoun	Z2
tragar	verb	B1 X2.1 A7+ A10- E1
tragedia	noun	E4.1- K4
traicionar	verb	G2.2- A10+ E4.1- S8- A15-
traidor	noun	G2.2- S2mf A10+ E4.1- S8- A15-
Traiguera	pnoun	Z2
Tramacastiel	pnoun	Z2
Tramacastilla	pnoun	Z2
Tramaced	pnoun	Z2
tramitación	noun	A1.1.1
tramitado	adj	A1.1.1
tranquilidad	noun	E3+ E4.1+ S8+ B3
tranquilizante	adj	B3
tranquilo	adj	E3+ E4.1+ S8+ B3
trans	adj	W5 A2.1
trans	noun	W5 A2.1
transacción	noun	I2.2
transcurrir	verb	M1 M2 T1.3 T2-
transcurso	noun	M6 T1.3 M7/K5.1
transferencia	noun	I1.1
transformación	noun	A2.1+
transformadorar	verb	O3
transformar	verb	A2.1
transfronterizo	adj	M7/G1.1
transición	noun	A2.1+ M1
transitorio	adj	A2.1+ T1.3- M1
transmisión	noun	Q2.1 Q4.3 B2-
transmitir	verb	Q2 A1.1.1
transparencia	noun	A1.1.1 A10
transparentar	verb	A1.1.1 A10
transparente	adj	A1.1.1 A10
transpiración	noun	B1
transportar	verb	M2
transporte	noun	M2
tras	prep	Z5 M6 M1
trascendencia	noun	A11.1+
trasegar	verb	A1.1.1 M2
trasiegar	verb	A1.1.1/M2
trasiego	noun	A1.1.1 M2
Trasierra	pnoun	Z2
trasladar	verb	M2 M1 A2.1+ H4/A2.1
traslado	noun	M6 A2.1+ A9- I3.1 A2.1+ Y2 M3 M4 M5 C1
Trasmiras	pnoun	Z2
Trasmoz	pnoun	Z2
Trasobares	pnoun	Z2
traspasar	verb	G2.1- M2 M1
Traspinedo	pnoun	Z2
trastornadamente	adv	A1.1.2 A2.1+ A1.3+ E6-
trastornado	adj	A1.1.2 A2.1+ S2.1 S2.2 A1.3+ E6-
trastorno	noun	A1.1.2 A2.1+ A1.3+ E6-
trasvasar	verb	A1.1.1 M2
trata	verb	A1.1.3 L2 S3.1 G2.1-
tratamiento	noun	A1.1.3 L2 S3.1 B2+
tratar	verb	S3.1 A1.1.1
través	prep	Z5 M6
traza	verb	A10+ C1 X2.4
Trazo	pnoun	Z2
trazo	noun	Z2
Traíd	pnoun	Z2
Trebujena	pnoun	Z2
trece	adj	N1
trece	num	N1
Trefacio	pnoun	Z2
treinta	num	N1
Tremp	pnoun	Z2
trepar	verb	M1 N5+ A2.1
tres	adj	Z5 N1
tres	num	Z5 N1
Trescasas	pnoun	Z2
Tresjuncos	pnoun	Z2
Trespaderne	pnoun	Z2
Tresviso	pnoun	Z2
Treviana	pnoun	Z2
Trevélez	pnoun	Z2
Triacastela	pnoun	Z2
Tribaldos	pnoun	Z2
tribu	noun	S5+ A9+ A10-
tribunal	noun	G1 G2.1 H3 M7 K5.2 S3.2 X7+ S7 P1 M7
Tricio	pnoun	Z2
trienal	adj	T1.3
trigo	noun	L3 F1
Trigueros	pnoun	Z2
trigésimo	adj	N4 N5
trigésimo	noun	N4 N5
trigésimo	num	N4 N5
Trijueque	pnoun	Z2
Trillo	pnoun	Z2
trimestral	adj	T1.3 P1
trimestralmente	adv	T1.3 Z5
trimestre	noun	T1.3 P1
Trinidad	noun	S9 N3 S7
trinitario	adj	S9 N3 S7
Triollo	pnoun	Z2
tripa	intj	B1
triple	adj	N5+ F2
Tripoli	pnoun	Z2
triste	adj	E4.1- W2-
tristeza	noun	E4.1- W2-
triterpeno	noun	O1
triturar	verb	A1.1.2 A1.1.1/O4.5
triunfar	verb	X9.2+
triunfo	noun	X9.2+
triángulo	noun	O4.4 K2
troceada	adj	N5/A2.1/O4.4
troceado	adj	N5 O4.4 A2.1
trocear	verb	N5 A2.1 O4.4
trocito	noun	N5- O4.4
trofeo	noun	O2 S7.3
Tronchón	pnoun	Z2
trono	noun	H5 S7.1+ S7.1+
tropical	adj	M7
trozo	noun	N5 O4.4
trucha	noun	F1 L2 F4
Truchas	pnoun	Z2
Trucios-Turtzioz	pnoun	Z2
truco	noun	X2.2
trufa	noun	L3 F1
Trujillanos	pnoun	Z2
Trujillo	pnoun	Z2
trágico	adj	E4.1- K4
Trévago	pnoun	Z2
tu	adj	Z5 S2 A9
tu	pron	Z5
tubular	adj	O4.4
Tudanca	pnoun	Z2
tudanca	pnoun	Z2
Tudela	pnoun	Z2
Tudelilla	pnoun	Z2
Tui	pnoun	Z2
Tuineje	pnoun	Z2
Tulebras	pnoun	Z2
tulsi	noun	L3 F1 B3
tumba	noun	A10- S9 H1 L1-
tumoral	adj	B2-
tuna	noun	P1 E1+ E4.1+ K2
tunecino	adj	Z2 S2.1 S2.2mf
tuno	adj	S2mf E1+ E4.1+ A5.4-
Turcia	pnoun	Z2
turco	adj	Z2 Q3 Z2 S2mfnc
turiferario	noun	S9 H5 A11.1+
Turkmenistán	pnoun	Z2
Turleque	pnoun	Z2
turolense	adj	Z2 S2.1 S2.2
Turquía	noun	Z2
Turquía	pnoun	Z2
Turre	pnoun	Z2
Turrillas	pnoun	Z2
Turégano	pnoun	Z2
Turín	pnoun	Z2
Turís	pnoun	Z2
Turón	pnoun	Z2
tutor	noun	P1 S7.1 S2.1 S2.2 S5
Tuvalu	pnoun	Z2
tuvo	verb	A9+ A2.2 S4 A15
tuyo	pron	A9 N5 Z8
Tuéjar	pnoun	Z2
TV	noun	Q4.3 S2.1 S2.2mf
Twitter	pnoun	Z3c/Y2
Tàrbena	pnoun	Z2
Tàrrega	pnoun	Z2
Tábara	pnoun	Z2
táctil	adj	X3.3
Táliga	pnoun	Z2
tánico	adj	O4.5 X3.1
té	noun	F2 L3 B3
Tébar	pnoun	Z2
técnica	noun	X4.2
técnico	adj	Y1 S2mf X9.1+ S2mf
técnico	noun	Y1 S2mf X9.1+ S2mf
Térmens	pnoun	Z2
término	noun	T2+ M6 O4.1
términos	noun	Q1 I1 G2.1
tía	noun	S4f
Tías	pnoun	Z2
Tíjola	pnoun	Z2
tío	noun	S3
típico	adj	A6.2+
Tírig	pnoun	Z2
Tírvia	pnoun	Z2
título	noun	Q1.2 P1 I1
Tórtoles	pnoun	Z2
tú	pron	A4 S1.1.2
túnel	noun	A1.1.1 O2 M3 M7 W2-
Túnez	noun	Z2
Túnez	pnoun	Z2
u	conj	Z5
u	noun	Z5
U.	noun	N4
U.	num	N4
u.	noun	N4
u.	num	N4
Uagadugú	pnoun	Z2
ubicado	adj	M2 X2.2+ A1.1.1
Ubide	pnoun	Z2
Ubrique	pnoun	Z2
Ucar	pnoun	Z2
Uceda	pnoun	Z2
Ucero	pnoun	Z2
Uclés	pnoun	Z2
Ucrania	noun	Z2 Z3c
Ucrania	pnoun	Z2
Ucraniano	adj	Z2 S2.1 S2.2mf
ud	noun	N3.1 N1
Udías	pnoun	Z2
UE	abbr	Z2
Ufá	pnoun	Z2
Uganda	pnoun	Z2
Ugao-Miraballes	pnoun	Z2
Ugena	pnoun	Z2
Ugíjar	pnoun	Z2
Uharte	pnoun	Z2
Ujados	pnoun	Z2
Ujué	pnoun	Z2
Ulea	pnoun	Z2
Ullastrell	pnoun	Z2
Ullastret	pnoun	Z2
Ulldecona	pnoun	Z2
Ulldemolins	pnoun	Z2
Ulloa	pnoun	Z2
Ullà	pnoun	Z2
Ulsan	pnoun	Z2
Ultramort	pnoun	Z2
Ultzama	pnoun	Z2
Umbrete	pnoun	Z2
Umbrías	pnoun	Z2
un	art	Z5 N1 T3 T1.2 Z8
un	num	Z5 N1 T3 T1.2 Z8
una	art	Z5 Z8 N1
una	num	Z5 Z8 N1
una	pron	Z5 Z8 N1
unanimidad	noun	A6.1+
unas	adj	Z5 Z8 N1
unas	art	Z5 N1 T3 T1.2 Z8
unas	num	Z5 Z8 N1
unas	pron	Z5 Z8 N1
Uncastillo	pnoun	Z2
Unciti	pnoun	Z2
unidad	noun	N3 S5+ A9 A1.1.1 A1.8+
unido	adj	A9 S5+ A1.1.1 A1.8+
unidos	adj	A9 S5+ A1.1.1 A1.8+
uniforme	adj	A6.1+ O4.5 O4.1
uniforme	noun	A6.1+ B5 P1
uniformemente	adv	A6.1 Z5
unir	verb	A9 S5+ A1.1.1 A1.8+
unitario	adj	N5--- S5-
universal	adj	T1 S1
universidad	noun	P1 G1 S2.1 S2.2 Y1 H1 M7 X2.2 X2.3
universitario	adj	P1 S2.1 S2.2 H1c Y1 X2.2 X2.3 S5
universo	noun	W1 A4.1
unión	noun	G1.2 I3.1 S5+c S5+c
uno	art	Z5 N1 T3 T1.2 Z8
uno	num	Z5 N1 T3 T1.2 Z8
uno	pron	Z5 N1 T3 T1.2 Z8
unos	art	Z5 N1 T3 T1.2 Z8
unos	pron	Z5 N1 T3 T1.2 Z8
untar	verb	A1.1.1 M1
unto	noun	F1 O1.1
untuoso	adj	O4.5 X3.3
Untzue	pnoun	Z2
Unzué	pnoun	Z2
urbanidad	noun	S1.2.4+ X2.3. S3.1 P1
urbano	noun	S1.2.4+ X2.3. S3.1 P1
Urda	pnoun	Z2
Urdax	pnoun	Z2
Urdazubi	pnoun	Z2
Urdiain	pnoun	Z2
Urduliz	pnoun	Z2
Urduña	pnoun	Z2
urgencia	noun	A11.1+ T1.2 N3.8+
urgente	adj	A11.1+ S2mf T1.3 N3.8+
Urkabustaiz	pnoun	Z2
Urnieta	pnoun	Z2
Urretxu	pnoun	Z2
Urriés	pnoun	Z2
Urroz	pnoun	Z2
Urroz-Villa	pnoun	Z2
Urrácal	pnoun	Z2
URSS	noun	Z2
ursólico	adj	O1
Urueña	pnoun	Z2
Urueñas	pnoun	Z2
Uruguay	noun	Z2
Uruguay	pnoun	Z2
uruguayo	adj	Z2 S2.1 S2.2mf
Uruñuela	pnoun	Z2
Urzainki	pnoun	Z2
Urzainqui	pnoun	Z2
Urús	pnoun	Z2
Usagre	pnoun	Z2
usanza	noun	X4.2 O4.1 O4.2+ A4.1
usar	verb	A1.1.1 A1.5
Used	pnoun	Z2
Useres	pnoun	Z2
uso	noun	A1.5
usted	pron	Z5 Z8mf
ustedes	pron	Z8 A4
usuaria	noun	A1.5.1 S2.1 Y2 S2.1
usuario	noun	A1.5.1 S2.2 Y2 S2.2
Usurbil	pnoun	Z2
Utande	pnoun	Z2
Utebo	pnoun	Z2
Uterga	pnoun	Z2
Utiel	pnoun	Z2
utilidad	noun	A1.5.2
utilización	noun	A1.5
utilizado	adj	A1.1.1 A1.5.1 S7.1+
utilizar	verb	A1.1.1 A1.5
Utrera	pnoun	Z2
Utrillas	pnoun	Z2
uva	noun	F1 L3
Uzbekistán	pnoun	Z2
Uztarroze	pnoun	Z2
Uztárroz	pnoun	Z2
Uña	pnoun	Z2
uña	noun	B1
V	num	N1
v	noun	Z5
V.	noun	N4
V.	num	N4
v.	noun	N4
v.	num	N4
va	verb	M1 A2.1+ A1.1.1 A9- A1.8+ Q2.1 N6+ I2.2 A1.1.2 T2- S3.2 A6.3+ B2- X1 B1
vaca	noun	L2 F1 F4
vacaciones	noun	P1 T1.3  K1
Vacarisses	pnoun	Z2
vaciar	verb	M1 N5- A1.1.1
vacuno	adj	F1 A4.1
vacuno	noun	F1 A4.1
vacío	adj	N5
Vadillo	pnoun	Z2
Vadocondes	pnoun	Z2
Vadodara	pnoun	Z2
vagamente	adv	Z5 A1.1 S1.13
vago	adj	A1.1 A4.2- S1.13 P1 S2.1 S2.2.
vainilla	noun	F1 L3
Valacloche	pnoun	Z2
Valbona	pnoun	Z2
Valcabado	pnoun	Z2
Valcarlos	pnoun	Z2
Valdaracete	pnoun	Z2
Valdarachas	pnoun	Z2
Valdastillas	pnoun	Z2
Valde-Ucieza	pnoun	Z2
Valdealgorfa	pnoun	Z2
Valdeande	pnoun	Z2
Valdearenas	pnoun	Z2
Valdeavellano	pnoun	Z2
Valdeavero	pnoun	Z2
Valdeaveruelo	pnoun	Z2
Valdecaballeros	pnoun	Z2
Valdecarros	pnoun	Z2
Valdecasa	pnoun	Z2
Valdeconcha	pnoun	Z2
Valdecuenca	pnoun	Z2
Valdefinjas	pnoun	Z2
Valdefresno	pnoun	Z2
Valdefuentes	pnoun	Z2
Valdeganga	pnoun	Z2
Valdegeña	pnoun	Z2
Valdegovía	pnoun	Z2
Valdegrudas	pnoun	Z2
Valdehijaderos	pnoun	Z2
Valdehorna	pnoun	Z2
Valdehúncar	pnoun	Z2
Valdelacalzada	pnoun	Z2
Valdelacasa	pnoun	Z2
Valdelageve	pnoun	Z2
Valdelaguna	pnoun	Z2
Valdelarco	pnoun	Z2
Valdelcubo	pnoun	Z2
Valdelinares	pnoun	Z2
Valdelosa	pnoun	Z2
Valdeltormo	pnoun	Z2
Valdelugueros	pnoun	Z2
Valdemadera	pnoun	Z2
Valdemaluque	pnoun	Z2
Valdemanco	pnoun	Z2
Valdemaqueda	pnoun	Z2
Valdemeca	pnoun	Z2
Valdemierque	pnoun	Z2
Valdemora	pnoun	Z2
Valdemorales	pnoun	Z2
Valdemorillo	pnoun	Z2
Valdemoro	pnoun	Z2
Valdemoro-Sierra	pnoun	Z2
Valdenebro	pnoun	Z2
Valdeobispo	pnoun	Z2
Valdeolea	pnoun	Z2
Valdeolivas	pnoun	Z2
Valdeolmillos	pnoun	Z2
Valdeolmos-Alalpardo	pnoun	Z2
Valdepeñas	pnoun	Z2
Valdepiélago	pnoun	Z2
Valdepiélagos	pnoun	Z2
Valdepolo	pnoun	Z2
Valdeprado	pnoun	Z2
Valdeprados	pnoun	Z2
Valderas	pnoun	Z2
Valderrebollo	pnoun	Z2
Valderredible	pnoun	Z2
Valderrey	pnoun	Z2
Valderrobres	pnoun	Z2
Valderrodilla	pnoun	Z2
Valderrodrigo	pnoun	Z2
Valderrubio	pnoun	Z2
Valderrueda	pnoun	Z2
Valderrábano	pnoun	Z2
Valdesamario	pnoun	Z2
Valdescorriel	pnoun	Z2
Valdesotos	pnoun	Z2
Valdestillas	pnoun	Z2
Valdetorres	pnoun	Z2
Valdetórtola	pnoun	Z2
Valdeverdeja	pnoun	Z2
Valdevimbre	pnoun	Z2
Valdezate	pnoun	Z2
Valdilecha	pnoun	Z2
Valdorros	pnoun	Z2
Valdoviño	pnoun	Z2
Valdubón	pnoun	Z2
Valdunciel	pnoun	Z2
Valdunquillo	pnoun	Z2
Valdáliga	pnoun	Z2
Valdés	pnoun	Z2
Valencia	noun	Z2 M7 E4.1+
Valencia	pnoun	Z2
valencia	noun	Z2
valenciano	adj	Z2 S2.1 S2.2
valentía	noun	E5+
Valenzuela	pnoun	Z2
valeriana	noun	F2 L3 B3
Valero	pnoun	Z2
Valfarta	pnoun	Z2
Valga	pnoun	Z2
Valgañón	pnoun	Z2
Valhermoso	pnoun	Z2
validez	noun	A5.2+ A5.3 Q1.1
valido	noun	S2.1 A5.2+ G1.2
valiente	adj	S2mf E5+
Valjunquera	pnoun	Z2
Vall-Llobrega	pnoun	Z2
Vallada	pnoun	Z2
Valladolid	noun	Z2
Valladolid	pnoun	Z2
Vallanca	pnoun	Z2
Vallat	pnoun	Z2
Vallcebre	pnoun	Z2
Vallclara	pnoun	Z2
Valldemossa	pnoun	Z2
valle	noun	M7 W3
Vallecillo	pnoun	Z2
Vallehermoso	pnoun	Z2
Vallejera	pnoun	Z2
Vallelado	pnoun	Z2
Valleseco	pnoun	Z2
Vallgorguina	pnoun	Z2
Vallibona	pnoun	Z2
Vallirana	pnoun	Z2
vallisoletano	adj	Z2 S2.1 S2.2
Vallmoll	pnoun	Z2
Vallromanes	pnoun	Z2
Valls	pnoun	Z2
Valluércanes	pnoun	Z2
Vallés	pnoun	Z2
Valmadrid	pnoun	Z2
Valmala	pnoun	Z2
Valmojado	pnoun	Z2
valor	noun	I1.3 E5+ A11.1+ G2.2 A5
valoración	noun	A5  X2.4/A5
valorado	adj	E2+ A5.1
valorar	verb	A5.1
valores	noun	I1 G2.2 A11.1+ I1.3 A3 A5 X4
Valpalmas	pnoun	Z2
Valparaíso	pnoun	Z2
Valsalabroso	pnoun	Z2
Valsalobre	pnoun	Z2
Valseca	pnoun	Z2
Valsequillo	pnoun	Z2
Valtajeros	pnoun	Z2
Valtiendas	pnoun	Z2
Valtierra	pnoun	Z2
Valtorres	pnoun	Z2
valtrato	noun	O1
Valverde	pnoun	Z2
Valverde-Enrique	pnoun	Z2
Valverdejo	pnoun	Z2
Valverdón	pnoun	Z2
vamos	verb	M1 M6 A2.1+ A1.1.1 A9- A1.8+ Q2.1 N6+ I2.2 A1.1.2 T2- S3.2 A6.3+ B2- X1 B1
van	verb	M1 M6 A2.1+ A1.1.1 A9- A1.8+ Q2.1 N6+ I2.2 A1.1.2 T2- S3.2 A6.3+ B2- X1 B1
Vancouver	pnoun	Z2
Vanuatu	pnoun	Z2
vapor	noun	O1.3
vara	verb	L3 O2/L3
variable	adj	A6.3+ N2 Y2
variación	noun	A2.1 A6.3
variante	noun	A6.3 A6.1-
variar	verb	A6.3 A2.1
varias	adj	Z5 A3 A6.3+
variedad	noun	A6.3
varietal	noun	A6.3+ A4.1 F2/A6.3+
varilla	noun	O2
varios	adj	Z5 A6.3+ A3
varios	noun	N5
Varsovia	noun	Z2
Varsovia	pnoun	Z2
vasco	adj	Z2 Q3 Z2 S2.1 S2.2 S1.2.5+
vasco	noun	Z2 Q3 Z2 S2.1 S2.2 S1.2.5+
Vascongadas	noun	Z2 M7
vaso	noun	O2 N3.4
vaticanista	adj	Z2 S2.1 S2.2 G1.2 S9
Vaticano	noun	Z2c G1.2 S9
Vaticano	pnoun	Z2
ve	verb	A1.1. M1 A2.1+ A1.1.1 A9- A1.8+ Q2.1 N6+ I2.2 A1.1.2 T2- S3.2 A6.3+ B2- X1 B1
veces	noun	N6 T1.1 T1.3-
Veciana	pnoun	Z2
vecino	adj	M6
vecino	noun	H3 S2mf M7 N3.3-
Vecinos	pnoun	Z2
Vedas	noun	S9 S2
Vedra	pnoun	Z2
Vegacervera	pnoun	Z2
Vegadeo	pnoun	Z2
Vegalatrave	pnoun	Z2
vegano	adj	B2 W5
vegano	noun	B2 S2 W5
Veganzones	pnoun	Z2
Vegaquemada	pnoun	Z2
Vegaviana	pnoun	Z2
vegetación	noun	L3 W5
vegetal	adj	L3 F4 O4
vegetal	noun	F1 L3
vegetariano	adj	B2 W5
vegetariano	noun	S2 B2 W5
veinte	adj	N1
veinte	num	N1
vela	noun	S9 O1.1 A1.3 O4.5 S1.1.2 X5.1+
vela	verb	S9 O1.1 A1.3 O4.5 S1.1.2 X5.1+
Velada	pnoun	Z2
Velamazán	pnoun	Z2
velar	verb	S9 A1.3 O4.5 S1.1.2 X5.1+
Velascálvaro	pnoun	Z2
velatorio	noun	S9 A1.3 O4.5 S1.1.2 X5.1+ H1 L1-
Velayos	pnoun	Z2
Velefique	pnoun	Z2
Velilla	pnoun	Z2
Vellisca	pnoun	Z2
Velliza	pnoun	Z2
velo	noun	B5 A10- O2 S9
velo	verb	B5 A10- O2 S9
velocidad	noun	N3.8+
vena	noun	B1 O2 W3 A4.1 X4.2
Vencillón	pnoun	Z2
vendedor	noun	I2.2 S2mf A2.1
vender	verb	I2.2
vendimia	noun	F4 M2
vendimiar	verb	F4/M2
Venecia	noun	Z2
veneciano	adj	Z2 S2.1 S2.2
Venezuela	pnoun	Z2
venezuela	pnoun	Z2
Venialbo	pnoun	Z2
venir	verb	M1 N3.1 A2.2 A3+ X2.1 A9+ S4 N4 S3.2 T1 A1.1.1 N5
venta	noun	I2.2
ventaja	noun	A5.1+
Ventalló	pnoun	Z2
ventana	noun	H2 T1.3
ventilación	noun	O2 A1.1.1 B3
Ventosa	pnoun	Z2
Ventrosa	pnoun	Z2
Venturada	pnoun	Z2
ver	verb	X3.4 X2.1 S1.1.1 X2.5+ X2.3+ X3 A7+ Z4 S3.2
Vera	pnoun	Z2
vera	verb	A13.4 M7
verano	noun	T1.3
verbena	noun	L3 F2 B3
verbo	noun	Q3 X4.1 S9
verdad	noun	A5.2+ S9 A5.4+ X2.2 X4.1
verdaderamente	adv	A5.2+ A5.4+ X2.2 X4.1
verdadero	adj	A5.2 N5-
verde	adj	O4.3
verdoso	adj	O4.3
verdura	noun	F1
Verdú	pnoun	Z2
Verea	pnoun	Z2
Verges	pnoun	Z2
vergüenza	noun	E4.1- E5-
verificación	noun	A5.2+ X2.4 Y1
verificar	verb	A5.2+ X2.4 Y1
verosímil	adj	A5.2 N5-
Versalles	noun	Z2 S1.2.4+
versallesco	noun	Z2 S2.1 S2.2 S1.1.2 S1.2.4+
versión	noun	A6.1- A6.3
versátil	adj	A6.3+
Vertavillo	pnoun	Z2
verter	verb	A1.1.1 M2
vertiginoso	adj	B2- S1.2.6- N3.8+++
Verín	pnoun	Z2
vestido	adj	B5 F1 B3 O4.1 B5 A5.1+
vestido	noun	B5 F1 B3 O4.1 B5 A5.1+
veta	noun	O4.3
vetar	verb	S7.4-
veteado	adj	O4.3
vez	noun	N6 T1 T1.1 T1.3 T1.2 T1.1.2 N6 N1
Vezdemarbán	pnoun	Z2
vi	num	N1
viabilidad	noun	A7+
viajar	verb	M1 M5 M7 S3.1
viaje	noun	M1 M5 M7 S1.1.3 S3.1
Viana	pnoun	Z2
Vianos	pnoun	Z2
Viator	pnoun	Z2
vibración	noun	M1 M2 A2.1+
vibrante	adj	M1 E5-
Vic	pnoun	Z2
vicariato	noun	S9 S2.1 S7 G1
vicario	noun	S9 S2.1
vicerrector	noun	P1 S7.1 S2.1 S2.2. G1
Vicién	pnoun	Z2
victoria	noun	Z2 E1+ E2+ E4.1+ I1 S7.3
victoria	pnoun	Z2 E1+ E2+ E4.1+ I1 S7.3
victorioso	adj	S2mf E1+ E2+ E4.1+ I1 S7.3
vid	noun	L3
vida	noun	L1+ A3+ T1.3 S1.1.1 A1.1.1 X5.2+ Q4.1 A11.1+++ A5.4+ C1
Vidayanes	pnoun	Z2
Videmala	pnoun	Z2
Vidreres	pnoun	Z2
Vidrà	pnoun	Z2
Vidángoz	pnoun	Z2
viejo	adj	T3+ O4.1
viejo	noun	S2 T1.1.1
Viena	noun	Z2 M7
Viena	pnoun	Z2
viene	verb	A1.1.1 M1 N3.1 A2.2 A3+ X2.1 A9+ S4 N4 S3.2 T1 A1.1.1 N5
Vientián	pnoun	Z2
viento	noun	X3.2
vienés	adj	Z2 S2.1 S2.2mf
Vierlas	pnoun	Z2
viernes	noun	T1.3
Vietnam	noun	Z2
Vietnam	pnoun	Z2
vietnamita	adj	Z2 S2.1 S2.2mf
vigencia	noun	A5.2+
vigente	adj	A5.2+ Q1.1 S7.4+ A1.5.2+
vigilancia	noun	X2.4 X5.1+
Vigo	pnoun	Z2
vigor	noun	S1.2.5+ O4.1 S3.2
vigorizante	adj	B3
Viguera	pnoun	Z2
vigésimo	adj	N4 N5
vigésimo	noun	N4 N5
vigésimo	num	N4 N5
Vijayawada	pnoun	Z2
Vila-Real	pnoun	Z2
Vila-Rodona	pnoun	Z2
Vila-Sacra	pnoun	Z2
Vila-Sana	pnoun	Z2
Vila-Seca	pnoun	Z2
Vilabella	pnoun	Z2
Vilabertran	pnoun	Z2
Vilablareix	pnoun	Z2
Vilaboa	pnoun	Z2
Vilada	pnoun	Z2
Viladamat	pnoun	Z2
Viladasens	pnoun	Z2
Viladecans	pnoun	Z2
Viladecavalls	pnoun	Z2
Vilademuls	pnoun	Z2
Viladrau	pnoun	Z2
Vilafamés	pnoun	Z2
Vilafant	pnoun	Z2
Vilafranca	pnoun	Z2
Vilagrassa	pnoun	Z2
Vilajuïga	pnoun	Z2
Vilalba	pnoun	Z2
Vilaller	pnoun	Z2
Vilallonga	pnoun	Z2
Vilamacolum	pnoun	Z2
Vilamalla	pnoun	Z2
Vilamaniscle	pnoun	Z2
Vilamarxant	pnoun	Z2
Vilamarín	pnoun	Z2
Vilamòs	pnoun	Z2
Vilanant	pnoun	Z2
Vilaplana	pnoun	Z2
Vilardevós	pnoun	Z2
Vilarmaior	pnoun	Z2
Vilasantar	pnoun	Z2
Vilaverd	pnoun	Z2
Vilaür	pnoun	Z2
Vilches	pnoun	Z2
Vileña	pnoun	Z2
Villablanca	pnoun	Z2
Villablino	pnoun	Z2
Villabona	pnoun	Z2
Villabraz	pnoun	Z2
Villabrágima	pnoun	Z2
Villabrázaro	pnoun	Z2
Villabáñez	pnoun	Z2
Villacarralón	pnoun	Z2
Villacarriedo	pnoun	Z2
Villacarrillo	pnoun	Z2
Villacastín	pnoun	Z2
Villacañas	pnoun	Z2
Villacidaler	pnoun	Z2
Villaciervos	pnoun	Z2
Villaco	pnoun	Z2
Villaconancio	pnoun	Z2
Villaconejos	pnoun	Z2
Villada	pnoun	Z2
Villadepera	pnoun	Z2
Villadiego	pnoun	Z2
Villadoz	pnoun	Z2
Villaescusa	pnoun	Z2
Villaespasa	pnoun	Z2
Villafeliche	pnoun	Z2
Villaferrueña	pnoun	Z2
Villaflor	pnoun	Z2
Villaflores	pnoun	Z2
Villafranca	pnoun	Z2
Villafrechós	pnoun	Z2
Villafruela	pnoun	Z2
Villafuerte	pnoun	Z2
Villafufre	pnoun	Z2
Villafáfila	pnoun	Z2
Villagalijo	pnoun	Z2
Villagatón	pnoun	Z2
Villageriz	pnoun	Z2
Villagonzalo	pnoun	Z2
Villaharta	pnoun	Z2
Villahermosa	pnoun	Z2
Villaherreros	pnoun	Z2
Villahoz	pnoun	Z2
Villahán	pnoun	Z2
Villalaco	pnoun	Z2
Villalazán	pnoun	Z2
Villalbarba	pnoun	Z2
Villalbilla	pnoun	Z2
Villalcampo	pnoun	Z2
Villalcón	pnoun	Z2
Villaldemiro	pnoun	Z2
Villalengua	pnoun	Z2
Villalmanzo	pnoun	Z2
Villalobos	pnoun	Z2
Villalobón	pnoun	Z2
Villalonga	pnoun	Z2
Villalonso	pnoun	Z2
Villalpando	pnoun	Z2
Villalpardo	pnoun	Z2
Villalube	pnoun	Z2
Villalón	pnoun	Z2
Villamalea	pnoun	Z2
Villamalur	pnoun	Z2
Villamandos	pnoun	Z2
Villamanrique	pnoun	Z2
Villamanta	pnoun	Z2
Villamantilla	pnoun	Z2
Villamanín	pnoun	Z2
Villamanín	noun	Z2
Villamartín	pnoun	Z2
Villamayor	pnoun	Z2
Villamañán	pnoun	Z2
Villambistia	pnoun	Z2
Villamediana	pnoun	Z2
Villamedianilla	pnoun	Z2
Villamejil	pnoun	Z2
Villamena	pnoun	Z2
Villameriel	pnoun	Z2
Villamesías	pnoun	Z2
Villamiel	pnoun	Z2
Villaminaya	pnoun	Z2
Villamol	pnoun	Z2
Villamoronta	pnoun	Z2
Villamuelas	pnoun	Z2
Villangómez	pnoun	Z2
Villanova	pnoun	Z2
Villanubla	pnoun	Z2
Villanázar	pnoun	Z2
Villanúa	pnoun	Z2
Villapalacios	pnoun	Z2
Villaprovedo	pnoun	Z2
Villaquejida	pnoun	Z2
Villaquilambre	pnoun	Z2
Villaralbo	pnoun	Z2
Villaralto	pnoun	Z2
Villardeciervos	pnoun	Z2
Villardefrades	pnoun	Z2
Villardompardo	pnoun	Z2
Villardondiego	pnoun	Z2
Villarejo	pnoun	Z2
Villarejo-Periesteban	pnoun	Z2
Villariezo	pnoun	Z2
Villarluengo	pnoun	Z2
Villarmayor	pnoun	Z2
Villarmuerto	pnoun	Z2
Villarquemado	pnoun	Z2
Villarrabé	pnoun	Z2
Villarramiel	pnoun	Z2
Villarrasa	pnoun	Z2
Villarrobledo	pnoun	Z2
Villarrodrigo	pnoun	Z2
Villarroya	pnoun	Z2
Villarrubio	pnoun	Z2
Villarta	pnoun	Z2
Villarta-Quintana	pnoun	Z2
Villasabariego	pnoun	Z2
Villasandino	pnoun	Z2
Villasarracino	pnoun	Z2
Villasayas	pnoun	Z2
Villasbuenas	pnoun	Z2
Villasdardo	pnoun	Z2
Villaselán	pnoun	Z2
Villasequilla	pnoun	Z2
Villasexmir	pnoun	Z2
Villasrubias	pnoun	Z2
Villastar	pnoun	Z2
Villatobas	pnoun	Z2
Villatoro	pnoun	Z2
Villatorres	pnoun	Z2
Villatoya	pnoun	Z2
Villatuelda	pnoun	Z2
Villatuerta	pnoun	Z2
Villaturde	pnoun	Z2
Villaturiel	pnoun	Z2
Villaumbrales	pnoun	Z2
Villava	pnoun	Z2
Villavaliente	pnoun	Z2
Villavaquerín	pnoun	Z2
Villavelayo	pnoun	Z2
Villavellid	pnoun	Z2
Villavendimio	pnoun	Z2
Villaverde-Mogina	pnoun	Z2
Villaviciosa	pnoun	Z2
Villaviudas	pnoun	Z2
Villayón	pnoun	Z2
Villazala	pnoun	Z2
Villazopeque	pnoun	Z2
Villegas	pnoun	Z2
Villeguillo	pnoun	Z2
Villel	pnoun	Z2
Villena	pnoun	Z2
Villodre	pnoun	Z2
Villodrigo	pnoun	Z2
Villoldo	pnoun	Z2
Villores	pnoun	Z2
Villoria	pnoun	Z2
Villoruebo	pnoun	Z2
Villoruela	pnoun	Z2
Villovieco	pnoun	Z2
Villárdiga	pnoun	Z2
Vilopriu	pnoun	Z2
Viloria	pnoun	Z2
Vilvestre	pnoun	Z2
Vimianzo	pnoun	Z2
Vinaceite	pnoun	Z2
vinagre	noun	F1 O1.2
Vinaixa	pnoun	Z2
Vinalesa	pnoun	Z2
Vinaròs	pnoun	Z2
vinculado	adj	A2.2 S5+ M3 A1.1.1
Vindel	pnoun	Z2
Vinebre	pnoun	Z2
vino	noun	F2
vino	verb	M1 A2.1+ A1.1.1 A9- A1.8+ Q2.1 N6+ I2.2 A1.1.2 T2- S3.2 A6.3+ B2- X1 B1 F2 O1.2
Vinuesa	pnoun	Z2
viña	noun	L3
viñedo	noun	F4/M7
vio	verb	X2 X3.4 X2.1 S1.1.1 X2.5+ X2.3+ X3 A7+ Z4 S3.2
violencia	noun	E3- A5 X2
violentamente	adv	E3- A13.3
violento	adj	E3- N3.2+
violeta	adj	O4.3
violeta	noun	L3 F2 B3
violinista	adj	E3+ S2mf K2 X3.2
violáceo	adj	O4.3
violín	noun	E3+ K2 X3.2
VIP	noun	A11.1+ S2mf S1.1.1 S2mf S7.1+
virgen	noun	S3.2 A2.1- S3.2 S2mf S9 A5.1+ A5.4+ S8+
virtual	adj	Y2 A13.4
Visakhapatnam	pnoun	Z2
visibilidad	noun	X3.4 A11.2+ A10+
visible	adj	S2mf X3.4 A11.2+ A10+
Visiedo	pnoun	Z2
visita	noun	S1.1.1 S2mf M1
visitada	adj	S1.1.1 M1
visitante	noun	S1.1.1 S2mf M1 S2mf
visitar	verb	S1.1.1 M1
visión	noun	X3.4 X4.1
vislumbrar	verb	X3.4 X5 A5 A5.3- O4.2
vista	adj	X3.4 M5 B2 G2.1
vista	noun	X3.4 M5 B2 G2.1
Vistabella	pnoun	Z2
visto	adj	S2mf X3.4+
vistoso	adj	O4.2+ E2+ E4.2+
visual	adj	X3.4 A10+ O4.1 X2.4 X5 X3.4+
Vita	pnoun	Z2
vital	adj	A11.1+ L1+
vitalizante	adj	B3
vitamina	noun	B3
vitamínico	adj	B3
Vitigudino	pnoun	Z2
Vitigudino	noun	Z2
Vitoria-Gasteiz	pnoun	Z2
Vitória	pnoun	Z2
viuda	noun	S4 S4f A9- E6- S1.2.2- S2.1 S2.2
vivaz	adj	O4
Viveiro	pnoun	Z2
Viver	pnoun	Z2
Viveros	pnoun	Z2
vivienda	noun	H4
vivir	verb	H4 L1+ A3+
vivo	adj	L1 O4.2
Vizcaínos	pnoun	Z2
Vizmanos	pnoun	Z2
viña	noun	L3 F4 M7
Viñas	pnoun	Z2
viñedo	noun	F4 M7
Viñuela	pnoun	Z2
Viñuelas	pnoun	Z2
vía	noun	M3 X4.2 M3/H3 B2
vocabulario	noun	Q3 P1
vol	noun	N3.4 N5 Q4.1 Q4.2 X3.2
volar	verb	M5 M1 N3.8+ E3-
volatilidad	noun	A2.1+ S1.2 O4.1
volátil	adj	M5 S1.2 O4.1
volcar	verb	A1.1.1
volcán	noun	W3 A2.1 A10+ M1 E6-
Volgogrado	pnoun	Z2
voltear	verb	M2 A1.1.1
volumen	noun	N3.4 N5 Q4.1 Q4.2 X3.2
voluntad	noun	X2.4 X7
voluntariado	noun	X7+ A5.1+ S1.1.2 S9
voluntariamente	adv	X7+ S6- I3.1 I1.1- A5.1+ S1.1.2
voluntario	adj	S9 X7+ S6- I3.1 I1.1- A5.1+ S1.1.2
voluntario	noun	S9 X7+ S6- I3.1 I1.1- A5.1+ S1.1.2
voluptuoso	adj	O4.5 X3.1 O4.1
volver	verb	M1 A2.1+ A1.1.1 A9- A1.8+ Q2.1 N6+ I2.2 A1.1.2 T2- S3.2 A6.3+ B2- X1 B1
volvió	verb	M1 A2.1+ A1.1.1 A9- A1.8+ Q2.1 N6+ I2.2 A1.1.2 T2- S3.2 A6.3+ B2- X1 B1
Vorónezh	pnoun	Z2
vosotras	pron	Z5f Z8f
vosotros	pron	Z5m Z8m
votar	verb	G1.2 X7 S1.1.3+
Voto	pnoun	Z2
voto	noun	G1.2 X7 S1.1.3+
voy	verb	M1 A2.1+ A1.1.1 A9- A1.8+ Q2.1 N6+ I2.2 A1.1.2 T2- S3.2 A6.3+ B2- X1 B1
voz	noun	Q2.1 X2.1 S7.1+ Q3 K2
Vozmediano	pnoun	Z2
VRN	abbr	N3/F1
vuelo	noun	M5 M1 H2 A2.1+ A1.1.1 A9- A1.8+ Q2.1 N6+ I2.2 A1.1.2 T2- S3.2 A6.3+ B2- X1 B1
vuelta	noun	M1 M6 K5.2 A2.1+ A1.1.1 A9- A1.8+ Q2.1 N6+ I2.2 A1.1.2 T2- S3.2 A6.3+ B2- X1 B1
vuelve	verb	M1 M6 A15 A2.1+ A1.1.1 A9- A1.8+ Q2.1 N6+ I2.2 A1.1.2 T2- S3.2 A6.3+ B2- X1 B1
vulnerable	adj	S1.2.5- A5.1- A15- B2-
válidamente	adv	A5.1 Z5
válido	adj	S2.1 S2.2 A5.2+ A5.3 A5.4 Q1.1 S7.4
Válor	pnoun	Z2
Vélez-Blanco	pnoun	Z2
Vélez-Málaga	pnoun	Z2
Vélez-Rubio	pnoun	Z2
vía	noun	H1 M1 M7 A10+
Vícar	pnoun	Z2
vídeo	noun	Q4.3
Víllora	pnoun	Z2
víspera	noun	T1.3- N4 Z1
Víznar	pnoun	Z2
vómito	noun	B2
w	noun	Z5
W.	noun	N4
W.	num	N4
w.	noun	N4
w.	num	N4
wakame	adj	L3 F2/L3
Wamba	pnoun	Z2
Wanzhou	pnoun	Z2
Washington	pnoun	Z2
web	noun	Y2
Weifang	pnoun	Z2
Weihai	pnoun	Z2
Wenzhou	pnoun	Z2
whisky	noun	F2
Wuhan	pnoun	Z2
Wuhu	pnoun	Z2
wulung	noun	A4.1 F2 L3 B3
Wuxi	pnoun	Z2
x	noun	Z5
X.	noun	N4
X.	num	N4
x.	noun	N4
x.	num	N4
Xaló	pnoun	Z2
Xantana	noun	O4.5/F1 N5+/F1
XBRL	abbr	Y2
xeixa	noun	L3
Xeraco	pnoun	Z2
Xeresa	pnoun	Z2
Xermade	pnoun	Z2
Xert	pnoun	Z2
Xerta	pnoun	Z2
Xi'an	pnoun	Z2
Xiamen	pnoun	Z2
Xiangtan	pnoun	Z2
Xiangyang	pnoun	Z2
Xilxes	pnoun	Z2
Xingtai	pnoun	Z2
Xining	pnoun	Z2
Xinxiang	pnoun	Z2
Xirivella	pnoun	Z2
Xixona	pnoun	Z2
Xodos	pnoun	Z2
Xove	pnoun	Z2
Xuzhou	pnoun	Z2
Xàbia	pnoun	Z2
Xàtiva	pnoun	Z2
xántica	adj	O1
y	conj	Z5 A1.8+
y	noun	Z5 A1.8+
Y.	noun	N4
Y.	num	N4
y.	noun	N4
y.	num	N4
ya	adv	Z5 T1.1.2 T2 A2.1+
Yaiza	pnoun	Z2
Yakarta	pnoun	Z2
Yamena	pnoun	Z2
Yancheng	pnoun	Z2
Yanguas	pnoun	Z2
Yangzhou	pnoun	Z2
Yantai	pnoun	Z2
Yaundé	pnoun	Z2
Yebes	pnoun	Z2
Yebra	pnoun	Z2
Yecla	pnoun	Z2
Yeles	pnoun	Z2
Yelo	pnoun	Z2
yema	noun	F1 Q1.1/B1
Yemen	pnoun	Z2
Yepes	pnoun	Z2
Yesa	pnoun	Z2
Yeste	pnoun	Z2
Yibuti	pnoun	Z2
Yichang	pnoun	Z2
Yida	pnoun	Z2
Yinchuan	pnoun	Z2
Yingkou	pnoun	Z2
Yiwu	pnoun	Z2
yo	pron	Z8mf
yodado	adj	O4 X3.1 B3
yogur	noun	F1
Yogyakarta	pnoun	Z2
Yongin	pnoun	Z2
york	noun	Z2
Yugoslavia	noun	Z2 Z3c M7
yugoslavo	adj	Z2 S2mf
Yuncler	pnoun	Z2
Yunclillos	pnoun	Z2
Yuncos	pnoun	Z2
Yunquera	pnoun	Z2
Yátova	pnoun	Z2
Yécora	pnoun	Z2
Yémeda	pnoun	Z2
Yésero	pnoun	Z2
z	noun	Z5
Z.	noun	N4
Z.	num	N4
z.	noun	N4
z.	num	N4
Zabaltza	pnoun	Z2
Zabalza	pnoun	Z2
Zael	pnoun	Z2
Zafarraya	pnoun	Z2
Zafra	pnoun	Z2
Zafrilla	pnoun	Z2
Zagra	pnoun	Z2
Zahara	pnoun	Z2
Zahínos	pnoun	Z2
Zaidín	pnoun	Z2
Zaldibar	pnoun	Z2
Zaldibia	pnoun	Z2
Zalduondo	pnoun	Z2
Zalla	pnoun	Z2
Zamarra	pnoun	Z2
Zamayón	pnoun	Z2
Zambia	noun	Z2 M7
Zambia	pnoun	Z2
Zambrana	pnoun	Z2
Zamora	noun	Z2 M7
Zamora	pnoun	Z2
zamorano	adj	Z2 S2.1 S2.2
Zamudio	pnoun	Z2
zanahoria	noun	F1 L3
zanahorio	adj	F1/L3
Zangoza	pnoun	Z2
Zaorejas	pnoun	Z2
Zaozhuang	pnoun	Z2
zapato	noun	B5 L2 O1 A10-
Zaragoza	pnoun	Z2
Zaragozano	adj	Z2 S2.1 S2.2
Zarapicos	pnoun	Z2
Zaratamo	pnoun	Z2
Zaratán	pnoun	Z2
Zarautz	pnoun	Z2
Zaria	pnoun	Z2
Zarra	pnoun	Z2
Zarratón	pnoun	Z2
zarza	noun	L3 S9 A1.9 A5.1- A15-E2-
Zarza-Capilla	pnoun	Z2
Zarzalejo	pnoun	Z2
zarzamora	adj	O4.3
zarzamora	noun	F1 L3
zarzaparilla	noun	L3 F2 B3
Zarzosa	pnoun	Z2
Zarzuela	pnoun	Z2
Zazuar	pnoun	Z2
Zeanuri	pnoun	Z2
Zeberio	pnoun	Z2
Zegama	pnoun	Z2
Zerain	pnoun	Z2
Zestoa	pnoun	Z2
Zhangjiakou	pnoun	Z2
Zhangzhou	pnoun	Z2
Zhanjiang	pnoun	Z2
Zhengzhou	pnoun	Z2
Zhenjiang	pnoun	Z2
Zhuhai	pnoun	Z2
Zhuzhou	pnoun	Z2
Zibo	pnoun	Z2
Zierbena	pnoun	Z2
Zigoitia	pnoun	Z2
Zimbabue	pnoun	Z2
Zimbabwe	pnoun	Z2
zinc	noun	O1
Ziordia	pnoun	Z2
Ziortza-Bolibar	pnoun	Z2
Zirauki	pnoun	Z2
Ziritza	pnoun	Z2
Zizurkil	pnoun	Z2
zona	noun	M7
zonas	noun	K5.1 H2 N5.1 M6
Zorita	pnoun	Z2
Zorraquín	pnoun	Z2
Zubieta	pnoun	Z2
Zucaina	pnoun	Z2
Zuera	pnoun	Z2
Zufre	pnoun	Z2
Zugarramurdi	pnoun	Z2
Zuheros	pnoun	Z2
Zuia	pnoun	Z2
Zumaia	pnoun	Z2
Zumarraga	pnoun	Z2
zumo	noun	F2
Zunyi	pnoun	Z2
Zurgena	pnoun	Z2
zurito	noun	F2
Zuñeda	pnoun	Z2
Zújar	pnoun	Z2
Zúrich	pnoun	Z2
Zúñiga	pnoun	Z2
ºc	noun	N3
Àger	pnoun	Z2
Ábalos	pnoun	Z2
ácido	adj	X3.1 X3.5
ácido	noun	O1 K2 F3
África	noun	Z2 M7 O4.6+
ágil	adj	B1 O4.6+
Ágreda	pnoun	Z2
Águilas	pnoun	Z2
Álava	pnoun	Z2
álgebra	noun	N2 P1
Álora	pnoun	Z2
ámbar	adj	O4.3
ámbar	noun	O2 O4.3
ámbito	noun	M7 X2.2 A4.1 S5 A1.7 A4.1 A6.1 W3
Ámsterdam	pnoun	Z2
Ángel	pnoun	Z1
ángel	noun	S9X1
Ángeles	pnoun	Z2
ángulo	noun	O4.4 K5.1 X4.1
ánimo	noun	S8+
árabe	adj	Z2 Z2 Q3 Z2 S2mf
árabe	noun	Z2 Z2 Q3 Z2 S2mf
árbol	noun	L3
Árchez	pnoun	Z2
área	noun	M7
árida	adj	O4.5
áspero	adj	X3.3 O4.5 E3- S1.2.4-
Ávila	pnoun	Z2
Écija	pnoun	Z2
él	pron	Z8m
énfasis	noun	A11.1+
Épila	pnoun	Z2
época	noun	Z5 T1.1
ésta	pron	Z5 Z8 S2.2
éste	adj	Z5 S2.1
ética	noun	G2.2
ético	adj	S2.1 S2.2 G2.2+
étnico	noun	S5+
éxito	noun	X9.2+
Íllar	pnoun	Z2
Íllora	pnoun	Z2
índice	noun	N3.8 Q4.1
íntegro	noun	N5.1+ A5.2+ A5.1+
íntimamente	adv	S3.2 A4.2+
Íscar	pnoun	Z2
Ítrabo	pnoun	Z2
Ñ	noun	Z5
ñ	noun	Z5
ñora	noun	L3/F1
Òdena	pnoun	Z2
Òrrius	pnoun	Z2
Ólvega	pnoun	Z2
ópera	noun	K2
óptimo	adj	A5.1+++
órgano	noun	B1 K2 Q4.2
Órgiva	pnoun	Z2
óseo	adj	B1
Úbeda	pnoun	Z2
última	adj	Z5 T1.1 A5 N4
último	adj	N4 T1.1 A5
últimos	adj	Z5 T1.1 A5 N4
única	adj	S2 A5 A6 A11.1+ A14
únicamente	adv	A14
único	adj	A6.1-
útil	adj	A1.5.2+
Ürümqi	pnoun	Z2
€	noun	I1
